event_id,session_id,user_id,campaign_id,campaign_name,event_type,channel,event_timestamp,revenue,click_through,device,country,ab_variant
EVT-00000000,SESS-41132,USR-0000194,CAMP-196,New Year,impression,search,2023-03-01 00:00:00,0.0,false,desktop,US,control
EVT-00000001,SESS-71631,USR-0000193,CAMP-194,Spring Launch,signup,search,2023-03-01 02:00:00,15.18,true,mobile,DE,A
EVT-00000002,SESS-75440,USR-0000189,CAMP-113,Black Friday,click,email,2023-03-01 04:00:00,0.0,true,mobile,US,B
EVT-00000003,SESS-59447,USR-0000006,CAMP-138,Black Friday,conversion,push,2023-03-01 06:00:00,0.0,true,desktop,CA,B
EVT-00000004,SESS-58684,USR-0000018,CAMP-123,Referral Program,signup,search,2023-03-01 08:00:00,0.0,true,mobile,DE,B
EVT-00000005,SESS-26247,USR-0000375,CAMP-144,New Year,conversion,display,2023-03-01 10:00:00,0.0,true,mobile,AU,control
EVT-00000006,SESS-57637,USR-0000127,CAMP-196,Black Friday,impression,push,2023-03-01 12:00:00,0.0,true,desktop,US,control
EVT-00000007,SESS-77636,USR-0000205,CAMP-175,Black Friday,impression,search,2023-03-01 14:00:00,0.0,false,mobile,AU,A
EVT-00000008,SESS-27571,USR-0000349,CAMP-176,New Year,impression,email,2023-03-01 16:00:00,0.0,false,desktop,AU,control
EVT-00000009,SESS-30881,USR-0000303,CAMP-141,Black Friday,purchase,push,2023-03-01 18:00:00,207.21,true,mobile,IN,control
EVT-00000010,SESS-72131,USR-0000180,CAMP-192,New Year,purchase,display,2023-03-01 20:00:00,0.0,false,mobile,CA,A
EVT-00000011,SESS-98360,USR-0000376,CAMP-191,Referral Program,conversion,push,2023-03-01 22:00:00,0.0,false,desktop,DE,A
EVT-00000012,SESS-45282,USR-0000079,CAMP-179,Spring Launch,impression,display,2023-03-02 00:00:00,0.0,false,mobile,CA,B
EVT-00000013,SESS-84548,USR-0000236,CAMP-180,Black Friday,impression,push,2023-03-02 02:00:00,0.0,true,desktop,AU,control
EVT-00000014,SESS-26447,USR-0000052,CAMP-164,New Year,signup,push,2023-03-02 04:00:00,13.52,false,desktop,GB,control
EVT-00000015,SESS-61274,USR-0000265,CAMP-109,New Year,impression,social,2023-03-02 06:00:00,0.0,false,desktop,CA,B
EVT-00000016,SESS-94939,USR-0000047,CAMP-128,Spring Launch,click,email,2023-03-02 08:00:00,0.0,true,mobile,AU,A
EVT-00000017,SESS-49739,USR-0000470,CAMP-176,Spring Launch,impression,email,2023-03-02 10:00:00,724.47,false,mobile,GB,A
EVT-00000018,SESS-55611,USR-0000329,CAMP-132,New Year,impression,display,2023-03-02 12:00:00,0.0,false,desktop,AU,control
EVT-00000019,SESS-23957,USR-0000122,CAMP-117,Black Friday,click,social,2023-03-02 14:00:00,0.0,false,mobile,IN,B
EVT-00000020,SESS-57522,USR-0000306,CAMP-193,Spring Launch,purchase,search,2023-03-02 16:00:00,0.0,false,desktop,CA,B
EVT-00000021,SESS-62707,USR-0000174,CAMP-148,Summer Sale,conversion,display,2023-03-02 18:00:00,0.0,false,desktop,GB,control
EVT-00000022,SESS-98322,USR-0000259,CAMP-185,Spring Launch,click,search,2023-03-02 20:00:00,0.0,false,mobile,GB,A
EVT-00000023,SESS-28086,USR-0000083,CAMP-128,Referral Program,impression,email,2023-03-02 22:00:00,0.0,true,mobile,IN,A
EVT-00000024,SESS-42976,USR-0000250,CAMP-135,Spring Launch,signup,social,2023-03-03 00:00:00,0.0,true,desktop,IN,control
EVT-00000025,SESS-68252,USR-0000053,CAMP-133,New Year,click,email,2023-03-03 02:00:00,175.18,false,desktop,DE,A
EVT-00000026,SESS-94870,USR-0000076,CAMP-136,Referral Program,click,social,2023-03-03 04:00:00,0.0,true,mobile,GB,control
EVT-00000027,SESS-31408,USR-0000292,CAMP-143,New Year,click,display,2023-03-03 06:00:00,0.0,false,desktop,AU,control
EVT-00000028,SESS-72542,USR-0000250,CAMP-129,New Year,impression,search,2023-03-03 08:00:00,26.57,true,desktop,US,A
EVT-00000029,SESS-89139,USR-0000146,CAMP-180,Referral Program,impression,display,2023-03-03 10:00:00,0.0,false,mobile,GB,B
EVT-00000030,SESS-66977,USR-0000029,CAMP-132,Summer Sale,signup,email,2023-03-03 12:00:00,0.0,false,mobile,DE,control
EVT-00000031,SESS-48412,USR-0000211,CAMP-143,Spring Launch,click,display,2023-03-03 14:00:00,0.0,false,desktop,GB,B
EVT-00000032,SESS-31097,USR-0000462,CAMP-185,Spring Launch,impression,search,2023-03-03 16:00:00,0.0,false,desktop,IN,A
EVT-00000033,SESS-35924,USR-0000354,CAMP-143,New Year,impression,social,2023-03-03 18:00:00,0.0,false,tablet,DE,A
EVT-00000034,SESS-14657,USR-0000029,CAMP-101,Summer Sale,purchase,display,2023-03-03 20:00:00,0.0,false,mobile,GB,A
EVT-00000035,SESS-23682,USR-0000468,CAMP-100,Spring Launch,click,email,2023-03-03 22:00:00,0.0,false,desktop,CA,A
EVT-00000036,SESS-49400,USR-0000211,CAMP-143,Black Friday,click,search,2023-03-04 00:00:00,0.0,false,desktop,CA,A
EVT-00000037,SESS-22644,USR-0000287,CAMP-164,Referral Program,impression,search,2023-03-04 02:00:00,0.0,true,desktop,CA,A
EVT-00000038,SESS-10915,USR-0000000,CAMP-193,Spring Launch,purchase,email,2023-03-04 04:00:00,0.0,false,mobile,IN,control
EVT-00000039,SESS-72340,USR-0000155,CAMP-112,Black Friday,signup,push,2023-03-04 06:00:00,0.0,false,mobile,IN,B
EVT-00000040,SESS-16390,USR-0000393,CAMP-153,New Year,click,social,2023-03-04 08:00:00,0.0,false,mobile,CA,A
EVT-00000041,SESS-22700,USR-0000165,CAMP-128,Summer Sale,impression,email,2023-03-04 10:00:00,0.0,false,mobile,AU,A
EVT-00000042,SESS-63578,USR-0000083,CAMP-144,New Year,click,search,2023-03-04 12:00:00,0.0,false,mobile,AU,A
EVT-00000043,SESS-92963,USR-0000045,CAMP-143,Summer Sale,conversion,push,2023-03-04 14:00:00,0.0,false,desktop,GB,A
EVT-00000044,SESS-75201,USR-0000462,CAMP-130,Referral Program,conversion,display,2023-03-04 16:00:00,0.0,false,mobile,CA,control
EVT-00000045,SESS-12927,USR-0000406,CAMP-101,Spring Launch,purchase,display,2023-03-04 18:00:00,0.0,false,tablet,DE,A
EVT-00000046,SESS-25115,USR-0000021,CAMP-107,Black Friday,click,push,2023-03-04 20:00:00,13.19,false,mobile,AU,B
EVT-00000047,SESS-76631,USR-0000462,CAMP-151,Referral Program,impression,email,2023-03-04 22:00:00,0.0,true,desktop,AU,B
EVT-00000048,SESS-75924,USR-0000410,CAMP-122,Summer Sale,click,search,2023-03-05 00:00:00,0.0,false,mobile,US,A
EVT-00000049,SESS-45191,USR-0000179,CAMP-132,New Year,conversion,social,2023-03-05 02:00:00,0.0,true,desktop,US,A
EVT-00000050,SESS-95474,USR-0000328,CAMP-108,Summer Sale,impression,display,2023-03-05 04:00:00,0.0,true,desktop,US,A
EVT-00000051,SESS-89961,USR-0000128,CAMP-104,Summer Sale,impression,push,2023-03-05 06:00:00,131.33,true,desktop,DE,A
EVT-00000052,SESS-76885,USR-0000124,CAMP-112,Black Friday,click,email,2023-03-05 08:00:00,0.0,false,mobile,CA,control
EVT-00000053,SESS-77339,USR-0000357,CAMP-137,Black Friday,impression,email,2023-03-05 10:00:00,0.0,true,mobile,US,control
EVT-00000054,SESS-80623,USR-0000101,CAMP-116,Spring Launch,conversion,push,2023-03-05 12:00:00,0.0,true,tablet,US,B
EVT-00000055,SESS-23358,USR-0000177,CAMP-122,Referral Program,impression,search,2023-03-05 14:00:00,0.0,true,mobile,IN,control
EVT-00000056,SESS-73063,USR-0000178,CAMP-129,Spring Launch,impression,social,2023-03-05 16:00:00,0.0,false,desktop,IN,control
EVT-00000057,SESS-94590,USR-0000075,CAMP-128,Spring Launch,impression,email,2023-03-05 18:00:00,0.0,false,mobile,US,control
EVT-00000058,SESS-30226,USR-0000414,CAMP-101,New Year,click,social,2023-03-05 20:00:00,0.0,false,mobile,DE,A
EVT-00000059,SESS-11318,USR-0000336,CAMP-111,Black Friday,conversion,email,2023-03-05 22:00:00,0.0,false,desktop,CA,control
EVT-00000060,SESS-42479,USR-0000430,CAMP-194,Black Friday,click,social,2023-03-06 00:00:00,0.0,true,desktop,GB,B
EVT-00000061,SESS-34265,USR-0000261,CAMP-166,Referral Program,click,email,2023-03-06 02:00:00,0.0,false,desktop,US,B
EVT-00000062,SESS-95433,USR-0000087,CAMP-112,New Year,impression,email,2023-03-06 04:00:00,0.0,true,mobile,GB,control
EVT-00000063,SESS-50129,USR-0000139,CAMP-128,New Year,click,push,2023-03-06 06:00:00,0.0,false,desktop,GB,B
EVT-00000064,SESS-69508,USR-0000176,CAMP-137,Summer Sale,purchase,display,2023-03-06 08:00:00,0.0,false,tablet,IN,A
EVT-00000065,SESS-98373,USR-0000470,CAMP-189,New Year,conversion,push,2023-03-06 10:00:00,0.0,false,mobile,US,A
EVT-00000066,SESS-81011,USR-0000118,CAMP-187,Spring Launch,impression,social,2023-03-06 12:00:00,84.66,true,mobile,IN,A
EVT-00000067,SESS-77415,USR-0000346,CAMP-176,New Year,click,social,2023-03-06 14:00:00,0.0,true,mobile,US,A
EVT-00000068,SESS-97181,USR-0000061,CAMP-110,Spring Launch,impression,social,2023-03-06 16:00:00,0.0,false,desktop,AU,B
EVT-00000069,SESS-71995,USR-0000477,CAMP-148,Referral Program,impression,search,2023-03-06 18:00:00,0.0,false,mobile,IN,control
EVT-00000070,SESS-30829,USR-0000323,CAMP-147,Summer Sale,impression,email,2023-03-06 20:00:00,0.0,false,desktop,US,B
EVT-00000071,SESS-75409,USR-0000215,CAMP-163,Referral Program,impression,social,2023-03-06 22:00:00,238.13,false,mobile,US,B
EVT-00000072,SESS-38951,USR-0000172,CAMP-183,Referral Program,impression,push,2023-03-07 00:00:00,0.0,false,desktop,IN,A
EVT-00000073,SESS-39782,USR-0000177,CAMP-131,New Year,conversion,social,2023-03-07 02:00:00,0.0,true,desktop,DE,B
EVT-00000074,SESS-68031,USR-0000112,CAMP-155,Spring Launch,impression,display,2023-03-07 04:00:00,0.0,false,mobile,GB,control
EVT-00000075,SESS-38393,USR-0000299,CAMP-126,Summer Sale,conversion,social,2023-03-07 06:00:00,0.0,true,mobile,GB,A
EVT-00000076,SESS-12192,USR-0000432,CAMP-120,Black Friday,purchase,push,2023-03-07 08:00:00,0.0,false,mobile,DE,B
EVT-00000077,SESS-99959,USR-0000120,CAMP-131,Summer Sale,click,display,2023-03-07 10:00:00,0.0,false,mobile,IN,control
EVT-00000078,SESS-61409,USR-0000374,CAMP-172,Spring Launch,click,push,2023-03-07 12:00:00,0.0,false,mobile,US,B
EVT-00000079,SESS-70300,USR-0000283,CAMP-143,Referral Program,conversion,search,2023-03-07 14:00:00,0.0,false,desktop,IN,B
EVT-00000080,SESS-82781,USR-0000386,CAMP-167,Spring Launch,impression,push,2023-03-07 16:00:00,0.0,true,mobile,GB,A
EVT-00000081,SESS-67106,USR-0000384,CAMP-168,Spring Launch,impression,social,2023-03-07 18:00:00,20.65,false,mobile,CA,control
EVT-00000082,SESS-64939,USR-0000019,CAMP-135,Summer Sale,click,search,2023-03-07 20:00:00,0.0,false,mobile,AU,B
EVT-00000083,SESS-81264,USR-0000010,CAMP-194,Referral Program,conversion,email,2023-03-07 22:00:00,0.0,false,mobile,GB,A
EVT-00000084,SESS-36585,USR-0000457,CAMP-104,Summer Sale,conversion,email,2023-03-08 00:00:00,0.0,false,desktop,GB,B
EVT-00000085,SESS-84559,USR-0000077,CAMP-188,New Year,conversion,display,2023-03-08 02:00:00,0.0,false,mobile,US,control
EVT-00000086,SESS-75168,USR-0000287,CAMP-100,Spring Launch,click,social,2023-03-08 04:00:00,0.0,true,mobile,AU,control
EVT-00000087,SESS-26389,USR-0000376,CAMP-137,Referral Program,click,email,2023-03-08 06:00:00,0.0,false,mobile,CA,A
EVT-00000088,SESS-23142,USR-0000251,CAMP-181,Referral Program,conversion,social,2023-03-08 08:00:00,0.0,false,tablet,GB,B
EVT-00000089,SESS-89171,USR-0000003,CAMP-167,New Year,signup,social,2023-03-08 10:00:00,0.0,true,desktop,DE,control
EVT-00000090,SESS-90528,USR-0000005,CAMP-131,New Year,click,display,2023-03-08 12:00:00,0.0,false,mobile,GB,control
EVT-00000091,SESS-99421,USR-0000334,CAMP-187,New Year,purchase,email,2023-03-08 14:00:00,0.0,false,desktop,CA,B
EVT-00000092,SESS-19082,USR-0000448,CAMP-113,New Year,signup,email,2023-03-08 16:00:00,0.0,true,desktop,GB,A
EVT-00000093,SESS-90604,USR-0000171,CAMP-166,Spring Launch,click,display,2023-03-08 18:00:00,0.0,true,desktop,US,control
EVT-00000094,SESS-87713,USR-0000271,CAMP-151,Spring Launch,impression,email,2023-03-08 20:00:00,0.0,false,mobile,CA,B
EVT-00000095,SESS-79082,USR-0000466,CAMP-120,New Year,impression,search,2023-03-08 22:00:00,0.0,false,desktop,CA,B
EVT-00000096,SESS-54802,USR-0000412,CAMP-191,New Year,conversion,display,2023-03-09 00:00:00,0.0,true,desktop,IN,control
EVT-00000097,SESS-55765,USR-0000270,CAMP-175,Summer Sale,impression,search,2023-03-09 02:00:00,0.0,true,mobile,CA,B
EVT-00000098,SESS-48577,USR-0000327,CAMP-100,Summer Sale,click,email,2023-03-09 04:00:00,0.0,true,mobile,GB,B
EVT-00000099,SESS-12633,,CAMP-108,New Year,click,display,2023-03-09 06:00:00,0.0,true,mobile,GB,A
EVT-00000100,SESS-55059,USR-0000398,CAMP-105,Black Friday,signup,email,2023-03-09 08:00:00,0.0,false,mobile,DE,control
EVT-00000101,SESS-31344,USR-0000207,CAMP-141,Spring Launch,conversion,social,2023-03-09 10:00:00,0.0,true,mobile,DE,B
EVT-00000102,SESS-28018,USR-0000346,CAMP-141,Referral Program,conversion,email,2023-03-09 12:00:00,0.0,true,desktop,IN,control
EVT-00000103,SESS-15031,USR-0000164,CAMP-171,Spring Launch,impression,search,2023-03-09 14:00:00,29.99,true,desktop,AU,A
EVT-00000104,SESS-51191,USR-0000460,CAMP-166,Referral Program,impression,display,2023-03-09 16:00:00,0.0,false,mobile,AU,control
EVT-00000105,SESS-14309,USR-0000046,CAMP-101,New Year,click,display,2023-03-09 18:00:00,0.0,false,mobile,US,B
EVT-00000106,SESS-86473,USR-0000112,CAMP-147,Referral Program,impression,email,2023-03-09 20:00:00,0.0,false,desktop,CA,A
EVT-00000107,SESS-90054,USR-0000173,CAMP-177,Referral Program,click,social,2023-03-09 22:00:00,0.0,false,mobile,US,A
EVT-00000108,SESS-82085,USR-0000101,CAMP-188,Summer Sale,purchase,email,2023-03-10 00:00:00,0.0,false,mobile,DE,A
EVT-00000109,SESS-37088,USR-0000297,CAMP-128,Spring Launch,click,social,2023-03-10 02:00:00,0.0,false,desktop,IN,A
EVT-00000110,SESS-24674,USR-0000356,CAMP-104,New Year,click,social,2023-03-10 04:00:00,71.86,false,mobile,IN,B
EVT-00000111,SESS-55418,USR-0000445,CAMP-115,Referral Program,click,display,2023-03-10 06:00:00,0.0,false,mobile,US,control
EVT-00000112,SESS-70607,USR-0000250,CAMP-133,New Year,conversion,display,2023-03-10 08:00:00,0.0,true,desktop,IN,control
EVT-00000113,SESS-11852,USR-0000310,CAMP-143,Summer Sale,impression,push,2023-03-10 10:00:00,0.0,false,desktop,US,control
EVT-00000114,SESS-87114,USR-0000299,CAMP-134,Black Friday,click,social,2023-03-10 12:00:00,0.0,false,mobile,CA,B
EVT-00000115,SESS-49470,USR-0000001,CAMP-108,Summer Sale,impression,email,2023-03-10 14:00:00,0.0,false,desktop,US,B
EVT-00000116,SESS-83778,USR-0000354,CAMP-133,Black Friday,click,email,2023-03-10 16:00:00,86.8,true,desktop,IN,A
EVT-00000117,SESS-17017,USR-0000011,CAMP-128,Summer Sale,impression,push,2023-03-10 18:00:00,0.0,false,mobile,GB,A
EVT-00000118,SESS-48306,USR-0000273,CAMP-148,Spring Launch,click,push,2023-03-10 20:00:00,0.0,false,desktop,GB,B
EVT-00000119,SESS-51248,USR-0000499,CAMP-107,New Year,conversion,social,2023-03-10 22:00:00,0.0,true,mobile,IN,control
EVT-00000120,SESS-14328,USR-0000393,CAMP-178,Spring Launch,impression,push,2023-03-11 00:00:00,0.0,true,mobile,CA,A
EVT-00000121,SESS-73669,USR-0000253,CAMP-141,Referral Program,click,search,2023-03-11 02:00:00,0.0,true,mobile,IN,A
EVT-00000122,SESS-93804,USR-0000159,CAMP-131,Spring Launch,impression,email,2023-03-11 04:00:00,0.0,false,mobile,CA,A
EVT-00000123,SESS-58653,USR-0000418,CAMP-189,New Year,impression,social,2023-03-11 06:00:00,0.0,false,mobile,AU,A
EVT-00000124,SESS-45629,USR-0000429,CAMP-173,Black Friday,impression,social,2023-03-11 08:00:00,0.0,false,desktop,IN,A
EVT-00000125,SESS-67244,USR-0000184,CAMP-113,Spring Launch,impression,display,2023-03-11 10:00:00,0.0,false,mobile,CA,A
EVT-00000126,SESS-42487,USR-0000053,CAMP-114,New Year,purchase,email,2023-03-11 12:00:00,0.0,false,desktop,IN,A
EVT-00000127,SESS-42377,USR-0000291,CAMP-100,Spring Launch,purchase,email,2023-03-11 14:00:00,0.0,false,mobile,DE,B
EVT-00000128,SESS-78355,USR-0000317,CAMP-155,Summer Sale,click,display,2023-03-11 16:00:00,0.0,true,desktop,AU,control
EVT-00000129,SESS-63180,USR-0000467,CAMP-135,Summer Sale,click,social,2023-03-11 18:00:00,11.11,true,mobile,DE,A
EVT-00000130,SESS-33757,USR-0000445,CAMP-137,Summer Sale,conversion,social,2023-03-11 20:00:00,0.0,false,mobile,AU,A
EVT-00000131,SESS-46669,USR-0000114,CAMP-150,Spring Launch,signup,push,2023-03-11 22:00:00,0.0,true,desktop,US,control
EVT-00000132,SESS-85126,USR-0000126,CAMP-153,New Year,click,push,2023-03-12 00:00:00,0.0,true,desktop,IN,A
EVT-00000133,SESS-57583,USR-0000498,CAMP-100,Black Friday,impression,search,2023-03-12 02:00:00,0.0,false,mobile,DE,control
EVT-00000134,SESS-16844,USR-0000163,CAMP-110,Black Friday,click,push,2023-03-12 04:00:00,0.0,false,mobile,GB,B
EVT-00000135,SESS-87130,USR-0000229,CAMP-178,Spring Launch,purchase,push,2023-03-12 06:00:00,0.0,true,desktop,CA,control
EVT-00000136,SESS-76663,USR-0000152,CAMP-194,Referral Program,impression,search,2023-03-12 08:00:00,0.0,false,desktop,GB,A
EVT-00000137,SESS-34019,USR-0000196,CAMP-182,Referral Program,click,push,2023-03-12 10:00:00,0.0,false,mobile,GB,A
EVT-00000138,SESS-96920,USR-0000282,CAMP-189,New Year,impression,email,2023-03-12 12:00:00,16.44,false,desktop,GB,B
EVT-00000139,SESS-95664,USR-0000146,CAMP-145,Spring Launch,impression,email,2023-03-12 14:00:00,24.49,false,mobile,AU,A
EVT-00000140,SESS-99618,USR-0000206,CAMP-181,Summer Sale,click,push,2023-03-12 16:00:00,0.0,true,mobile,US,A
EVT-00000141,SESS-44001,USR-0000176,CAMP-187,Referral Program,impression,email,2023-03-12 18:00:00,0.0,true,desktop,US,control
EVT-00000142,SESS-93141,USR-0000053,CAMP-188,Summer Sale,purchase,display,2023-03-12 20:00:00,0.0,true,tablet,AU,A
EVT-00000143,SESS-82574,USR-0000393,CAMP-114,Black Friday,conversion,search,2023-03-12 22:00:00,0.0,false,mobile,GB,B
EVT-00000144,SESS-88367,USR-0000445,CAMP-114,Spring Launch,impression,display,2023-03-13 00:00:00,0.0,false,mobile,US,control
EVT-00000145,SESS-59237,USR-0000246,CAMP-139,Referral Program,conversion,display,2023-03-13 02:00:00,0.0,false,mobile,GB,A
EVT-00000146,SESS-35098,USR-0000102,CAMP-149,Summer Sale,conversion,email,2023-03-13 04:00:00,0.0,false,desktop,IN,A
EVT-00000147,SESS-30410,USR-0000321,CAMP-194,Spring Launch,click,social,2023-03-13 06:00:00,0.0,true,mobile,US,B
EVT-00000148,SESS-96997,USR-0000267,CAMP-131,Summer Sale,click,display,2023-03-13 08:00:00,0.0,true,mobile,CA,A
EVT-00000149,SESS-55219,USR-0000275,CAMP-182,Summer Sale,conversion,push,2023-03-13 10:00:00,26.29,true,mobile,US,control
EVT-00000150,SESS-93509,USR-0000297,CAMP-187,New Year,impression,push,2023-03-13 12:00:00,0.0,false,desktop,IN,A
EVT-00000151,SESS-59923,USR-0000358,CAMP-195,New Year,impression,push,2023-03-13 14:00:00,0.0,false,mobile,GB,A
EVT-00000152,SESS-58092,USR-0000020,CAMP-118,Black Friday,impression,push,2023-03-13 16:00:00,0.0,false,desktop,GB,A
EVT-00000153,SESS-16591,USR-0000049,CAMP-123,Referral Program,impression,push,2023-03-13 18:00:00,0.0,true,mobile,US,A
EVT-00000154,SESS-46186,USR-0000047,CAMP-121,Spring Launch,click,search,2023-03-13 20:00:00,0.0,false,mobile,CA,A
EVT-00000155,SESS-60053,USR-0000077,CAMP-172,New Year,impression,social,2023-03-13 22:00:00,0.0,true,mobile,CA,B
EVT-00000156,SESS-19833,USR-0000485,CAMP-167,New Year,click,search,2023-03-14 00:00:00,16.48,false,mobile,US,B
EVT-00000157,SESS-24582,USR-0000365,CAMP-140,New Year,click,display,2023-03-14 02:00:00,0.0,true,mobile,GB,B
EVT-00000158,SESS-63156,USR-0000332,CAMP-108,Summer Sale,conversion,search,2023-03-14 04:00:00,0.0,false,mobile,CA,A
EVT-00000159,SESS-32332,USR-0000349,CAMP-151,Spring Launch,click,push,2023-03-14 06:00:00,0.0,true,mobile,IN,A
EVT-00000160,SESS-73048,USR-0000016,CAMP-172,Spring Launch,signup,display,2023-03-14 08:00:00,13.97,true,mobile,US,A
EVT-00000161,SESS-51436,USR-0000106,CAMP-146,New Year,signup,social,2023-03-14 10:00:00,0.0,false,mobile,US,A
EVT-00000162,SESS-46359,USR-0000397,CAMP-126,New Year,impression,push,2023-03-14 12:00:00,0.0,false,mobile,IN,control
EVT-00000163,SESS-20564,USR-0000231,CAMP-158,Referral Program,click,push,2023-03-14 14:00:00,41.76,false,mobile,DE,A
EVT-00000164,SESS-46542,USR-0000254,CAMP-165,Spring Launch,impression,search,2023-03-14 16:00:00,0.0,true,mobile,DE,A
EVT-00000165,SESS-58798,USR-0000375,CAMP-158,Black Friday,conversion,email,2023-03-14 18:00:00,0.0,false,desktop,US,B
EVT-00000166,SESS-61597,USR-0000037,CAMP-186,Summer Sale,click,social,2023-03-14 20:00:00,0.0,true,tablet,IN,A
EVT-00000167,SESS-34316,USR-0000399,CAMP-131,Referral Program,impression,push,2023-03-14 22:00:00,0.0,false,desktop,GB,B
EVT-00000168,SESS-12500,USR-0000340,CAMP-160,Spring Launch,impression,email,2023-03-15 00:00:00,88.59,false,mobile,DE,B
EVT-00000169,SESS-94132,USR-0000201,CAMP-184,Spring Launch,impression,search,2023-03-15 02:00:00,0.0,false,tablet,GB,control
EVT-00000170,SESS-96206,USR-0000249,CAMP-121,Black Friday,conversion,display,2023-03-15 04:00:00,0.0,true,tablet,GB,A
EVT-00000171,SESS-91370,USR-0000037,CAMP-127,Summer Sale,conversion,social,2023-03-15 06:00:00,0.0,false,mobile,AU,A
EVT-00000172,SESS-36091,USR-0000102,CAMP-104,New Year,impression,push,2023-03-15 08:00:00,0.0,true,mobile,DE,control
EVT-00000173,SESS-64233,USR-0000123,CAMP-137,Spring Launch,impression,search,2023-03-15 10:00:00,0.0,false,desktop,IN,B
EVT-00000174,SESS-22680,USR-0000438,CAMP-104,Black Friday,impression,email,2023-03-15 12:00:00,31.46,false,tablet,US,A
EVT-00000175,SESS-91499,,CAMP-173,New Year,click,social,2023-03-15 14:00:00,0.0,false,desktop,US,B
EVT-00000176,SESS-10493,,CAMP-108,Referral Program,impression,social,2023-03-15 16:00:00,180.55,false,desktop,AU,B
EVT-00000177,SESS-52359,USR-0000065,CAMP-168,Black Friday,impression,social,2023-03-15 18:00:00,0.0,true,desktop,CA,control
EVT-00000178,SESS-87119,USR-0000142,CAMP-157,Black Friday,signup,push,2023-03-15 20:00:00,0.0,true,tablet,DE,control
EVT-00000179,SESS-75299,USR-0000005,CAMP-197,Black Friday,click,social,2023-03-15 22:00:00,0.0,false,mobile,US,B
EVT-00000180,SESS-87687,USR-0000136,CAMP-134,Referral Program,click,search,2023-03-16 00:00:00,0.0,false,mobile,IN,A
EVT-00000181,SESS-54672,USR-0000361,CAMP-134,New Year,click,search,2023-03-16 02:00:00,0.0,false,desktop,GB,control
EVT-00000182,SESS-18577,USR-0000383,CAMP-124,Referral Program,click,social,2023-03-16 04:00:00,0.0,false,mobile,US,A
EVT-00000183,SESS-10704,USR-0000189,CAMP-153,Referral Program,click,search,2023-03-16 06:00:00,0.0,false,mobile,US,control
EVT-00000184,SESS-23701,USR-0000353,CAMP-121,New Year,impression,social,2023-03-16 08:00:00,0.0,false,mobile,IN,B
EVT-00000185,SESS-15178,USR-0000309,CAMP-111,Summer Sale,impression,email,2023-03-16 10:00:00,0.0,false,mobile,IN,B
EVT-00000186,SESS-50310,USR-0000451,CAMP-193,Black Friday,purchase,search,2023-03-16 12:00:00,0.0,true,mobile,DE,control
EVT-00000187,SESS-14549,USR-0000402,CAMP-167,New Year,signup,search,2023-03-16 14:00:00,0.0,true,desktop,AU,B
EVT-00000188,SESS-26713,USR-0000114,CAMP-111,Black Friday,click,email,2023-03-16 16:00:00,0.0,false,mobile,GB,B
EVT-00000189,SESS-47746,USR-0000294,CAMP-161,Summer Sale,impression,display,2023-03-16 18:00:00,0.0,true,desktop,GB,A
EVT-00000190,SESS-76223,USR-0000393,CAMP-130,Referral Program,impression,display,2023-03-16 20:00:00,0.0,true,mobile,AU,B
EVT-00000191,SESS-70680,USR-0000152,CAMP-117,Black Friday,impression,social,2023-03-16 22:00:00,0.0,true,tablet,GB,A
EVT-00000192,SESS-15223,USR-0000286,CAMP-146,Spring Launch,purchase,search,2023-03-17 00:00:00,0.0,false,desktop,US,A
EVT-00000193,SESS-91295,USR-0000200,CAMP-177,Referral Program,conversion,social,2023-03-17 02:00:00,0.0,false,tablet,CA,A
EVT-00000194,SESS-59473,USR-0000154,CAMP-100,New Year,click,display,2023-03-17 04:00:00,0.0,false,mobile,GB,B
EVT-00000195,SESS-41398,,CAMP-135,Spring Launch,purchase,email,2023-03-17 06:00:00,0.0,true,mobile,US,control
EVT-00000196,SESS-44450,USR-0000017,CAMP-191,Summer Sale,impression,display,2023-03-17 08:00:00,0.0,false,desktop,AU,A
EVT-00000197,SESS-86356,USR-0000374,CAMP-139,Spring Launch,click,email,2023-03-17 10:00:00,0.0,false,desktop,DE,A
EVT-00000198,SESS-51844,USR-0000409,CAMP-109,Referral Program,impression,email,2023-03-17 12:00:00,0.0,false,mobile,US,B
EVT-00000199,SESS-32124,USR-0000325,CAMP-142,Referral Program,impression,social,2023-03-17 14:00:00,0.0,false,desktop,CA,A
EVT-00000200,SESS-48227,USR-0000120,CAMP-167,Summer Sale,purchase,email,2023-03-17 16:00:00,0.0,false,desktop,GB,A
EVT-00000201,SESS-16158,USR-0000009,CAMP-198,Black Friday,signup,search,2023-03-17 18:00:00,0.0,false,mobile,AU,B
EVT-00000202,SESS-23784,USR-0000315,CAMP-162,Summer Sale,impression,email,2023-03-17 20:00:00,0.0,false,desktop,DE,B
EVT-00000203,SESS-38311,USR-0000099,CAMP-105,Referral Program,impression,social,2023-03-17 22:00:00,222.4,true,mobile,AU,A
EVT-00000204,SESS-29825,USR-0000274,CAMP-180,Black Friday,click,email,2023-03-18 00:00:00,0.0,false,mobile,AU,A
EVT-00000205,SESS-41436,USR-0000485,CAMP-177,New Year,impression,push,2023-03-18 02:00:00,0.0,false,desktop,AU,A
EVT-00000206,SESS-15832,USR-0000002,CAMP-164,New Year,click,display,2023-03-18 04:00:00,0.0,false,mobile,US,control
EVT-00000207,SESS-64904,USR-0000288,CAMP-188,Spring Launch,click,social,2023-03-18 06:00:00,0.0,false,desktop,CA,B
EVT-00000208,SESS-20375,USR-0000497,CAMP-176,Referral Program,impression,email,2023-03-18 08:00:00,0.0,true,desktop,US,control
EVT-00000209,SESS-29526,USR-0000167,CAMP-122,Black Friday,impression,push,2023-03-18 10:00:00,12.59,false,tablet,GB,A
EVT-00000210,SESS-98009,,CAMP-141,Spring Launch,impression,display,2023-03-18 12:00:00,0.0,true,mobile,IN,control
EVT-00000211,SESS-10531,USR-0000414,CAMP-150,Black Friday,purchase,push,2023-03-18 14:00:00,0.0,true,mobile,GB,A
EVT-00000212,SESS-35180,USR-0000243,CAMP-148,Summer Sale,impression,email,2023-03-18 16:00:00,0.0,false,mobile,DE,control
EVT-00000213,SESS-55016,USR-0000153,CAMP-163,Summer Sale,click,social,2023-03-18 18:00:00,0.0,false,desktop,US,control
EVT-00000214,SESS-37631,USR-0000340,CAMP-169,Black Friday,impression,email,2023-03-18 20:00:00,0.0,false,mobile,IN,B
EVT-00000215,SESS-38847,USR-0000309,CAMP-110,New Year,click,search,2023-03-18 22:00:00,0.0,true,desktop,IN,control
EVT-00000216,SESS-21439,USR-0000238,CAMP-156,Spring Launch,impression,email,2023-03-19 00:00:00,0.0,true,mobile,DE,control
EVT-00000217,SESS-48105,USR-0000096,CAMP-103,Referral Program,impression,email,2023-03-19 02:00:00,0.0,false,mobile,DE,control
EVT-00000218,SESS-77964,USR-0000372,CAMP-150,New Year,click,search,2023-03-19 04:00:00,0.0,false,desktop,AU,A
EVT-00000219,SESS-62911,USR-0000105,CAMP-141,New Year,click,push,2023-03-19 06:00:00,0.0,false,desktop,US,A
EVT-00000220,SESS-93171,USR-0000067,CAMP-120,Summer Sale,impression,display,2023-03-19 08:00:00,0.0,false,mobile,CA,control
EVT-00000221,SESS-72972,USR-0000033,CAMP-198,Referral Program,impression,display,2023-03-19 10:00:00,0.0,false,desktop,IN,control
EVT-00000222,SESS-81076,USR-0000223,CAMP-125,Black Friday,purchase,push,2023-03-19 12:00:00,0.0,false,mobile,IN,B
EVT-00000223,SESS-48850,USR-0000060,CAMP-105,Spring Launch,impression,push,2023-03-19 14:00:00,192.07,false,desktop,DE,A
EVT-00000224,SESS-65134,USR-0000167,CAMP-135,Spring Launch,impression,email,2023-03-19 16:00:00,0.0,false,mobile,US,B
EVT-00000225,SESS-62033,USR-0000120,CAMP-174,Referral Program,impression,social,2023-03-19 18:00:00,42.05,false,mobile,AU,B
EVT-00000226,SESS-83190,USR-0000229,CAMP-100,Referral Program,impression,display,2023-03-19 20:00:00,0.0,false,mobile,GB,B
EVT-00000227,SESS-55097,USR-0000388,CAMP-148,Spring Launch,click,push,2023-03-19 22:00:00,0.0,false,mobile,CA,B
EVT-00000228,SESS-46380,USR-0000225,CAMP-141,Spring Launch,click,display,2023-03-20 00:00:00,0.0,false,desktop,US,control
EVT-00000229,SESS-16304,USR-0000278,CAMP-185,Summer Sale,click,display,2023-03-20 02:00:00,0.0,false,mobile,CA,B
EVT-00000230,SESS-87353,,CAMP-100,Summer Sale,click,social,2023-03-20 04:00:00,0.0,false,mobile,IN,control
EVT-00000231,SESS-49197,USR-0000056,CAMP-101,New Year,impression,social,2023-03-20 06:00:00,0.0,false,mobile,DE,A
EVT-00000232,SESS-81865,USR-0000488,CAMP-155,Spring Launch,conversion,email,2023-03-20 08:00:00,0.0,false,mobile,CA,control
EVT-00000233,SESS-71030,USR-0000309,CAMP-117,Spring Launch,impression,social,2023-03-20 10:00:00,0.0,true,desktop,US,control
EVT-00000234,SESS-10155,USR-0000007,CAMP-169,Black Friday,impression,email,2023-03-20 12:00:00,0.0,true,mobile,IN,B
EVT-00000235,SESS-68620,USR-0000282,CAMP-127,New Year,click,push,2023-03-20 14:00:00,0.0,false,desktop,CA,B
EVT-00000236,SESS-53900,USR-0000005,CAMP-155,Referral Program,impression,email,2023-03-20 16:00:00,99.59,false,desktop,US,B
EVT-00000237,SESS-31579,USR-0000038,CAMP-103,Summer Sale,impression,social,2023-03-20 18:00:00,30.87,false,mobile,US,B
EVT-00000238,SESS-33815,USR-0000186,CAMP-168,Black Friday,impression,push,2023-03-20 20:00:00,0.0,true,desktop,DE,control
EVT-00000239,SESS-67415,USR-0000328,CAMP-151,Referral Program,click,push,2023-03-20 22:00:00,0.0,false,mobile,US,A
EVT-00000240,SESS-17760,USR-0000310,CAMP-100,Summer Sale,impression,social,2023-03-21 00:00:00,0.0,false,mobile,CA,B
EVT-00000241,SESS-64567,USR-0000395,CAMP-126,Black Friday,click,search,2023-03-21 02:00:00,0.0,true,mobile,CA,control
EVT-00000242,SESS-86156,USR-0000089,CAMP-105,New Year,conversion,search,2023-03-21 04:00:00,0.0,true,mobile,GB,B
EVT-00000243,SESS-17815,USR-0000095,CAMP-104,Spring Launch,click,push,2023-03-21 06:00:00,0.0,false,mobile,GB,B
EVT-00000244,SESS-10715,USR-0000266,CAMP-169,Black Friday,impression,display,2023-03-21 08:00:00,28.25,true,mobile,AU,B
EVT-00000245,SESS-15454,USR-0000434,CAMP-142,Spring Launch,conversion,search,2023-03-21 10:00:00,0.0,false,desktop,DE,B
EVT-00000246,SESS-75713,USR-0000361,CAMP-179,Black Friday,impression,social,2023-03-21 12:00:00,0.0,false,mobile,AU,B
EVT-00000247,SESS-86300,USR-0000334,CAMP-125,Black Friday,signup,social,2023-03-21 14:00:00,0.0,false,tablet,CA,control
EVT-00000248,SESS-98936,USR-0000047,CAMP-171,New Year,click,display,2023-03-21 16:00:00,0.0,true,mobile,IN,control
EVT-00000249,SESS-12594,USR-0000439,CAMP-160,Summer Sale,impression,push,2023-03-21 18:00:00,0.0,false,desktop,GB,control
EVT-00000250,SESS-53381,USR-0000492,CAMP-165,Spring Launch,conversion,email,2023-03-21 20:00:00,0.0,false,mobile,DE,B
EVT-00000251,SESS-14335,USR-0000291,CAMP-181,Spring Launch,click,display,2023-03-21 22:00:00,0.0,false,mobile,DE,control
EVT-00000252,SESS-43411,USR-0000168,CAMP-170,Referral Program,click,search,2023-03-22 00:00:00,0.0,false,mobile,IN,control
EVT-00000253,SESS-37715,USR-0000331,CAMP-173,Black Friday,impression,email,2023-03-22 02:00:00,0.0,false,tablet,GB,A
EVT-00000254,SESS-64524,USR-0000321,CAMP-173,Black Friday,click,email,2023-03-22 04:00:00,0.0,false,tablet,GB,control
EVT-00000255,SESS-91808,USR-0000464,CAMP-144,Referral Program,click,social,2023-03-22 06:00:00,78.86,false,mobile,DE,control
EVT-00000256,SESS-82421,USR-0000055,CAMP-171,Summer Sale,signup,social,2023-03-22 08:00:00,0.0,false,desktop,IN,B
EVT-00000257,SESS-15725,USR-0000257,CAMP-183,New Year,impression,email,2023-03-22 10:00:00,0.0,true,desktop,IN,control
EVT-00000258,SESS-31622,USR-0000354,CAMP-173,New Year,click,social,2023-03-22 12:00:00,0.0,true,desktop,US,A
EVT-00000259,SESS-34740,USR-0000174,CAMP-160,New Year,click,push,2023-03-22 14:00:00,0.0,false,mobile,CA,control
EVT-00000260,SESS-32562,USR-0000420,CAMP-107,New Year,click,display,2023-03-22 16:00:00,0.0,true,desktop,AU,B
EVT-00000261,SESS-41790,USR-0000032,CAMP-143,Spring Launch,click,social,2023-03-22 18:00:00,0.0,false,desktop,CA,control
EVT-00000262,SESS-64645,USR-0000052,CAMP-106,Summer Sale,impression,display,2023-03-22 20:00:00,0.0,false,mobile,AU,B
EVT-00000263,SESS-76561,USR-0000395,CAMP-110,Referral Program,conversion,search,2023-03-22 22:00:00,0.0,false,mobile,DE,B
EVT-00000264,SESS-94588,USR-0000062,CAMP-135,Referral Program,impression,display,2023-03-23 00:00:00,0.0,true,mobile,GB,B
EVT-00000265,SESS-73262,USR-0000209,CAMP-145,Summer Sale,impression,social,2023-03-23 02:00:00,0.0,false,tablet,DE,B
EVT-00000266,SESS-36859,USR-0000140,CAMP-152,Referral Program,click,email,2023-03-23 04:00:00,24.07,true,mobile,DE,control
EVT-00000267,SESS-26569,USR-0000344,CAMP-189,Black Friday,impression,social,2023-03-23 06:00:00,0.0,false,mobile,CA,control
EVT-00000268,SESS-43907,USR-0000005,CAMP-175,Summer Sale,impression,push,2023-03-23 08:00:00,0.0,false,mobile,GB,A
EVT-00000269,SESS-81967,USR-0000178,CAMP-141,Black Friday,impression,search,2023-03-23 10:00:00,0.0,false,desktop,US,B
EVT-00000270,SESS-99399,USR-0000493,CAMP-133,Spring Launch,click,email,2023-03-23 12:00:00,0.0,false,desktop,US,A
EVT-00000271,SESS-45306,USR-0000184,CAMP-170,Referral Program,purchase,push,2023-03-23 14:00:00,0.0,false,mobile,GB,A
EVT-00000272,SESS-25859,USR-0000299,CAMP-127,Spring Launch,click,push,2023-03-23 16:00:00,0.0,true,mobile,DE,control
EVT-00000273,SESS-10445,USR-0000494,CAMP-187,Referral Program,impression,search,2023-03-23 18:00:00,0.0,true,desktop,US,control
EVT-00000274,SESS-16927,USR-0000303,CAMP-177,Black Friday,conversion,display,2023-03-23 20:00:00,0.0,false,mobile,US,control
EVT-00000275,SESS-67317,USR-0000377,CAMP-167,Referral Program,impression,email,2023-03-23 22:00:00,0.0,false,mobile,IN,B
EVT-00000276,SESS-63077,USR-0000479,CAMP-124,Spring Launch,purchase,search,2023-03-24 00:00:00,0.0,true,tablet,AU,B
EVT-00000277,SESS-67898,USR-0000308,CAMP-161,Summer Sale,click,push,2023-03-24 02:00:00,0.0,true,mobile,IN,control
EVT-00000278,SESS-12184,USR-0000416,CAMP-181,Summer Sale,impression,search,2023-03-24 04:00:00,0.0,true,mobile,GB,A
EVT-00000279,SESS-49326,USR-0000254,CAMP-107,Black Friday,click,email,2023-03-24 06:00:00,85.53,false,mobile,GB,A
EVT-00000280,SESS-26238,USR-0000407,CAMP-117,Summer Sale,impression,display,2023-03-24 08:00:00,0.0,true,desktop,AU,B
EVT-00000281,SESS-40286,USR-0000320,CAMP-151,Black Friday,conversion,display,2023-03-24 10:00:00,0.0,false,desktop,IN,B
EVT-00000282,SESS-65998,USR-0000169,CAMP-135,Referral Program,impression,display,2023-03-24 12:00:00,0.0,true,mobile,IN,B
EVT-00000283,SESS-34814,USR-0000279,CAMP-170,Black Friday,signup,display,2023-03-24 14:00:00,0.0,false,desktop,AU,A
EVT-00000284,SESS-69355,USR-0000167,CAMP-139,Spring Launch,conversion,email,2023-03-24 16:00:00,0.0,true,desktop,IN,B
EVT-00000285,SESS-36024,USR-0000198,CAMP-198,Referral Program,signup,email,2023-03-24 18:00:00,0.0,false,desktop,IN,control
EVT-00000286,SESS-55937,USR-0000145,CAMP-129,Black Friday,signup,display,2023-03-24 20:00:00,0.0,true,mobile,AU,A
EVT-00000287,SESS-51318,USR-0000245,CAMP-135,Spring Launch,impression,push,2023-03-24 22:00:00,0.0,false,mobile,GB,B
EVT-00000288,SESS-44536,USR-0000173,CAMP-100,New Year,click,email,2023-03-25 00:00:00,0.0,false,desktop,DE,A
EVT-00000289,SESS-21343,USR-0000313,CAMP-124,Black Friday,conversion,search,2023-03-25 02:00:00,0.0,true,mobile,DE,A
EVT-00000290,SESS-61857,USR-0000184,CAMP-123,Referral Program,impression,search,2023-03-25 04:00:00,97.68,false,mobile,GB,B
EVT-00000291,SESS-99107,USR-0000245,CAMP-175,Spring Launch,impression,social,2023-03-25 06:00:00,318.06,true,mobile,US,B
EVT-00000292,SESS-67904,USR-0000070,CAMP-133,New Year,impression,display,2023-03-25 08:00:00,0.0,false,desktop,CA,B
EVT-00000293,SESS-77121,USR-0000193,CAMP-120,Referral Program,impression,push,2023-03-25 10:00:00,0.0,false,mobile,GB,A
EVT-00000294,SESS-82312,USR-0000177,CAMP-131,Referral Program,signup,push,2023-03-25 12:00:00,0.0,true,mobile,IN,B
EVT-00000295,SESS-13438,USR-0000480,CAMP-155,Spring Launch,click,email,2023-03-25 14:00:00,0.0,false,desktop,DE,A
EVT-00000296,SESS-81346,USR-0000223,CAMP-177,Referral Program,click,search,2023-03-25 16:00:00,0.0,true,mobile,US,B
EVT-00000297,SESS-31821,USR-0000010,CAMP-196,Black Friday,purchase,push,2023-03-25 18:00:00,0.0,false,mobile,US,control
EVT-00000298,SESS-69831,USR-0000154,CAMP-104,Black Friday,impression,social,2023-03-25 20:00:00,0.0,false,mobile,IN,B
EVT-00000299,SESS-98546,USR-0000364,CAMP-183,Black Friday,conversion,push,2023-03-25 22:00:00,0.0,false,mobile,CA,control
EVT-00000300,SESS-90480,USR-0000082,CAMP-138,Spring Launch,impression,search,2023-03-26 00:00:00,0.0,true,tablet,DE,B
EVT-00000301,SESS-47298,USR-0000081,CAMP-180,Referral Program,impression,search,2023-03-26 02:00:00,0.0,false,mobile,DE,control
EVT-00000302,SESS-85421,USR-0000186,CAMP-103,Spring Launch,impression,social,2023-03-26 04:00:00,0.0,true,desktop,DE,control
EVT-00000303,SESS-65673,USR-0000178,CAMP-161,New Year,impression,push,2023-03-26 06:00:00,0.0,false,mobile,CA,control
EVT-00000304,SESS-21992,USR-0000240,CAMP-192,Spring Launch,impression,search,2023-03-26 08:00:00,0.0,true,mobile,CA,B
EVT-00000305,SESS-31591,USR-0000017,CAMP-103,Summer Sale,click,search,2023-03-26 10:00:00,0.0,true,mobile,US,A
EVT-00000306,SESS-96100,USR-0000360,CAMP-178,Black Friday,impression,search,2023-03-26 12:00:00,0.0,true,mobile,DE,B
EVT-00000307,SESS-92368,USR-0000106,CAMP-111,Spring Launch,impression,email,2023-03-26 14:00:00,0.0,false,mobile,DE,control
EVT-00000308,SESS-90255,USR-0000355,CAMP-197,Summer Sale,click,display,2023-03-26 16:00:00,0.0,true,mobile,GB,B
EVT-00000309,SESS-44578,USR-0000282,CAMP-173,Referral Program,impression,social,2023-03-26 18:00:00,0.0,false,tablet,CA,control
EVT-00000310,SESS-38883,USR-0000101,CAMP-190,Summer Sale,conversion,social,2023-03-26 20:00:00,0.0,false,mobile,GB,control
EVT-00000311,SESS-82539,USR-0000234,CAMP-188,Spring Launch,signup,display,2023-03-26 22:00:00,42.13,true,desktop,CA,control
EVT-00000312,SESS-11816,USR-0000018,CAMP-131,Spring Launch,click,email,2023-03-27 00:00:00,0.0,true,mobile,US,B
EVT-00000313,SESS-90772,USR-0000350,CAMP-141,Referral Program,click,display,2023-03-27 02:00:00,0.0,true,mobile,DE,A
EVT-00000314,SESS-64357,USR-0000151,CAMP-168,Spring Launch,click,search,2023-03-27 04:00:00,0.0,true,desktop,AU,B
EVT-00000315,SESS-66942,USR-0000191,CAMP-117,New Year,click,display,2023-03-27 06:00:00,0.0,false,mobile,DE,B
EVT-00000316,SESS-49457,USR-0000078,CAMP-130,Spring Launch,purchase,email,2023-03-27 08:00:00,0.0,false,mobile,US,control
EVT-00000317,SESS-98136,USR-0000182,CAMP-109,Black Friday,purchase,display,2023-03-27 10:00:00,0.0,true,mobile,US,A
EVT-00000318,SESS-77460,USR-0000197,CAMP-187,New Year,impression,social,2023-03-27 12:00:00,0.0,true,mobile,DE,A
EVT-00000319,SESS-14845,USR-0000112,CAMP-124,Referral Program,click,push,2023-03-27 14:00:00,152.39,false,desktop,CA,A
EVT-00000320,SESS-57213,USR-0000489,CAMP-140,Summer Sale,conversion,social,2023-03-27 16:00:00,0.0,true,mobile,DE,B
EVT-00000321,SESS-87365,USR-0000139,CAMP-144,Black Friday,impression,email,2023-03-27 18:00:00,0.0,false,tablet,US,A
EVT-00000322,SESS-16884,USR-0000090,CAMP-137,Summer Sale,click,search,2023-03-27 20:00:00,0.0,false,mobile,AU,B
EVT-00000323,SESS-76317,USR-0000274,CAMP-177,New Year,click,email,2023-03-27 22:00:00,0.0,true,mobile,IN,A
EVT-00000324,SESS-32021,,CAMP-190,Spring Launch,click,social,2023-03-28 00:00:00,0.0,false,mobile,US,control
EVT-00000325,SESS-55586,USR-0000226,CAMP-156,Summer Sale,impression,display,2023-03-28 02:00:00,0.0,false,mobile,IN,B
EVT-00000326,SESS-89426,USR-0000362,CAMP-182,New Year,impression,search,2023-03-28 04:00:00,0.0,false,desktop,GB,control
EVT-00000327,SESS-54309,USR-0000039,CAMP-110,New Year,impression,display,2023-03-28 06:00:00,0.0,false,desktop,CA,B
EVT-00000328,SESS-13392,USR-0000254,CAMP-195,Spring Launch,click,push,2023-03-28 08:00:00,0.0,false,mobile,CA,A
EVT-00000329,SESS-11869,USR-0000010,CAMP-111,Black Friday,signup,search,2023-03-28 10:00:00,25.82,false,mobile,US,A
EVT-00000330,SESS-76299,USR-0000021,CAMP-106,Summer Sale,signup,search,2023-03-28 12:00:00,0.0,false,desktop,DE,control
EVT-00000331,SESS-93781,USR-0000046,CAMP-102,Summer Sale,impression,email,2023-03-28 14:00:00,0.0,false,mobile,US,B
EVT-00000332,SESS-36274,USR-0000080,CAMP-124,New Year,impression,social,2023-03-28 16:00:00,0.0,false,mobile,IN,control
EVT-00000333,SESS-94185,USR-0000174,CAMP-182,New Year,conversion,display,2023-03-28 18:00:00,0.0,false,mobile,US,control
EVT-00000334,SESS-50737,USR-0000467,CAMP-129,Referral Program,click,email,2023-03-28 20:00:00,130.18,false,mobile,AU,B
EVT-00000335,SESS-15284,USR-0000453,CAMP-178,New Year,click,social,2023-03-28 22:00:00,391.48,false,mobile,US,B
EVT-00000336,SESS-57789,USR-0000051,CAMP-142,Summer Sale,impression,email,2023-03-29 00:00:00,0.0,true,mobile,CA,A
EVT-00000337,SESS-97633,USR-0000495,CAMP-110,Spring Launch,impression,push,2023-03-29 02:00:00,0.0,true,desktop,GB,A
EVT-00000338,SESS-32507,USR-0000317,CAMP-146,Summer Sale,conversion,search,2023-03-29 04:00:00,0.0,true,mobile,GB,A
EVT-00000339,SESS-96456,USR-0000276,CAMP-123,Black Friday,click,display,2023-03-29 06:00:00,0.0,true,desktop,CA,A
EVT-00000340,SESS-68675,USR-0000396,CAMP-128,Spring Launch,impression,display,2023-03-29 08:00:00,0.0,false,desktop,CA,B
EVT-00000341,SESS-45646,USR-0000242,CAMP-151,Black Friday,signup,social,2023-03-29 10:00:00,0.0,true,mobile,US,control
EVT-00000342,SESS-72409,USR-0000132,CAMP-178,New Year,click,email,2023-03-29 12:00:00,0.0,false,mobile,US,B
EVT-00000343,SESS-46067,USR-0000264,CAMP-158,New Year,signup,social,2023-03-29 14:00:00,0.0,false,mobile,CA,B
EVT-00000344,SESS-17655,USR-0000362,CAMP-122,Referral Program,click,email,2023-03-29 16:00:00,0.0,true,desktop,CA,control
EVT-00000345,SESS-88367,USR-0000341,CAMP-171,Black Friday,click,social,2023-03-29 18:00:00,0.0,true,mobile,IN,control
EVT-00000346,SESS-43653,USR-0000084,CAMP-168,Referral Program,purchase,social,2023-03-29 20:00:00,0.0,false,tablet,US,A
EVT-00000347,SESS-60918,USR-0000469,CAMP-123,Spring Launch,purchase,display,2023-03-29 22:00:00,0.0,false,desktop,US,A
EVT-00000348,SESS-76993,USR-0000142,CAMP-184,Spring Launch,purchase,social,2023-03-30 00:00:00,0.0,false,desktop,GB,B
EVT-00000349,SESS-17461,USR-0000409,CAMP-183,Summer Sale,conversion,email,2023-03-30 02:00:00,0.0,true,mobile,AU,A
EVT-00000350,SESS-74946,USR-0000155,CAMP-159,Summer Sale,click,push,2023-03-30 04:00:00,0.0,true,desktop,US,A
EVT-00000351,SESS-42871,USR-0000031,CAMP-129,Spring Launch,impression,email,2023-03-30 06:00:00,0.0,true,desktop,DE,B
EVT-00000352,SESS-59013,USR-0000498,CAMP-135,New Year,impression,social,2023-03-30 08:00:00,0.0,true,desktop,AU,B
EVT-00000353,SESS-51140,USR-0000294,CAMP-143,Black Friday,purchase,social,2023-03-30 10:00:00,0.0,false,mobile,US,A
EVT-00000354,SESS-79989,USR-0000107,CAMP-118,Referral Program,impression,email,2023-03-30 12:00:00,0.0,true,desktop,CA,A
EVT-00000355,SESS-26878,USR-0000000,CAMP-130,Black Friday,conversion,push,2023-03-30 14:00:00,0.0,true,mobile,CA,control
EVT-00000356,SESS-19687,USR-0000064,CAMP-113,New Year,signup,social,2023-03-30 16:00:00,0.0,false,desktop,GB,B
EVT-00000357,SESS-46985,USR-0000084,CAMP-115,Spring Launch,purchase,display,2023-03-30 18:00:00,0.0,false,mobile,US,B
EVT-00000358,SESS-20638,USR-0000462,CAMP-173,Referral Program,purchase,email,2023-03-30 20:00:00,0.0,false,mobile,GB,A
EVT-00000359,SESS-31844,USR-0000088,CAMP-112,Referral Program,click,search,2023-03-30 22:00:00,0.0,false,desktop,GB,A
EVT-00000360,SESS-69173,USR-0000080,CAMP-146,Spring Launch,click,email,2023-03-31 00:00:00,0.0,false,mobile,GB,B
EVT-00000361,SESS-83687,USR-0000418,CAMP-142,Summer Sale,purchase,social,2023-03-31 02:00:00,0.0,true,desktop,CA,A
EVT-00000362,SESS-72399,USR-0000439,CAMP-104,Summer Sale,impression,search,2023-03-31 04:00:00,0.0,true,desktop,US,A
EVT-00000363,SESS-38594,USR-0000104,CAMP-182,Spring Launch,impression,push,2023-03-31 06:00:00,0.0,false,desktop,GB,control
EVT-00000364,SESS-83306,USR-0000325,CAMP-197,New Year,purchase,social,2023-03-31 08:00:00,0.0,false,desktop,AU,control
EVT-00000365,SESS-46547,USR-0000267,CAMP-163,Summer Sale,click,display,2023-03-31 10:00:00,0.0,false,mobile,US,B
EVT-00000366,SESS-26293,USR-0000288,CAMP-166,Spring Launch,click,email,2023-03-31 12:00:00,0.0,true,mobile,US,A
EVT-00000367,SESS-78061,USR-0000155,CAMP-123,Referral Program,impression,social,2023-03-31 14:00:00,12.81,false,desktop,GB,A
EVT-00000368,SESS-56508,USR-0000375,CAMP-183,Summer Sale,click,display,2023-03-31 16:00:00,0.0,true,mobile,CA,B
EVT-00000369,SESS-43352,USR-0000440,CAMP-177,Referral Program,purchase,search,2023-03-31 18:00:00,0.0,false,mobile,CA,control
EVT-00000370,SESS-69474,USR-0000362,CAMP-143,Black Friday,click,search,2023-03-31 20:00:00,0.0,false,mobile,CA,B
EVT-00000371,SESS-75227,USR-0000451,CAMP-169,Black Friday,impression,display,2023-03-31 22:00:00,49.68,true,mobile,CA,B
EVT-00000372,SESS-30132,USR-0000055,CAMP-194,Spring Launch,click,email,2023-04-01 00:00:00,0.0,true,tablet,US,A
EVT-00000373,SESS-20554,USR-0000328,CAMP-159,Black Friday,signup,display,2023-04-01 02:00:00,0.0,false,mobile,IN,A
EVT-00000374,SESS-56522,USR-0000499,CAMP-119,Summer Sale,signup,push,2023-04-01 04:00:00,0.0,false,mobile,DE,A
EVT-00000375,SESS-14637,USR-0000267,CAMP-132,Referral Program,impression,display,2023-04-01 06:00:00,0.0,true,desktop,US,B
EVT-00000376,SESS-67459,USR-0000470,CAMP-118,Black Friday,click,social,2023-04-01 08:00:00,0.0,false,tablet,CA,A
EVT-00000377,SESS-49582,USR-0000174,CAMP-132,Summer Sale,impression,social,2023-04-01 10:00:00,0.0,true,mobile,DE,A
EVT-00000378,SESS-29300,USR-0000448,CAMP-188,Spring Launch,click,push,2023-04-01 12:00:00,0.0,false,desktop,CA,B
EVT-00000379,SESS-63872,USR-0000469,CAMP-118,Black Friday,impression,display,2023-04-01 14:00:00,0.0,true,mobile,GB,B
EVT-00000380,SESS-43800,USR-0000311,CAMP-188,Spring Launch,click,push,2023-04-01 16:00:00,0.0,false,desktop,AU,control
EVT-00000381,SESS-44957,USR-0000352,CAMP-128,Summer Sale,click,push,2023-04-01 18:00:00,0.0,true,mobile,US,B
EVT-00000382,SESS-29470,USR-0000261,CAMP-149,New Year,impression,search,2023-04-01 20:00:00,23.56,false,mobile,US,A
EVT-00000383,SESS-70847,USR-0000158,CAMP-152,New Year,impression,email,2023-04-01 22:00:00,0.0,true,mobile,DE,control
EVT-00000384,SESS-91263,USR-0000268,CAMP-112,Referral Program,impression,social,2023-04-02 00:00:00,1.95,false,desktop,US,control
EVT-00000385,SESS-65680,USR-0000481,CAMP-118,New Year,impression,social,2023-04-02 02:00:00,0.0,false,mobile,GB,control
EVT-00000386,SESS-31311,USR-0000007,CAMP-130,Referral Program,click,push,2023-04-02 04:00:00,0.0,true,mobile,AU,control
EVT-00000387,SESS-85004,USR-0000102,CAMP-105,Black Friday,impression,social,2023-04-02 06:00:00,5.29,true,desktop,IN,B
EVT-00000388,SESS-20874,USR-0000249,CAMP-174,New Year,impression,social,2023-04-02 08:00:00,0.0,false,mobile,IN,control
EVT-00000389,SESS-36079,USR-0000169,CAMP-154,Referral Program,purchase,push,2023-04-02 10:00:00,0.0,false,desktop,GB,control
EVT-00000390,SESS-13163,USR-0000311,CAMP-183,Summer Sale,impression,email,2023-04-02 12:00:00,0.0,false,mobile,AU,B
EVT-00000391,SESS-86354,USR-0000180,CAMP-185,Referral Program,signup,display,2023-04-02 14:00:00,0.0,false,mobile,CA,control
EVT-00000392,SESS-14045,USR-0000329,CAMP-134,Spring Launch,click,search,2023-04-02 16:00:00,0.0,false,mobile,AU,control
EVT-00000393,SESS-59161,USR-0000053,CAMP-180,Spring Launch,click,push,2023-04-02 18:00:00,0.0,false,mobile,IN,control
EVT-00000394,SESS-27242,USR-0000166,CAMP-106,Black Friday,click,search,2023-04-02 20:00:00,61.61,false,mobile,IN,B
EVT-00000395,SESS-29098,USR-0000346,CAMP-142,Referral Program,impression,search,2023-04-02 22:00:00,0.0,true,mobile,US,B
EVT-00000396,SESS-64738,USR-0000235,CAMP-165,Referral Program,conversion,push,2023-04-03 00:00:00,0.0,true,desktop,US,control
EVT-00000397,SESS-82339,USR-0000356,CAMP-146,Black Friday,conversion,push,2023-04-03 02:00:00,9.02,true,mobile,GB,control
EVT-00000398,SESS-11588,USR-0000318,CAMP-173,New Year,impression,display,2023-04-03 04:00:00,0.0,false,mobile,IN,A
EVT-00000399,SESS-24276,USR-0000164,CAMP-185,Summer Sale,conversion,display,2023-04-03 06:00:00,0.0,true,desktop,CA,A
EVT-00000400,SESS-35806,USR-0000214,CAMP-141,Black Friday,click,push,2023-04-03 08:00:00,0.0,false,mobile,CA,control
EVT-00000401,SESS-94919,USR-0000482,CAMP-127,Summer Sale,signup,push,2023-04-03 10:00:00,0.0,true,desktop,US,A
EVT-00000402,SESS-15234,USR-0000481,CAMP-157,New Year,conversion,display,2023-04-03 12:00:00,20.61,false,desktop,GB,control
EVT-00000403,SESS-26064,USR-0000017,CAMP-185,New Year,impression,social,2023-04-03 14:00:00,0.0,true,mobile,US,A
EVT-00000404,SESS-46328,USR-0000352,CAMP-197,New Year,signup,display,2023-04-03 16:00:00,0.0,false,desktop,US,control
EVT-00000405,SESS-39304,USR-0000245,CAMP-180,Spring Launch,purchase,social,2023-04-03 18:00:00,0.0,true,tablet,IN,control
EVT-00000406,SESS-14371,USR-0000000,CAMP-124,Referral Program,click,search,2023-04-03 20:00:00,0.0,true,mobile,CA,A
EVT-00000407,SESS-58616,USR-0000317,CAMP-120,Summer Sale,impression,search,2023-04-03 22:00:00,0.0,true,tablet,GB,A
EVT-00000408,SESS-64678,USR-0000011,CAMP-156,Black Friday,conversion,push,2023-04-04 00:00:00,202.08,false,mobile,AU,control
EVT-00000409,SESS-25929,USR-0000159,CAMP-139,Black Friday,click,search,2023-04-04 02:00:00,0.0,false,desktop,IN,A
EVT-00000410,SESS-71957,USR-0000345,CAMP-160,Referral Program,impression,push,2023-04-04 04:00:00,0.0,true,mobile,DE,A
EVT-00000411,SESS-15106,USR-0000406,CAMP-191,Summer Sale,signup,push,2023-04-04 06:00:00,0.0,false,mobile,CA,control
EVT-00000412,SESS-75819,USR-0000206,CAMP-154,Summer Sale,click,push,2023-04-04 08:00:00,0.0,false,tablet,AU,control
EVT-00000413,SESS-33323,USR-0000404,CAMP-135,Summer Sale,signup,email,2023-04-04 10:00:00,0.0,false,mobile,AU,A
EVT-00000414,SESS-30190,USR-0000419,CAMP-186,Spring Launch,click,display,2023-04-04 12:00:00,0.0,false,tablet,IN,B
EVT-00000415,SESS-27674,USR-0000223,CAMP-143,New Year,impression,social,2023-04-04 14:00:00,0.0,true,desktop,US,B
EVT-00000416,SESS-88164,USR-0000086,CAMP-159,Referral Program,purchase,search,2023-04-04 16:00:00,100.41,false,desktop,CA,B
EVT-00000417,SESS-55188,USR-0000329,CAMP-113,Black Friday,click,search,2023-04-04 18:00:00,0.0,false,tablet,CA,B
EVT-00000418,SESS-72125,USR-0000006,CAMP-150,Black Friday,click,social,2023-04-04 20:00:00,0.0,false,desktop,CA,B
EVT-00000419,SESS-28355,USR-0000446,CAMP-142,New Year,impression,push,2023-04-04 22:00:00,0.0,true,tablet,IN,A
EVT-00000420,SESS-15098,USR-0000194,CAMP-112,Summer Sale,impression,push,2023-04-05 00:00:00,0.0,false,desktop,GB,A
EVT-00000421,SESS-13436,USR-0000380,CAMP-120,Referral Program,click,search,2023-04-05 02:00:00,0.0,true,mobile,GB,control
EVT-00000422,SESS-49668,USR-0000368,CAMP-169,Referral Program,impression,email,2023-04-05 04:00:00,0.0,false,desktop,IN,A
EVT-00000423,SESS-39379,USR-0000236,CAMP-117,Summer Sale,purchase,email,2023-04-05 06:00:00,0.0,true,mobile,IN,control
EVT-00000424,SESS-79097,USR-0000485,CAMP-113,Referral Program,purchase,social,2023-04-05 08:00:00,0.0,true,mobile,GB,A
EVT-00000425,SESS-80955,USR-0000398,CAMP-105,New Year,conversion,push,2023-04-05 10:00:00,0.0,false,mobile,CA,control
EVT-00000426,SESS-37980,USR-0000441,CAMP-102,Black Friday,impression,search,2023-04-05 12:00:00,0.0,false,mobile,DE,B
EVT-00000427,SESS-49020,USR-0000046,CAMP-143,Referral Program,click,email,2023-04-05 14:00:00,0.0,true,mobile,GB,control
EVT-00000428,SESS-44339,USR-0000242,CAMP-148,New Year,impression,search,2023-04-05 16:00:00,0.0,false,mobile,DE,control
EVT-00000429,SESS-70756,USR-0000475,CAMP-161,Black Friday,conversion,push,2023-04-05 18:00:00,0.0,false,desktop,AU,B
EVT-00000430,SESS-66663,USR-0000406,CAMP-156,Referral Program,click,search,2023-04-05 20:00:00,0.0,false,desktop,DE,control
EVT-00000431,SESS-68596,USR-0000227,CAMP-153,Spring Launch,purchase,search,2023-04-05 22:00:00,23.14,false,desktop,CA,B
EVT-00000432,SESS-14993,USR-0000035,CAMP-198,Summer Sale,impression,email,2023-04-06 00:00:00,0.0,true,tablet,CA,control
EVT-00000433,SESS-40414,USR-0000141,CAMP-124,Spring Launch,impression,push,2023-04-06 02:00:00,0.0,true,desktop,IN,control
EVT-00000434,SESS-97023,USR-0000286,CAMP-170,Spring Launch,purchase,email,2023-04-06 04:00:00,0.0,false,desktop,IN,control
EVT-00000435,SESS-40762,USR-0000320,CAMP-107,Black Friday,click,push,2023-04-06 06:00:00,0.0,true,mobile,GB,control
EVT-00000436,SESS-25703,USR-0000462,CAMP-184,New Year,signup,social,2023-04-06 08:00:00,0.0,false,tablet,AU,B
EVT-00000437,SESS-27964,USR-0000046,CAMP-135,Referral Program,signup,email,2023-04-06 10:00:00,0.0,false,mobile,CA,A
EVT-00000438,SESS-12400,USR-0000198,CAMP-134,Summer Sale,click,social,2023-04-06 12:00:00,0.0,false,mobile,DE,B
EVT-00000439,SESS-80271,USR-0000136,CAMP-113,Spring Launch,click,email,2023-04-06 14:00:00,0.0,true,mobile,GB,A
EVT-00000440,SESS-10479,USR-0000480,CAMP-150,Referral Program,click,email,2023-04-06 16:00:00,0.0,false,desktop,DE,B
EVT-00000441,SESS-63650,USR-0000083,CAMP-139,Referral Program,conversion,email,2023-04-06 18:00:00,0.0,false,desktop,AU,control
EVT-00000442,SESS-45959,USR-0000110,CAMP-196,Black Friday,purchase,display,2023-04-06 20:00:00,0.0,true,mobile,US,A
EVT-00000443,SESS-18521,USR-0000148,CAMP-117,Black Friday,impression,push,2023-04-06 22:00:00,0.0,true,desktop,DE,control
EVT-00000444,SESS-89581,,CAMP-141,Referral Program,click,social,2023-04-07 00:00:00,0.0,true,mobile,DE,B
EVT-00000445,SESS-76776,USR-0000321,CAMP-189,New Year,impression,display,2023-04-07 02:00:00,0.0,false,mobile,DE,A
EVT-00000446,SESS-83777,,CAMP-179,New Year,click,social,2023-04-07 04:00:00,0.0,false,mobile,DE,control
EVT-00000447,SESS-94297,,CAMP-175,New Year,conversion,search,2023-04-07 06:00:00,0.0,false,mobile,CA,A
EVT-00000448,SESS-92083,USR-0000453,CAMP-152,New Year,signup,social,2023-04-07 08:00:00,0.0,true,desktop,US,B
EVT-00000449,SESS-73057,USR-0000216,CAMP-186,Spring Launch,impression,push,2023-04-07 10:00:00,0.0,false,mobile,DE,B
EVT-00000450,SESS-58039,USR-0000155,CAMP-122,New Year,impression,search,2023-04-07 12:00:00,0.0,true,mobile,AU,control
EVT-00000451,SESS-72729,USR-0000187,CAMP-180,Black Friday,impression,search,2023-04-07 14:00:00,0.0,true,mobile,AU,B
EVT-00000452,SESS-50386,USR-0000400,CAMP-157,New Year,impression,push,2023-04-07 16:00:00,0.0,true,desktop,IN,A
EVT-00000453,SESS-26318,USR-0000264,CAMP-134,Spring Launch,impression,display,2023-04-07 18:00:00,0.0,false,tablet,CA,B
EVT-00000454,SESS-44727,USR-0000084,CAMP-121,Referral Program,signup,email,2023-04-07 20:00:00,0.0,false,desktop,GB,control
EVT-00000455,SESS-52021,USR-0000344,CAMP-151,New Year,impression,email,2023-04-07 22:00:00,0.0,false,desktop,IN,control
EVT-00000456,SESS-14177,USR-0000372,CAMP-100,Spring Launch,impression,social,2023-04-08 00:00:00,0.0,false,desktop,AU,A
EVT-00000457,SESS-86271,USR-0000124,CAMP-170,New Year,click,email,2023-04-08 02:00:00,0.0,true,mobile,IN,B
EVT-00000458,SESS-91856,USR-0000278,CAMP-123,Spring Launch,impression,display,2023-04-08 04:00:00,0.0,false,mobile,IN,control
EVT-00000459,SESS-47797,USR-0000281,CAMP-138,Black Friday,impression,search,2023-04-08 06:00:00,0.0,true,mobile,DE,A
EVT-00000460,SESS-54655,USR-0000087,CAMP-119,New Year,purchase,email,2023-04-08 08:00:00,0.0,false,mobile,DE,A
EVT-00000461,SESS-85686,USR-0000004,CAMP-146,Summer Sale,impression,search,2023-04-08 10:00:00,0.0,false,mobile,CA,control
EVT-00000462,SESS-50955,USR-0000359,CAMP-136,Black Friday,impression,push,2023-04-08 12:00:00,59.66,true,mobile,DE,B
EVT-00000463,SESS-71931,USR-0000307,CAMP-118,Spring Launch,click,push,2023-04-08 14:00:00,0.0,true,mobile,GB,B
EVT-00000464,SESS-56364,USR-0000356,CAMP-187,Summer Sale,impression,push,2023-04-08 16:00:00,124.96,true,mobile,US,B
EVT-00000465,SESS-34401,USR-0000188,CAMP-175,Black Friday,impression,push,2023-04-08 18:00:00,9.96,true,mobile,CA,B
EVT-00000466,SESS-81473,USR-0000257,CAMP-138,Spring Launch,impression,display,2023-04-08 20:00:00,0.0,false,mobile,IN,A
EVT-00000467,SESS-27344,USR-0000490,CAMP-105,Referral Program,impression,push,2023-04-08 22:00:00,0.0,true,desktop,GB,control
EVT-00000468,SESS-30202,USR-0000112,CAMP-183,New Year,signup,push,2023-04-09 00:00:00,0.0,false,desktop,GB,B
EVT-00000469,SESS-72224,USR-0000326,CAMP-168,New Year,impression,display,2023-04-09 02:00:00,0.0,false,mobile,US,B
EVT-00000470,SESS-73890,USR-0000066,CAMP-155,New Year,impression,search,2023-04-09 04:00:00,0.0,false,mobile,GB,A
EVT-00000471,SESS-95901,USR-0000032,CAMP-159,Spring Launch,impression,push,2023-04-09 06:00:00,0.0,false,mobile,AU,A
EVT-00000472,SESS-73968,USR-0000478,CAMP-100,New Year,purchase,search,2023-04-09 08:00:00,0.0,false,mobile,DE,B
EVT-00000473,SESS-12223,USR-0000064,CAMP-146,Summer Sale,impression,email,2023-04-09 10:00:00,0.0,true,mobile,DE,A
EVT-00000474,SESS-86458,USR-0000327,CAMP-118,New Year,signup,email,2023-04-09 12:00:00,0.0,true,mobile,US,control
EVT-00000475,SESS-47252,USR-0000257,CAMP-164,Black Friday,impression,search,2023-04-09 14:00:00,0.0,false,desktop,AU,control
EVT-00000476,SESS-10781,USR-0000404,CAMP-192,Spring Launch,purchase,email,2023-04-09 16:00:00,0.0,false,desktop,CA,A
EVT-00000477,SESS-62113,USR-0000273,CAMP-152,Summer Sale,impression,email,2023-04-09 18:00:00,0.0,false,desktop,CA,A
EVT-00000478,SESS-25335,USR-0000348,CAMP-159,Spring Launch,impression,social,2023-04-09 20:00:00,0.0,true,desktop,IN,B
EVT-00000479,SESS-47437,USR-0000447,CAMP-166,Summer Sale,click,search,2023-04-09 22:00:00,0.0,false,desktop,DE,A
EVT-00000480,SESS-52393,USR-0000414,CAMP-192,Referral Program,impression,search,2023-04-10 00:00:00,0.0,false,desktop,GB,control
EVT-00000481,SESS-16679,USR-0000360,CAMP-103,Spring Launch,conversion,search,2023-04-10 02:00:00,0.0,false,desktop,CA,A
EVT-00000482,SESS-86547,USR-0000081,CAMP-130,Summer Sale,click,search,2023-04-10 04:00:00,0.0,true,desktop,CA,B
EVT-00000483,SESS-55930,USR-0000084,CAMP-126,Referral Program,click,push,2023-04-10 06:00:00,0.0,true,desktop,GB,A
EVT-00000484,SESS-96859,USR-0000248,CAMP-170,New Year,impression,social,2023-04-10 08:00:00,0.0,false,desktop,IN,control
EVT-00000485,SESS-51836,USR-0000329,CAMP-144,Spring Launch,click,search,2023-04-10 10:00:00,0.0,false,desktop,GB,A
EVT-00000486,SESS-63537,USR-0000333,CAMP-176,Summer Sale,impression,display,2023-04-10 12:00:00,0.0,true,mobile,DE,B
EVT-00000487,SESS-83109,USR-0000393,CAMP-146,Summer Sale,purchase,social,2023-04-10 14:00:00,252.18,true,mobile,GB,control
EVT-00000488,SESS-29091,USR-0000051,CAMP-196,Referral Program,click,email,2023-04-10 16:00:00,0.0,false,mobile,AU,B
EVT-00000489,SESS-91805,USR-0000086,CAMP-175,New Year,click,email,2023-04-10 18:00:00,91.98,false,mobile,CA,A
EVT-00000490,SESS-26612,USR-0000074,CAMP-101,Spring Launch,signup,social,2023-04-10 20:00:00,0.0,false,mobile,CA,A
EVT-00000491,SESS-99634,USR-0000270,CAMP-197,Referral Program,click,social,2023-04-10 22:00:00,0.0,false,mobile,GB,B
EVT-00000492,SESS-67549,USR-0000316,CAMP-194,New Year,click,email,2023-04-11 00:00:00,68.43,true,mobile,US,A
EVT-00000493,SESS-56687,USR-0000057,CAMP-104,Black Friday,impression,social,2023-04-11 02:00:00,151.92,true,tablet,AU,B
EVT-00000494,SESS-28906,USR-0000434,CAMP-138,Referral Program,click,display,2023-04-11 04:00:00,0.0,false,mobile,US,B
EVT-00000495,SESS-61217,USR-0000151,CAMP-196,Summer Sale,impression,push,2023-04-11 06:00:00,0.0,false,mobile,IN,B
EVT-00000496,SESS-59777,USR-0000330,CAMP-182,New Year,impression,search,2023-04-11 08:00:00,0.0,true,mobile,CA,control
EVT-00000497,SESS-98534,USR-0000375,CAMP-146,Referral Program,conversion,email,2023-04-11 10:00:00,0.0,false,mobile,IN,control
EVT-00000498,SESS-85132,USR-0000018,CAMP-153,Black Friday,impression,display,2023-04-11 12:00:00,0.0,true,desktop,US,A
EVT-00000499,SESS-53459,USR-0000432,CAMP-102,Black Friday,click,email,2023-04-11 14:00:00,0.0,true,desktop,CA,control
