transaction_id,account_id,amount,currency,transaction_date,transaction_time,status,transaction_type,merchant_id,merchant_name,payment_method,country
TXN-00000000,ACC-1915,999999.99,GBP,2023-01-01,00:00:00,failed,purchase,MERCH-534,PayPal,credit_card,GB
TXN-00000001,ACC-1872,263.56,USD,2023-01-01,03:00:00,completed,purchase,MERCH-447,Amazon,bank_transfer,GB
TXN-00000002,ACC-1769,275.7,GBP,2023-01-01,06:00:00,completed,purchase,MERCH-348,Netflix,credit_card,GB
TXN-00000003,ACC-8123,116.56,USD,2023-01-01,09:00:00,completed,transfer,MERCH-316,Stripe,bank_transfer,GB
TXN-00000004,ACC-3800,163.57,USD,2023-01-01,12:00:00,completed,purchase,MERCH-552,Apple,wallet,IN
TXN-00000005,ACC-3940,144.19,USD,2027-06-15,15:00:00,completed,purchase,MERCH-438,Netflix,credit_card,IN
TXN-00000006,ACC-1112,1072.62,USD,2023-01-01,18:00:00,completed,refund,MERCH-364,Amazon,credit_card,DE
TXN-00000007,ACC-9752,434.75,USD,2023-01-01,21:00:00,completed,purchase,MERCH-471,Stripe,wallet,GB
TXN-00000008,ACC-4905,537.28,GBP,2023-01-02,00:00:00,completed,refund,MERCH-408,Airbnb,credit_card,AU
TXN-00000009,ACC-8176,75.08,USD,2023-01-02,03:00:00,completed,purchase,MERCH-305,Stripe,bank_transfer,IN
TXN-00000010,ACC-7368,605.22,EUR,2023-01-02,06:00:00,completed,purchase,MERCH-507,Stripe,bank_transfer,DE
TXN-00000011,ACC-2275,203.61,,2023-01-02,09:00:00,completed,purchase,MERCH-947,Apple,debit_card,US
TXN-00000012,ACC-8211,52.15,GBP,2023-01-02,12:00:00,completed,purchase,MERCH-554,Amazon,wallet,US
TXN-00000013,ACC-5952,358.9,GBP,2023-01-02,15:00:00,completed,refund,MERCH-637,Apple,wallet,IN
TXN-00000014,ACC-6438,55.83,USD,2023-01-02,18:00:00,completed,refund,MERCH-984,Walmart,debit_card,GB
TXN-00000015,ACC-2802,211.42,EUR,2023-01-02,21:00:00,completed,withdrawal,MERCH-651,Uber,credit_card,IN
TXN-00000016,ACC-8621,46.17,INR,2023-01-03,00:00:00,completed,purchase,MERCH-300,Walmart,credit_card,US
TXN-00000017,ACC-9384,275.86,GBP,2023-01-03,03:00:00,failed,refund,MERCH-458,PayPal,credit_card,IN
TXN-00000018,ACC-4658,79.1,USD,2023-01-03,06:00:00,completed,purchase,MERCH-538,Uber,wallet,DE
TXN-00000019,ACC-1832,84.35,USD,2023-01-03,09:00:00,completed,transfer,MERCH-526,Apple,bank_transfer,DE
TXN-00000020,ACC-8638,56.79,GBP,2023-01-03,12:00:00,completed,purchase,MERCH-234,PayPal,bank_transfer,GB
TXN-00000021,ACC-8985,14.77,USD,2023-01-03,15:00:00,completed,transfer,MERCH-195,Stripe,credit_card,GB
TXN-00000022,ACC-5557,46.89,GBP,2023-01-03,18:00:00,completed,purchase,MERCH-414,Netflix,wallet,IN
TXN-00000023,ACC-6211,521.61,USD,2023-01-03,21:00:00,completed,purchase,MERCH-921,Walmart,bank_transfer,IN
TXN-00000024,ACC-3007,165.18,GBP,2023-01-04,00:00:00,pending,purchase,MERCH-744,Apple,wallet,DE
TXN-00000025,ACC-1607,626.02,USD,2023-01-04,03:00:00,completed,purchase,MERCH-856,Uber,debit_card,GB
TXN-00000026,ACC-9496,934.6,USD,2023-01-04,06:00:00,completed,purchase,MERCH-256,Stripe,bank_transfer,DE
TXN-00000027,ACC-5346,1013.08,AUD,2023-01-04,09:00:00,completed,withdrawal,MERCH-472,Apple,bank_transfer,AU
TXN-00000028,ACC-3474,25.55,INR,2023-01-04,12:00:00,completed,purchase,MERCH-622,Airbnb,debit_card,GB
TXN-00000029,ACC-7238,274.18,INR,2023-01-04,15:00:00,completed,purchase,MERCH-490,Apple,bank_transfer,AU
TXN-00000030,ACC-1235,37.42,AUD,2023-01-04,18:00:00,completed,purchase,MERCH-474,Walmart,debit_card,GB
TXN-00000031,ACC-1719,743.65,USD,2023-01-04,21:00:00,failed,purchase,MERCH-423,Netflix,wallet,GB
TXN-00000032,ACC-3183,531.41,USD,2023-01-05,00:00:00,completed,purchase,MERCH-146,Walmart,bank_transfer,DE
TXN-00000033,ACC-5055,157.06,USD,2023-01-05,03:00:00,completed,transfer,MERCH-870,Netflix,bank_transfer,DE
TXN-00000034,ACC-4299,172.07,USD,2023-01-05,06:00:00,completed,withdrawal,MERCH-938,Apple,bank_transfer,IN
TXN-00000035,ACC-2685,284.21,USD,2023-01-05,09:00:00,completed,purchase,MERCH-172,Apple,debit_card,GB
TXN-00000036,ACC-4161,410.21,INR,2023-01-05,12:00:00,failed,purchase,MERCH-471,Stripe,wallet,US
TXN-00000037,ACC-4004,650.83,USD,2023-01-05,15:00:00,completed,purchase,MERCH-565,Apple,credit_card,AU
TXN-00000038,ACC-5721,40.54,USD,2023-01-05,18:00:00,completed,transfer,MERCH-804,Airbnb,bank_transfer,AU
TXN-00000039,ACC-6064,288.29,USD,2023-01-05,21:00:00,completed,purchase,MERCH-987,Airbnb,credit_card,AU
TXN-00000040,ACC-8947,167.71,USD,2023-01-06,00:00:00,failed,purchase,MERCH-474,Airbnb,debit_card,IN
TXN-00000041,ACC-8260,111.83,USD,2023-01-06,03:00:00,completed,withdrawal,MERCH-773,Apple,bank_transfer,AU
TXN-00000042,ACC-3630,430.56,EUR,2023-01-06,06:00:00,completed,transfer,MERCH-942,Stripe,debit_card,IN
TXN-00000043,ACC-9123,179.87,USD,2023-01-06,09:00:00,pending,purchase,MERCH-846,Walmart,wallet,US
TXN-00000044,ACC-5686,494.56,EUR,2023-01-06,12:00:00,completed,purchase,MERCH-361,Apple,bank_transfer,US
TXN-00000045,ACC-2688,613.27,INR,2023-01-06,15:00:00,completed,purchase,MERCH-834,Stripe,debit_card,GB
TXN-00000046,ACC-4060,165.67,EUR,2023-01-06,18:00:00,completed,purchase,MERCH-470,Apple,debit_card,GB
TXN-00000047,ACC-7675,5.94,EUR,2023-01-06,21:00:00,completed,purchase,MERCH-115,Airbnb,bank_transfer,AU
TXN-00000048,ACC-8395,1233.98,USD,2023-01-07,00:00:00,completed,purchase,MERCH-782,Amazon,wallet,GB
TXN-00000049,ACC-4366,427.93,USD,2023-01-07,03:00:00,pending,purchase,MERCH-851,Uber,debit_card,DE
TXN-00000050,ACC-2418,794.75,USD,2023-01-07,06:00:00,completed,purchase,MERCH-408,Stripe,bank_transfer,GB
TXN-00000051,ACC-2726,33.2,AUD,2023-01-07,09:00:00,completed,purchase,MERCH-505,Airbnb,bank_transfer,DE
TXN-00000052,ACC-1931,48.77,EUR,2023-01-07,12:00:00,failed,purchase,MERCH-427,Uber,credit_card,IN
TXN-00000053,ACC-7287,21.57,USD,2023-01-07,15:00:00,pending,transfer,MERCH-205,Stripe,wallet,US
TXN-00000054,ACC-5526,86.01,USD,2023-01-07,18:00:00,pending,purchase,MERCH-994,Apple,bank_transfer,IN
TXN-00000055,ACC-5060,3.09,GBP,2023-01-07,21:00:00,completed,transfer,MERCH-120,Netflix,credit_card,US
TXN-00000056,ACC-7046,734.06,EUR,2023-01-08,00:00:00,refunded,purchase,MERCH-599,Amazon,bank_transfer,AU
TXN-00000057,ACC-8457,-132.2,EUR,2023-01-08,03:00:00,completed,purchase,MERCH-113,Airbnb,bank_transfer,DE
TXN-00000058,ACC-8158,559.39,INR,2023-01-08,06:00:00,completed,refund,MERCH-719,Airbnb,wallet,AU
TXN-00000059,ACC-2234,625.33,EUR,2023-01-08,09:00:00,completed,purchase,MERCH-909,Stripe,credit_card,AU
TXN-00000060,ACC-6306,620.3,EUR,2023-01-08,12:00:00,pending,purchase,MERCH-678,Airbnb,debit_card,GB
TXN-00000061,ACC-8941,232.02,USD,2023-01-08,15:00:00,failed,purchase,MERCH-644,Walmart,credit_card,DE
TXN-00000062,ACC-7963,1232.24,USD,2023-01-08,18:00:00,completed,purchase,MERCH-844,Airbnb,bank_transfer,US
TXN-00000063,ACC-3964,775.62,AUD,2023-01-08,21:00:00,completed,purchase,MERCH-975,Stripe,bank_transfer,AU
TXN-00000064,ACC-4533,1117.88,EUR,2023-01-09,00:00:00,completed,purchase,MERCH-874,Walmart,debit_card,DE
TXN-00000065,ACC-9010,309.91,USD,2023-01-09,03:00:00,completed,purchase,MERCH-308,Netflix,wallet,DE
TXN-00000066,ACC-1295,715.2,EUR,2023-01-09,06:00:00,completed,purchase,MERCH-606,PayPal,bank_transfer,AU
TXN-00000067,ACC-5728,214.78,,2023-01-09,09:00:00,completed,purchase,MERCH-836,Netflix,debit_card,AU
TXN-00000068,ACC-2044,463.25,GBP,2023-01-09,12:00:00,completed,purchase,MERCH-364,Stripe,credit_card,AU
TXN-00000069,ACC-9050,420.91,USD,2023-01-09,15:00:00,pending,purchase,MERCH-707,Uber,debit_card,US
TXN-00000070,ACC-1348,26.0,GBP,2023-01-09,18:00:00,completed,purchase,MERCH-120,Airbnb,wallet,US
TXN-00000071,ACC-1210,78.76,USD,2023-01-09,21:00:00,pending,purchase,MERCH-888,Airbnb,debit_card,AU
TXN-00000072,ACC-3960,542.25,USD,2023-01-10,00:00:00,completed,purchase,MERCH-652,Airbnb,wallet,GB
TXN-00000073,ACC-2801,9.22,USD,2023-01-10,03:00:00,completed,purchase,MERCH-768,Stripe,bank_transfer,IN
TXN-00000074,ACC-5458,512.68,GBP,2023-01-10,06:00:00,completed,purchase,MERCH-842,PayPal,bank_transfer,US
TXN-00000075,ACC-3695,308.8,USD,2023-01-10,09:00:00,completed,purchase,MERCH-296,Apple,debit_card,DE
TXN-00000076,ACC-4206,1646.43,USD,2023-01-10,12:00:00,completed,purchase,MERCH-505,PayPal,bank_transfer,AU
TXN-00000077,ACC-6083,12.04,GBP,2023-01-10,15:00:00,completed,withdrawal,MERCH-871,Airbnb,credit_card,AU
TXN-00000078,ACC-6044,253.24,USD,2023-01-10,18:00:00,completed,transfer,MERCH-248,Uber,credit_card,IN
TXN-00000079,ACC-9413,1112.0,USD,2023-01-10,21:00:00,completed,purchase,MERCH-839,Apple,debit_card,DE
TXN-00000080,ACC-5325,3.05,USD,2023-01-11,00:00:00,completed,purchase,MERCH-358,Netflix,bank_transfer,IN
TXN-00000081,ACC-6077,372.71,INR,2023-01-11,03:00:00,completed,purchase,MERCH-617,Airbnb,bank_transfer,IN
TXN-00000082,ACC-7100,151.33,USD,2023-01-11,06:00:00,completed,refund,MERCH-558,Apple,debit_card,IN
TXN-00000083,ACC-2567,101.69,USD,2023-01-11,09:00:00,completed,refund,MERCH-717,Apple,debit_card,AU
TXN-00000084,ACC-7001,474.61,USD,2023-01-11,12:00:00,completed,purchase,MERCH-852,Stripe,bank_transfer,GB
TXN-00000085,ACC-8756,219.12,USD,2023-01-11,15:00:00,completed,purchase,MERCH-413,Netflix,bank_transfer,IN
TXN-00000086,ACC-3862,297.84,USD,2023-01-11,18:00:00,completed,purchase,MERCH-254,Airbnb,credit_card,DE
TXN-00000087,ACC-2604,0.07,USD,2023-01-11,21:00:00,completed,transfer,MERCH-480,Amazon,debit_card,IN
TXN-00000088,ACC-4115,273.81,USD,2023-01-12,00:00:00,failed,transfer,MERCH-650,Amazon,bank_transfer,US
TXN-00000089,ACC-3475,27.94,USD,2023-01-12,03:00:00,completed,purchase,MERCH-774,Stripe,wallet,GB
TXN-00000090,ACC-6265,230.24,INR,2023-01-12,06:00:00,completed,purchase,MERCH-777,Walmart,debit_card,DE
TXN-00000091,ACC-8772,31.39,USD,2023-01-12,09:00:00,completed,purchase,MERCH-405,Stripe,wallet,DE
TXN-00000092,ACC-6367,385.21,USD,2023-01-12,12:00:00,completed,purchase,MERCH-941,PayPal,bank_transfer,DE
TXN-00000093,ACC-2129,66.25,INR,2023-01-12,15:00:00,completed,transfer,MERCH-174,Netflix,debit_card,AU
TXN-00000094,ACC-3831,9.51,INR,2023-01-12,18:00:00,pending,purchase,MERCH-204,PayPal,bank_transfer,DE
TXN-00000095,ACC-7203,597.07,EUR,2023-01-12,21:00:00,completed,purchase,MERCH-122,Netflix,wallet,IN
TXN-00000096,ACC-3972,85.51,USD,2023-01-13,00:00:00,completed,purchase,MERCH-932,PayPal,credit_card,GB
TXN-00000097,ACC-6276,2.84,USD,2023-01-13,03:00:00,completed,purchase,MERCH-261,Walmart,credit_card,GB
TXN-00000098,ACC-7245,418.52,USD,2023-01-13,06:00:00,completed,refund,MERCH-640,Netflix,debit_card,AU
TXN-00000099,ACC-3962,261.08,USD,2023-01-13,09:00:00,completed,purchase,MERCH-830,Netflix,credit_card,IN
TXN-00000100,ACC-6826,330.68,USD,2023-01-13,12:00:00,completed,transfer,MERCH-789,Stripe,wallet,DE
TXN-00000101,ACC-4582,718.76,EUR,2023-01-13,15:00:00,completed,purchase,MERCH-953,Amazon,wallet,US
TXN-00000102,ACC-2215,70.87,USD,2023-01-13,18:00:00,refunded,purchase,MERCH-148,Stripe,bank_transfer,US
TXN-00000103,ACC-4349,99.09,EUR,2023-01-13,21:00:00,completed,purchase,MERCH-465,Amazon,wallet,GB
TXN-00000104,ACC-4968,481.2,USD,2023-01-14,00:00:00,refunded,purchase,MERCH-555,Apple,credit_card,US
TXN-00000105,ACC-1021,158.52,USD,2023-01-14,03:00:00,completed,purchase,MERCH-725,Uber,bank_transfer,DE
TXN-00000106,ACC-9033,102.96,GBP,2023-01-14,06:00:00,pending,purchase,MERCH-659,Walmart,debit_card,DE
TXN-00000107,ACC-5750,586.33,INR,2023-01-14,09:00:00,completed,purchase,MERCH-603,Netflix,debit_card,IN
TXN-00000108,ACC-1326,151.24,USD,2023-01-14,12:00:00,completed,purchase,MERCH-375,PayPal,debit_card,GB
TXN-00000109,ACC-8811,145.84,EUR,2023-01-14,15:00:00,refunded,purchase,MERCH-195,Stripe,bank_transfer,IN
TXN-00000110,ACC-8695,1024.4,USD,2023-01-14,18:00:00,completed,purchase,MERCH-488,Amazon,bank_transfer,US
TXN-00000111,ACC-1108,5.86,,2023-01-14,21:00:00,pending,transfer,MERCH-333,Uber,credit_card,IN
TXN-00000112,ACC-2468,1051.39,EUR,2023-01-15,00:00:00,completed,transfer,MERCH-598,Uber,bank_transfer,US
TXN-00000113,ACC-4273,141.22,USD,2023-01-15,03:00:00,completed,purchase,MERCH-816,Amazon,wallet,US
TXN-00000114,ACC-5564,1145.05,USD,2023-01-15,06:00:00,completed,refund,MERCH-596,Airbnb,credit_card,US
TXN-00000115,ACC-7531,48.48,USD,2023-01-15,09:00:00,completed,purchase,MERCH-624,Uber,wallet,US
TXN-00000116,ACC-4818,300.29,USD,2023-01-15,12:00:00,failed,withdrawal,MERCH-137,Airbnb,bank_transfer,IN
TXN-00000117,ACC-6504,469.67,USD,2023-01-15,15:00:00,pending,purchase,MERCH-679,Apple,debit_card,IN
TXN-00000118,ACC-1091,487.19,USD,2023-01-15,18:00:00,completed,purchase,MERCH-495,Apple,bank_transfer,DE
TXN-00000119,ACC-6926,33.57,AUD,2023-01-15,21:00:00,completed,purchase,MERCH-211,Airbnb,bank_transfer,IN
TXN-00000120,ACC-9237,31.76,EUR,2023-01-16,00:00:00,completed,transfer,MERCH-292,Airbnb,wallet,US
TXN-00000121,ACC-5735,338.47,USD,2023-01-16,03:00:00,completed,purchase,MERCH-801,Walmart,credit_card,US
TXN-00000122,ACC-5093,33.51,USD,2023-01-16,06:00:00,completed,purchase,MERCH-924,Walmart,credit_card,DE
TXN-00000123,ACC-3673,563.83,EUR,2023-01-16,09:00:00,completed,purchase,MERCH-556,Uber,bank_transfer,AU
TXN-00000124,ACC-9587,657.49,USD,2023-01-16,12:00:00,completed,purchase,MERCH-977,Stripe,debit_card,GB
TXN-00000125,ACC-1298,53.54,USD,2023-01-16,15:00:00,pending,transfer,MERCH-261,Walmart,credit_card,GB
TXN-00000126,ACC-3580,513.06,GBP,2023-01-16,18:00:00,completed,purchase,MERCH-369,Walmart,debit_card,GB
TXN-00000127,ACC-2248,17.46,USD,2023-01-16,21:00:00,completed,purchase,MERCH-936,Stripe,bank_transfer,GB
TXN-00000128,ACC-8795,1098.83,USD,2023-01-17,00:00:00,completed,purchase,MERCH-257,Airbnb,credit_card,GB
TXN-00000129,ACC-5342,258.11,USD,2023-01-17,03:00:00,pending,purchase,MERCH-692,PayPal,wallet,IN
TXN-00000130,ACC-9300,460.96,USD,2023-01-17,06:00:00,completed,purchase,MERCH-297,Stripe,debit_card,DE
TXN-00000131,ACC-6985,456.15,USD,2023-01-17,09:00:00,completed,refund,MERCH-397,PayPal,credit_card,DE
TXN-00000132,ACC-6010,374.9,INR,2023-01-17,12:00:00,completed,withdrawal,MERCH-529,Walmart,credit_card,AU
TXN-00000133,ACC-5656,312.15,USD,2023-01-17,15:00:00,pending,purchase,MERCH-423,Apple,wallet,GB
TXN-00000134,ACC-2823,9.98,EUR,2023-01-17,18:00:00,completed,purchase,MERCH-886,Walmart,credit_card,IN
TXN-00000135,ACC-6057,703.41,EUR,2023-01-17,21:00:00,completed,purchase,MERCH-974,Amazon,debit_card,GB
TXN-00000136,ACC-7166,322.89,USD,2023-01-18,00:00:00,completed,purchase,MERCH-549,Stripe,bank_transfer,US
TXN-00000137,ACC-9687,100.25,USD,2023-01-18,03:00:00,completed,purchase,MERCH-572,Airbnb,bank_transfer,GB
TXN-00000138,ACC-5940,148.01,USD,2023-01-18,06:00:00,completed,purchase,MERCH-149,Amazon,debit_card,GB
TXN-00000139,ACC-9448,157.2,EUR,2023-01-18,09:00:00,completed,purchase,MERCH-310,Walmart,credit_card,IN
TXN-00000140,ACC-9499,23.36,USD,2023-01-18,12:00:00,completed,purchase,MERCH-135,Walmart,bank_transfer,US
TXN-00000141,ACC-5702,73.06,EUR,2023-01-18,15:00:00,completed,purchase,MERCH-870,Netflix,debit_card,DE
TXN-00000142,ACC-4953,7.1,INR,2023-01-18,18:00:00,completed,refund,MERCH-304,Netflix,credit_card,AU
TXN-00000143,ACC-2284,313.24,,2023-01-18,21:00:00,completed,purchase,MERCH-406,Apple,credit_card,AU
TXN-00000144,ACC-3416,187.85,AUD,2023-01-19,00:00:00,completed,purchase,MERCH-857,PayPal,bank_transfer,US
TXN-00000145,ACC-8910,1118.88,GBP,2023-01-19,03:00:00,completed,transfer,MERCH-741,Walmart,credit_card,US
TXN-00000146,ACC-2244,94.94,INR,2023-01-19,06:00:00,completed,purchase,MERCH-658,Uber,debit_card,AU
TXN-00000147,ACC-4573,300.15,GBP,2023-01-19,09:00:00,completed,purchase,MERCH-134,Netflix,credit_card,AU
TXN-00000148,ACC-7287,24.17,EUR,2023-01-19,12:00:00,completed,purchase,MERCH-606,Netflix,wallet,IN
TXN-00000149,ACC-3165,126.07,GBP,2023-01-19,15:00:00,completed,purchase,MERCH-604,Stripe,bank_transfer,GB
TXN-00000150,ACC-9766,331.37,INR,2023-01-19,18:00:00,refunded,purchase,MERCH-386,PayPal,wallet,IN
TXN-00000151,ACC-6844,1060.57,USD,2023-01-19,21:00:00,completed,purchase,MERCH-769,Amazon,credit_card,IN
TXN-00000152,ACC-1255,1144.08,EUR,2023-01-20,00:00:00,completed,purchase,MERCH-935,Netflix,debit_card,AU
TXN-00000153,ACC-3224,17.44,USD,2023-01-20,03:00:00,completed,purchase,MERCH-332,Amazon,debit_card,IN
TXN-00000154,ACC-7663,340.19,INR,2023-01-20,06:00:00,completed,purchase,MERCH-397,Netflix,bank_transfer,US
TXN-00000155,ACC-8767,88.45,USD,2023-01-20,09:00:00,completed,purchase,MERCH-389,Uber,wallet,DE
TXN-00000156,ACC-9341,731.9,GBP,2023-01-20,12:00:00,completed,purchase,MERCH-850,Netflix,credit_card,DE
TXN-00000157,ACC-8659,468.51,GBP,2023-01-20,15:00:00,pending,purchase,MERCH-169,Apple,wallet,GB
TXN-00000158,ACC-1672,82.34,AUD,2023-01-20,18:00:00,completed,refund,MERCH-905,Apple,bank_transfer,US
TXN-00000159,ACC-7566,172.29,USD,2023-01-20,21:00:00,completed,purchase,MERCH-796,Apple,wallet,US
TXN-00000160,ACC-1991,2.75,EUR,2023-01-21,00:00:00,completed,purchase,MERCH-534,Apple,credit_card,AU
TXN-00000161,ACC-1688,181.94,GBP,2023-01-21,03:00:00,completed,purchase,MERCH-624,Apple,wallet,IN
TXN-00000162,ACC-7226,276.43,INR,2023-01-21,06:00:00,refunded,purchase,MERCH-903,Airbnb,debit_card,IN
TXN-00000163,ACC-5303,226.01,INR,2023-01-21,09:00:00,completed,transfer,MERCH-792,Amazon,debit_card,AU
TXN-00000164,ACC-6831,454.88,EUR,2023-01-21,12:00:00,completed,purchase,MERCH-348,Amazon,credit_card,US
TXN-00000165,ACC-8662,51.69,EUR,2023-01-21,15:00:00,completed,purchase,MERCH-145,Uber,wallet,GB
TXN-00000166,ACC-1619,615.84,,2023-01-21,18:00:00,completed,transfer,MERCH-691,Airbnb,wallet,AU
TXN-00000167,ACC-5747,165.51,AUD,2023-01-21,21:00:00,completed,purchase,MERCH-231,Apple,credit_card,IN
TXN-00000168,ACC-8508,172.38,USD,2023-01-22,00:00:00,completed,purchase,MERCH-179,Walmart,debit_card,US
TXN-00000169,ACC-4962,123.33,EUR,2023-01-22,03:00:00,pending,purchase,MERCH-983,Uber,bank_transfer,DE
TXN-00000170,ACC-5710,528.12,GBP,2023-01-22,06:00:00,completed,purchase,MERCH-526,Netflix,bank_transfer,US
TXN-00000171,ACC-5480,180.03,USD,2023-01-22,09:00:00,completed,purchase,MERCH-685,Airbnb,credit_card,DE
TXN-00000172,ACC-9163,129.71,USD,2023-01-22,12:00:00,pending,purchase,MERCH-295,Walmart,debit_card,DE
TXN-00000173,ACC-1448,351.85,USD,2023-01-22,15:00:00,pending,purchase,MERCH-191,Amazon,debit_card,AU
TXN-00000174,ACC-8901,355.36,INR,2023-01-22,18:00:00,completed,refund,MERCH-156,Uber,debit_card,IN
TXN-00000175,ACC-8346,139.36,USD,2023-01-22,21:00:00,completed,purchase,MERCH-418,Netflix,wallet,GB
TXN-00000176,ACC-8311,672.97,USD,2023-01-23,00:00:00,completed,purchase,MERCH-103,Airbnb,credit_card,AU
TXN-00000177,ACC-4710,168.14,EUR,2023-01-23,03:00:00,completed,purchase,MERCH-477,Uber,bank_transfer,IN
TXN-00000178,ACC-5642,454.4,USD,2023-01-23,06:00:00,pending,purchase,MERCH-391,Apple,wallet,DE
TXN-00000179,ACC-4320,122.31,INR,2023-01-23,09:00:00,completed,purchase,MERCH-573,Walmart,wallet,US
TXN-00000180,ACC-3265,532.51,USD,2023-01-23,12:00:00,completed,transfer,MERCH-629,Walmart,wallet,DE
TXN-00000181,ACC-8878,517.88,USD,2023-01-23,15:00:00,pending,purchase,MERCH-377,Stripe,credit_card,IN
TXN-00000182,ACC-5553,441.8,USD,2023-01-23,18:00:00,completed,purchase,MERCH-509,Walmart,credit_card,GB
TXN-00000183,ACC-7509,559.47,USD,2023-01-23,21:00:00,completed,purchase,MERCH-170,Uber,wallet,DE
TXN-00000184,ACC-1907,299.76,USD,2023-01-24,00:00:00,completed,purchase,MERCH-371,Stripe,bank_transfer,US
TXN-00000185,ACC-8099,71.44,GBP,2023-01-24,03:00:00,completed,purchase,MERCH-979,PayPal,bank_transfer,DE
TXN-00000186,ACC-6928,249.34,USD,2023-01-24,06:00:00,pending,transfer,MERCH-991,Apple,debit_card,AU
TXN-00000187,ACC-9977,82.88,USD,2023-01-24,09:00:00,completed,purchase,MERCH-536,Amazon,bank_transfer,IN
TXN-00000188,ACC-2205,335.67,USD,2023-01-24,12:00:00,completed,purchase,MERCH-944,Stripe,credit_card,US
TXN-00000189,ACC-5859,41.42,USD,2023-01-24,15:00:00,completed,withdrawal,MERCH-550,Airbnb,debit_card,IN
TXN-00000190,ACC-5600,295.12,INR,2023-01-24,18:00:00,failed,purchase,MERCH-212,Apple,bank_transfer,IN
TXN-00000191,ACC-5845,55.11,USD,2023-01-24,21:00:00,completed,transfer,MERCH-880,Uber,credit_card,IN
TXN-00000192,ACC-1489,310.64,AUD,2023-01-25,00:00:00,failed,purchase,MERCH-473,Walmart,credit_card,GB
TXN-00000193,ACC-5257,1434.25,USD,2023-01-25,03:00:00,pending,purchase,MERCH-650,Airbnb,credit_card,DE
TXN-00000194,ACC-3695,401.75,USD,2023-01-25,06:00:00,completed,transfer,MERCH-683,Airbnb,credit_card,GB
TXN-00000195,ACC-6555,128.48,USD,2023-01-25,09:00:00,pending,purchase,MERCH-376,Apple,wallet,IN
TXN-00000196,ACC-3088,95.37,USD,2023-01-25,12:00:00,completed,purchase,MERCH-759,Netflix,bank_transfer,IN
TXN-00000197,ACC-4915,189.29,GBP,2023-01-25,15:00:00,completed,purchase,MERCH-550,Apple,wallet,DE
TXN-00000198,ACC-6579,250.33,USD,2023-01-25,18:00:00,completed,purchase,MERCH-429,Amazon,debit_card,DE
TXN-00000199,ACC-1576,325.47,USD,2023-01-25,21:00:00,pending,purchase,MERCH-367,Walmart,bank_transfer,AU
TXN-00000200,ACC-8080,101.86,EUR,2023-01-26,00:00:00,pending,purchase,MERCH-770,PayPal,wallet,DE
TXN-00000201,ACC-7440,351.2,EUR,2023-01-26,03:00:00,completed,purchase,MERCH-324,Netflix,debit_card,DE
TXN-00000202,ACC-1515,64.06,INR,2023-01-26,06:00:00,refunded,purchase,MERCH-211,Walmart,bank_transfer,AU
TXN-00000203,ACC-1582,909.85,AUD,2023-01-26,09:00:00,completed,purchase,MERCH-892,Amazon,bank_transfer,GB
TXN-00000204,ACC-8651,458.82,EUR,2023-01-26,12:00:00,pending,purchase,MERCH-398,Apple,wallet,GB
TXN-00000205,ACC-3549,226.8,GBP,2023-01-26,15:00:00,pending,purchase,MERCH-676,PayPal,wallet,IN
TXN-00000206,ACC-8746,400.92,GBP,2023-01-26,18:00:00,completed,purchase,MERCH-744,Netflix,bank_transfer,IN
TXN-00000207,ACC-5492,59.34,USD,2023-01-26,21:00:00,completed,purchase,MERCH-853,PayPal,bank_transfer,DE
TXN-00000208,ACC-4080,684.47,EUR,2023-01-27,00:00:00,completed,purchase,MERCH-662,Netflix,wallet,US
TXN-00000209,ACC-3461,810.09,USD,2023-01-27,03:00:00,pending,purchase,MERCH-736,Stripe,bank_transfer,US
TXN-00000210,ACC-6930,75.56,GBP,2023-01-27,06:00:00,completed,purchase,MERCH-852,Stripe,debit_card,DE
TXN-00000211,ACC-1987,13.45,AUD,2023-01-27,09:00:00,completed,purchase,MERCH-948,Amazon,bank_transfer,AU
TXN-00000212,ACC-4623,153.29,USD,2023-01-27,12:00:00,completed,purchase,MERCH-142,Amazon,bank_transfer,GB
TXN-00000213,ACC-4112,387.48,GBP,2023-01-27,15:00:00,completed,withdrawal,MERCH-768,PayPal,credit_card,GB
TXN-00000214,ACC-2387,1253.8,INR,2023-01-27,18:00:00,completed,transfer,MERCH-256,PayPal,bank_transfer,IN
TXN-00000215,ACC-4175,142.54,USD,2023-01-27,21:00:00,completed,purchase,MERCH-901,Walmart,bank_transfer,IN
TXN-00000216,ACC-5757,139.6,USD,2023-01-28,00:00:00,pending,withdrawal,MERCH-143,Airbnb,wallet,US
TXN-00000217,ACC-7097,44.55,INR,2023-01-28,03:00:00,completed,transfer,MERCH-321,PayPal,bank_transfer,IN
TXN-00000218,ACC-1777,706.52,AUD,2023-01-28,06:00:00,failed,purchase,MERCH-272,PayPal,credit_card,AU
TXN-00000219,ACC-8850,1090.69,USD,2023-01-28,09:00:00,completed,purchase,MERCH-642,Apple,wallet,DE
TXN-00000220,ACC-8905,25.26,USD,2023-01-28,12:00:00,refunded,purchase,MERCH-103,Stripe,bank_transfer,AU
TXN-00000221,ACC-7227,33.17,EUR,2023-01-28,15:00:00,completed,purchase,MERCH-115,Airbnb,debit_card,DE
TXN-00000222,ACC-9317,106.41,USD,2023-01-28,18:00:00,completed,purchase,MERCH-553,PayPal,wallet,AU
TXN-00000223,ACC-4851,779.91,USD,2023-01-28,21:00:00,completed,purchase,MERCH-973,Walmart,debit_card,GB
TXN-00000224,ACC-8393,1683.19,USD,2023-01-29,00:00:00,completed,purchase,MERCH-574,Uber,debit_card,US
TXN-00000225,ACC-7544,152.34,USD,2023-01-29,03:00:00,completed,withdrawal,MERCH-500,Amazon,wallet,US
TXN-00000226,ACC-6062,489.24,EUR,2023-01-29,06:00:00,pending,purchase,MERCH-691,Apple,wallet,AU
TXN-00000227,ACC-2615,313.08,EUR,2023-01-29,09:00:00,completed,purchase,MERCH-596,Amazon,bank_transfer,DE
TXN-00000228,ACC-6017,85.1,EUR,2023-01-29,12:00:00,completed,purchase,MERCH-446,Netflix,debit_card,GB
TXN-00000229,ACC-9111,277.6,GBP,2023-01-29,15:00:00,completed,purchase,MERCH-629,Stripe,wallet,AU
TXN-00000230,ACC-9860,1018.82,USD,2023-01-29,18:00:00,completed,refund,MERCH-102,Airbnb,credit_card,GB
TXN-00000231,ACC-5032,501.05,USD,2023-01-29,21:00:00,completed,refund,MERCH-319,Apple,bank_transfer,IN
TXN-00000232,ACC-3230,525.82,USD,2023-01-30,00:00:00,completed,purchase,MERCH-705,Netflix,bank_transfer,GB
TXN-00000233,ACC-7726,479.33,USD,2023-01-30,03:00:00,completed,purchase,MERCH-407,Apple,wallet,US
TXN-00000234,ACC-1683,52.81,USD,2023-01-30,06:00:00,refunded,purchase,MERCH-148,Airbnb,debit_card,GB
TXN-00000235,ACC-2359,248.85,USD,2023-01-30,09:00:00,completed,purchase,MERCH-211,Apple,wallet,GB
TXN-00000236,ACC-6056,407.05,USD,2023-01-30,12:00:00,completed,refund,MERCH-878,Amazon,credit_card,IN
TXN-00000237,ACC-9910,263.49,USD,2023-01-30,15:00:00,completed,purchase,MERCH-396,Uber,wallet,US
TXN-00000238,ACC-3958,3.77,EUR,2023-01-30,18:00:00,completed,purchase,MERCH-120,Stripe,credit_card,GB
TXN-00000239,ACC-4989,32.85,EUR,2023-01-30,21:00:00,completed,purchase,MERCH-755,Netflix,bank_transfer,IN
TXN-00000240,ACC-3900,821.07,INR,2023-01-31,00:00:00,failed,purchase,MERCH-576,Walmart,credit_card,GB
TXN-00000241,ACC-4964,496.33,GBP,2023-01-31,03:00:00,completed,purchase,MERCH-505,Amazon,wallet,DE
TXN-00000242,ACC-1063,474.13,EUR,2023-01-31,06:00:00,completed,purchase,MERCH-904,PayPal,wallet,DE
TXN-00000243,ACC-6351,755.78,USD,2023-01-31,09:00:00,pending,purchase,MERCH-382,Stripe,credit_card,AU
TXN-00000244,ACC-6365,424.44,EUR,2023-01-31,12:00:00,completed,purchase,MERCH-614,Walmart,wallet,AU
TXN-00000245,ACC-3839,1325.89,USD,2023-01-31,15:00:00,pending,transfer,MERCH-769,Amazon,debit_card,GB
TXN-00000246,ACC-3376,823.57,USD,2023-01-31,18:00:00,completed,purchase,MERCH-646,Walmart,bank_transfer,DE
TXN-00000247,ACC-7853,111.01,USD,2023-01-31,21:00:00,completed,purchase,MERCH-286,Netflix,credit_card,DE
TXN-00000248,ACC-2690,144.43,USD,2023-02-01,00:00:00,failed,purchase,MERCH-712,Stripe,credit_card,IN
TXN-00000249,ACC-1423,260.43,USD,2023-02-01,03:00:00,pending,purchase,MERCH-768,Walmart,credit_card,DE
TXN-00000250,ACC-1363,107.96,EUR,2023-02-01,06:00:00,pending,purchase,MERCH-210,Stripe,bank_transfer,US
TXN-00000251,ACC-8934,684.69,GBP,2023-02-01,09:00:00,completed,purchase,MERCH-248,Amazon,bank_transfer,GB
TXN-00000252,ACC-4278,67.53,GBP,2023-02-01,12:00:00,pending,purchase,MERCH-706,Airbnb,wallet,AU
TXN-00000253,ACC-1916,311.82,EUR,2023-02-01,15:00:00,completed,purchase,MERCH-206,Apple,credit_card,AU
TXN-00000254,ACC-8909,478.57,USD,2023-02-01,18:00:00,completed,purchase,MERCH-891,PayPal,bank_transfer,US
TXN-00000255,ACC-2337,312.78,USD,2023-02-01,21:00:00,completed,purchase,MERCH-198,Netflix,credit_card,IN
TXN-00000256,ACC-4029,103.25,EUR,2023-02-02,00:00:00,completed,purchase,MERCH-975,Apple,debit_card,GB
TXN-00000257,ACC-1186,239.92,USD,2023-02-02,03:00:00,completed,purchase,MERCH-703,Walmart,credit_card,US
TXN-00000258,ACC-7110,53.83,USD,2023-02-02,06:00:00,completed,purchase,MERCH-498,Stripe,credit_card,US
TXN-00000259,ACC-7293,255.48,USD,2023-02-02,09:00:00,completed,purchase,MERCH-341,Netflix,bank_transfer,IN
TXN-00000260,ACC-7808,283.15,INR,2023-02-02,12:00:00,pending,refund,MERCH-409,Apple,wallet,DE
TXN-00000261,ACC-3367,243.59,EUR,2023-02-02,15:00:00,failed,transfer,MERCH-772,Airbnb,bank_transfer,IN
TXN-00000262,ACC-3952,276.19,USD,2023-02-02,18:00:00,completed,purchase,MERCH-777,Uber,wallet,GB
TXN-00000263,ACC-9442,-98.7,EUR,2023-02-02,21:00:00,failed,purchase,MERCH-287,Airbnb,bank_transfer,DE
TXN-00000264,ACC-8393,1182.02,USD,2023-02-03,00:00:00,completed,purchase,MERCH-588,Netflix,credit_card,DE
TXN-00000265,ACC-1334,452.34,USD,2023-02-03,03:00:00,completed,purchase,MERCH-992,Amazon,debit_card,AU
TXN-00000266,ACC-7226,339.46,USD,2023-02-03,06:00:00,pending,purchase,MERCH-331,Amazon,wallet,GB
TXN-00000267,ACC-8313,379.49,USD,2023-02-03,09:00:00,completed,refund,MERCH-723,Amazon,credit_card,GB
TXN-00000268,ACC-6032,167.2,EUR,2023-02-03,12:00:00,completed,purchase,MERCH-254,Uber,credit_card,IN
TXN-00000269,ACC-6758,904.01,USD,2023-02-03,15:00:00,completed,purchase,MERCH-849,Uber,wallet,IN
TXN-00000270,ACC-1008,53.48,GBP,2023-02-03,18:00:00,completed,purchase,MERCH-253,Airbnb,credit_card,IN
TXN-00000271,ACC-1270,-14.94,USD,2023-02-03,21:00:00,pending,purchase,MERCH-367,PayPal,wallet,AU
TXN-00000272,ACC-1315,389.18,EUR,2023-02-04,00:00:00,completed,transfer,MERCH-512,Walmart,wallet,US
TXN-00000273,ACC-2430,304.78,EUR,2023-02-04,03:00:00,completed,purchase,MERCH-433,PayPal,bank_transfer,IN
TXN-00000274,ACC-9916,138.48,EUR,2023-02-04,06:00:00,completed,purchase,MERCH-252,PayPal,bank_transfer,IN
TXN-00000275,ACC-6708,1386.99,EUR,2023-02-04,09:00:00,completed,purchase,MERCH-676,Uber,credit_card,GB
TXN-00000276,ACC-8039,436.06,AUD,2023-02-04,12:00:00,completed,purchase,MERCH-117,Uber,debit_card,DE
TXN-00000277,ACC-3659,253.12,USD,2023-02-04,15:00:00,failed,purchase,MERCH-984,Walmart,wallet,AU
TXN-00000278,ACC-9437,548.42,EUR,2023-02-04,18:00:00,completed,purchase,MERCH-146,Walmart,wallet,IN
TXN-00000279,ACC-2790,61.91,EUR,2023-02-04,21:00:00,pending,purchase,MERCH-400,Amazon,debit_card,US
TXN-00000280,ACC-9119,145.95,USD,2023-02-05,00:00:00,completed,purchase,MERCH-935,Airbnb,wallet,US
TXN-00000281,ACC-1277,77.94,USD,2023-02-05,03:00:00,pending,refund,MERCH-239,Netflix,wallet,IN
TXN-00000282,ACC-1183,82.37,USD,2023-02-05,06:00:00,completed,purchase,MERCH-165,Walmart,credit_card,DE
TXN-00000283,ACC-1709,528.31,USD,2023-02-05,09:00:00,completed,purchase,MERCH-768,Walmart,bank_transfer,GB
TXN-00000284,ACC-8125,221.38,USD,2023-02-05,12:00:00,completed,refund,MERCH-165,Amazon,bank_transfer,GB
TXN-00000285,ACC-3317,287.15,USD,2023-02-05,15:00:00,completed,purchase,MERCH-908,Airbnb,bank_transfer,AU
TXN-00000286,ACC-5059,130.08,EUR,2023-02-05,18:00:00,pending,purchase,MERCH-505,Airbnb,wallet,US
TXN-00000287,ACC-5241,46.14,USD,2023-02-05,21:00:00,completed,transfer,MERCH-881,Airbnb,wallet,US
TXN-00000288,ACC-8105,105.62,GBP,2023-02-06,00:00:00,failed,purchase,MERCH-320,Amazon,bank_transfer,US
TXN-00000289,ACC-4138,109.33,USD,2023-02-06,03:00:00,completed,purchase,MERCH-226,Amazon,debit_card,AU
TXN-00000290,ACC-1060,329.62,EUR,2023-02-06,06:00:00,completed,purchase,MERCH-965,Amazon,wallet,IN
TXN-00000291,ACC-4477,455.9,USD,2023-02-06,09:00:00,completed,purchase,MERCH-785,Stripe,wallet,US
TXN-00000292,ACC-3593,1461.94,USD,2023-02-06,12:00:00,completed,purchase,MERCH-918,Airbnb,bank_transfer,GB
TXN-00000293,ACC-7577,781.37,,2023-02-06,15:00:00,completed,transfer,MERCH-387,Apple,bank_transfer,AU
TXN-00000294,ACC-7761,1598.63,EUR,2023-02-06,18:00:00,completed,purchase,MERCH-463,Amazon,credit_card,DE
TXN-00000295,ACC-1827,540.76,USD,2023-02-06,21:00:00,refunded,refund,MERCH-618,Apple,debit_card,GB
TXN-00000296,ACC-8136,3.88,INR,2023-02-07,00:00:00,completed,purchase,MERCH-503,Stripe,credit_card,GB
TXN-00000297,ACC-1634,40.51,USD,2023-02-07,03:00:00,completed,purchase,MERCH-318,Walmart,bank_transfer,US
TXN-00000298,ACC-6576,317.41,EUR,2023-02-07,06:00:00,completed,purchase,MERCH-437,Stripe,wallet,DE
TXN-00000299,ACC-4503,242.52,USD,2023-02-07,09:00:00,completed,purchase,MERCH-647,Netflix,credit_card,US
TXN-00000300,ACC-3711,87.17,EUR,2023-02-07,12:00:00,completed,purchase,MERCH-134,Walmart,wallet,GB
TXN-00000301,ACC-5348,90.92,USD,2023-02-07,15:00:00,completed,purchase,MERCH-402,PayPal,credit_card,GB
TXN-00000302,ACC-3792,472.79,USD,2023-02-07,18:00:00,completed,purchase,MERCH-363,Uber,credit_card,DE
TXN-00000303,ACC-8143,155.34,USD,2023-02-07,21:00:00,completed,purchase,MERCH-163,Airbnb,wallet,DE
TXN-00000304,ACC-9699,484.24,USD,2023-02-08,00:00:00,completed,purchase,MERCH-210,Amazon,credit_card,DE
TXN-00000305,ACC-8341,435.1,USD,2023-02-08,03:00:00,completed,purchase,MERCH-545,Apple,bank_transfer,GB
TXN-00000306,ACC-4952,179.6,AUD,2023-02-08,06:00:00,completed,purchase,MERCH-192,Airbnb,wallet,GB
TXN-00000307,ACC-5529,273.23,USD,2023-02-08,09:00:00,completed,purchase,MERCH-410,Airbnb,debit_card,GB
TXN-00000308,ACC-5023,-132.09,USD,2023-02-08,12:00:00,completed,purchase,MERCH-604,Amazon,credit_card,US
TXN-00000309,ACC-8141,332.79,AUD,2023-02-08,15:00:00,completed,purchase,MERCH-885,Uber,debit_card,DE
TXN-00000310,ACC-5970,918.66,USD,2023-02-08,18:00:00,pending,purchase,MERCH-188,PayPal,credit_card,IN
TXN-00000311,ACC-5212,525.37,USD,2023-02-08,21:00:00,completed,purchase,MERCH-490,Stripe,bank_transfer,IN
TXN-00000312,ACC-4685,350.47,EUR,2023-02-09,00:00:00,completed,purchase,MERCH-192,Walmart,wallet,AU
TXN-00000313,ACC-4375,485.21,INR,2023-02-09,03:00:00,completed,purchase,MERCH-485,PayPal,wallet,US
TXN-00000314,ACC-5973,190.76,EUR,2023-02-09,06:00:00,completed,purchase,MERCH-531,Airbnb,wallet,AU
TXN-00000315,ACC-7200,188.89,USD,2023-02-09,09:00:00,completed,purchase,MERCH-818,Amazon,wallet,DE
TXN-00000316,ACC-4890,52.43,AUD,2023-02-09,12:00:00,pending,transfer,MERCH-497,Walmart,wallet,GB
TXN-00000317,ACC-8259,170.11,USD,2023-02-09,15:00:00,failed,refund,MERCH-941,PayPal,wallet,DE
TXN-00000318,ACC-8439,276.61,AUD,2023-02-09,18:00:00,completed,purchase,MERCH-223,Walmart,bank_transfer,DE
TXN-00000319,ACC-4861,150.12,GBP,2023-02-09,21:00:00,completed,purchase,MERCH-147,Amazon,wallet,GB
TXN-00000320,ACC-9180,22.77,INR,2023-02-10,00:00:00,completed,purchase,MERCH-103,Netflix,debit_card,GB
TXN-00000321,ACC-2557,15.97,USD,2023-02-10,03:00:00,completed,withdrawal,MERCH-420,Uber,debit_card,AU
TXN-00000322,ACC-9388,125.0,USD,2023-02-10,06:00:00,completed,purchase,MERCH-273,Uber,wallet,US
TXN-00000323,ACC-3646,82.96,EUR,2023-02-10,09:00:00,completed,purchase,MERCH-182,Airbnb,debit_card,US
TXN-00000324,ACC-6078,216.94,USD,2023-02-10,12:00:00,completed,purchase,MERCH-312,PayPal,debit_card,DE
TXN-00000325,ACC-3551,319.88,USD,2023-02-10,15:00:00,completed,purchase,MERCH-976,Stripe,credit_card,AU
TXN-00000326,ACC-4978,311.99,INR,2023-02-10,18:00:00,completed,purchase,MERCH-819,Amazon,debit_card,IN
TXN-00000327,ACC-4060,73.11,EUR,2023-02-10,21:00:00,completed,purchase,MERCH-116,Amazon,bank_transfer,US
TXN-00000328,ACC-7346,524.29,USD,2023-02-11,00:00:00,completed,purchase,MERCH-922,Amazon,wallet,IN
TXN-00000329,ACC-1730,834.31,USD,2023-02-11,03:00:00,completed,purchase,MERCH-284,Netflix,credit_card,GB
TXN-00000330,ACC-8544,332.04,USD,2023-02-11,06:00:00,completed,transfer,MERCH-464,Apple,bank_transfer,AU
TXN-00000331,ACC-9133,279.32,USD,2023-02-11,09:00:00,completed,refund,MERCH-394,PayPal,wallet,DE
TXN-00000332,ACC-6066,74.82,USD,2023-02-11,12:00:00,pending,purchase,MERCH-464,Apple,wallet,GB
TXN-00000333,ACC-5924,9.83,GBP,2023-02-11,15:00:00,completed,purchase,MERCH-783,Amazon,wallet,DE
TXN-00000334,ACC-7299,471.13,EUR,2023-02-11,18:00:00,completed,purchase,MERCH-740,PayPal,credit_card,DE
TXN-00000335,ACC-2791,901.9,USD,2023-02-11,21:00:00,completed,transfer,MERCH-634,Apple,debit_card,DE
TXN-00000336,ACC-7746,1053.05,USD,2023-02-12,00:00:00,completed,purchase,MERCH-663,PayPal,wallet,GB
TXN-00000337,ACC-2967,18.89,EUR,2023-02-12,03:00:00,completed,purchase,MERCH-754,Stripe,wallet,IN
TXN-00000338,ACC-7086,389.1,GBP,2023-02-12,06:00:00,failed,transfer,MERCH-265,PayPal,bank_transfer,US
TXN-00000339,ACC-3749,220.13,INR,2023-02-12,09:00:00,completed,purchase,MERCH-455,Stripe,wallet,IN
TXN-00000340,ACC-7714,6.78,USD,2023-02-12,12:00:00,pending,purchase,MERCH-196,Walmart,bank_transfer,GB
TXN-00000341,ACC-8118,177.51,GBP,2023-02-12,15:00:00,completed,purchase,MERCH-733,Airbnb,credit_card,IN
TXN-00000342,ACC-2877,98.62,USD,2023-02-12,18:00:00,completed,purchase,MERCH-493,Netflix,wallet,AU
TXN-00000343,ACC-6556,260.59,USD,2023-02-12,21:00:00,completed,purchase,MERCH-672,Airbnb,credit_card,AU
TXN-00000344,ACC-5484,392.17,INR,2023-02-13,00:00:00,completed,purchase,MERCH-607,Airbnb,debit_card,IN
TXN-00000345,ACC-3646,257.91,USD,2023-02-13,03:00:00,completed,transfer,MERCH-345,Uber,credit_card,DE
TXN-00000346,ACC-6293,330.38,USD,2023-02-13,06:00:00,completed,purchase,MERCH-224,Apple,bank_transfer,US
TXN-00000347,ACC-9932,317.7,USD,2023-02-13,09:00:00,completed,refund,MERCH-974,PayPal,credit_card,IN
TXN-00000348,ACC-1022,0.41,USD,2023-02-13,12:00:00,completed,purchase,MERCH-363,Airbnb,bank_transfer,DE
TXN-00000349,ACC-9610,1187.03,USD,2023-02-13,15:00:00,completed,purchase,MERCH-198,PayPal,wallet,DE
TXN-00000350,ACC-8702,545.6,EUR,2023-02-13,18:00:00,completed,transfer,MERCH-375,Walmart,wallet,AU
TXN-00000351,ACC-5763,10.13,USD,2023-02-13,21:00:00,completed,purchase,MERCH-911,Stripe,debit_card,IN
TXN-00000352,ACC-6489,88.04,USD,2023-02-14,00:00:00,completed,purchase,MERCH-334,Apple,wallet,AU
TXN-00000353,ACC-4322,92.78,INR,2023-02-14,03:00:00,completed,purchase,MERCH-987,Netflix,debit_card,AU
TXN-00000354,ACC-2162,41.06,USD,2023-02-14,06:00:00,completed,purchase,MERCH-514,Stripe,bank_transfer,IN
TXN-00000355,ACC-6142,27.59,INR,2023-02-14,09:00:00,completed,transfer,MERCH-874,Apple,bank_transfer,US
TXN-00000356,ACC-8346,242.1,USD,2023-02-14,12:00:00,completed,purchase,MERCH-687,Apple,credit_card,GB
TXN-00000357,ACC-3079,40.6,EUR,2023-02-14,15:00:00,completed,purchase,MERCH-139,PayPal,credit_card,DE
TXN-00000358,ACC-7452,491.93,USD,2023-02-14,18:00:00,completed,purchase,MERCH-557,PayPal,credit_card,IN
TXN-00000359,ACC-7731,243.63,GBP,2023-02-14,21:00:00,completed,purchase,MERCH-474,Apple,wallet,AU
TXN-00000360,ACC-7823,88.45,USD,2023-02-15,00:00:00,completed,purchase,MERCH-281,Apple,wallet,AU
TXN-00000361,ACC-4059,456.79,INR,2023-02-15,03:00:00,completed,purchase,MERCH-594,Walmart,debit_card,US
TXN-00000362,ACC-4527,395.26,USD,2023-02-15,06:00:00,completed,refund,MERCH-192,Amazon,wallet,AU
TXN-00000363,ACC-4745,1001.31,EUR,2023-02-15,09:00:00,failed,purchase,MERCH-727,Uber,credit_card,GB
TXN-00000364,ACC-8686,60.56,USD,2023-02-15,12:00:00,pending,refund,MERCH-838,Apple,wallet,AU
TXN-00000365,ACC-9103,51.29,USD,2023-02-15,15:00:00,completed,purchase,MERCH-183,Stripe,credit_card,IN
TXN-00000366,ACC-4725,56.24,USD,2023-02-15,18:00:00,completed,purchase,MERCH-530,Walmart,credit_card,IN
TXN-00000367,ACC-9728,154.98,USD,2023-02-15,21:00:00,completed,purchase,MERCH-688,Airbnb,wallet,US
TXN-00000368,ACC-6134,644.35,USD,2023-02-16,00:00:00,pending,purchase,MERCH-155,Uber,debit_card,US
TXN-00000369,ACC-4465,1113.7,EUR,2023-02-16,03:00:00,completed,purchase,MERCH-450,Uber,debit_card,IN
TXN-00000370,ACC-1005,316.79,USD,2023-02-16,06:00:00,completed,purchase,MERCH-332,Amazon,wallet,IN
TXN-00000371,ACC-6499,584.28,USD,2023-02-16,09:00:00,completed,purchase,MERCH-135,Netflix,debit_card,IN
TXN-00000372,ACC-6803,1458.04,USD,2023-02-16,12:00:00,completed,transfer,MERCH-822,Airbnb,wallet,US
TXN-00000373,ACC-9714,11.08,USD,2023-02-16,15:00:00,completed,purchase,MERCH-499,Apple,credit_card,IN
TXN-00000374,ACC-7462,842.84,USD,2023-02-16,18:00:00,pending,purchase,MERCH-775,Stripe,credit_card,US
TXN-00000375,ACC-1267,132.15,EUR,2023-02-16,21:00:00,failed,withdrawal,MERCH-627,Uber,debit_card,US
TXN-00000376,ACC-6103,3.86,USD,2023-02-17,00:00:00,completed,purchase,MERCH-887,Apple,bank_transfer,IN
TXN-00000377,ACC-7684,174.33,INR,2023-02-17,03:00:00,completed,refund,MERCH-996,Amazon,credit_card,DE
TXN-00000378,ACC-5468,1000.56,USD,2023-02-17,06:00:00,completed,purchase,MERCH-641,Walmart,credit_card,DE
TXN-00000379,ACC-4863,182.08,USD,2023-02-17,09:00:00,completed,refund,MERCH-416,Netflix,bank_transfer,AU
TXN-00000380,ACC-8288,248.15,INR,2023-02-17,12:00:00,completed,purchase,MERCH-480,Netflix,debit_card,AU
TXN-00000381,ACC-6501,95.62,USD,2023-02-17,15:00:00,completed,purchase,MERCH-842,Stripe,debit_card,GB
TXN-00000382,ACC-7131,1.29,USD,2023-02-17,18:00:00,pending,purchase,MERCH-483,Stripe,credit_card,DE
TXN-00000383,ACC-5176,836.31,AUD,2023-02-17,21:00:00,refunded,purchase,MERCH-567,Walmart,credit_card,US
TXN-00000384,ACC-3502,300.2,INR,2023-02-18,00:00:00,completed,purchase,MERCH-274,Uber,credit_card,AU
TXN-00000385,ACC-5671,24.24,EUR,2023-02-18,03:00:00,completed,withdrawal,MERCH-990,Netflix,bank_transfer,GB
TXN-00000386,ACC-9630,348.78,USD,2023-02-18,06:00:00,completed,purchase,MERCH-685,Amazon,credit_card,DE
TXN-00000387,ACC-6423,95.33,EUR,2023-02-18,09:00:00,completed,purchase,MERCH-396,Airbnb,credit_card,AU
TXN-00000388,ACC-7364,20.14,AUD,2023-02-18,12:00:00,completed,transfer,MERCH-625,Uber,wallet,DE
TXN-00000389,ACC-2117,163.2,INR,2023-02-18,15:00:00,completed,purchase,MERCH-460,Amazon,debit_card,AU
TXN-00000390,ACC-9890,618.63,USD,2023-02-18,18:00:00,completed,purchase,MERCH-239,Netflix,bank_transfer,US
TXN-00000391,ACC-3202,731.08,USD,2023-02-18,21:00:00,pending,purchase,MERCH-886,Airbnb,debit_card,US
TXN-00000392,ACC-9740,-433.77,USD,2023-02-19,00:00:00,completed,purchase,MERCH-896,Apple,wallet,DE
TXN-00000393,ACC-5011,365.14,USD,2023-02-19,03:00:00,completed,purchase,MERCH-850,Apple,wallet,IN
TXN-00000394,ACC-9269,90.0,EUR,2023-02-19,06:00:00,completed,purchase,MERCH-431,Amazon,debit_card,US
TXN-00000395,ACC-9025,55.34,USD,2023-02-19,09:00:00,refunded,purchase,MERCH-330,Walmart,bank_transfer,DE
TXN-00000396,ACC-7797,586.68,USD,2023-02-19,12:00:00,completed,purchase,MERCH-144,PayPal,debit_card,US
TXN-00000397,ACC-9246,158.66,USD,2023-02-19,15:00:00,completed,purchase,MERCH-757,Uber,wallet,AU
TXN-00000398,ACC-6484,-919.58,USD,2023-02-19,18:00:00,completed,purchase,MERCH-394,Walmart,debit_card,US
TXN-00000399,ACC-8638,280.69,USD,2023-02-19,21:00:00,completed,purchase,MERCH-902,Netflix,wallet,IN
TXN-00000400,ACC-2549,446.31,USD,2023-02-20,00:00:00,refunded,purchase,MERCH-882,Walmart,bank_transfer,AU
TXN-00000401,ACC-1632,364.23,USD,2023-02-20,03:00:00,completed,purchase,MERCH-215,Netflix,bank_transfer,IN
TXN-00000402,ACC-5889,227.53,AUD,2023-02-20,06:00:00,failed,purchase,MERCH-924,Walmart,debit_card,DE
TXN-00000403,ACC-8287,4.04,USD,2023-02-20,09:00:00,completed,purchase,MERCH-226,Uber,wallet,DE
TXN-00000404,ACC-7887,49.77,USD,2023-02-20,12:00:00,completed,purchase,MERCH-540,Uber,bank_transfer,AU
TXN-00000405,ACC-5750,81.52,USD,2023-02-20,15:00:00,completed,transfer,MERCH-526,Airbnb,wallet,IN
TXN-00000406,ACC-5687,25.2,USD,2023-02-20,18:00:00,completed,purchase,MERCH-959,Netflix,wallet,AU
TXN-00000407,ACC-6487,47.59,USD,2023-02-20,21:00:00,completed,purchase,MERCH-690,Apple,credit_card,IN
TXN-00000408,ACC-8813,283.11,USD,2023-02-21,00:00:00,completed,purchase,MERCH-886,Walmart,wallet,AU
TXN-00000409,ACC-8575,316.2,USD,2023-02-21,03:00:00,completed,purchase,MERCH-635,Walmart,wallet,DE
TXN-00000410,ACC-1986,429.94,USD,2023-02-21,06:00:00,pending,refund,MERCH-841,Netflix,credit_card,US
TXN-00000411,ACC-6361,71.0,EUR,2023-02-21,09:00:00,refunded,transfer,MERCH-866,Netflix,wallet,DE
TXN-00000412,ACC-4428,548.79,USD,2023-02-21,12:00:00,completed,transfer,MERCH-872,Airbnb,bank_transfer,AU
TXN-00000413,ACC-8193,81.19,USD,2023-02-21,15:00:00,completed,purchase,MERCH-470,Amazon,debit_card,US
TXN-00000414,ACC-5553,7.26,EUR,2023-02-21,18:00:00,pending,purchase,MERCH-443,Apple,credit_card,AU
TXN-00000415,ACC-9921,172.8,USD,2023-02-21,21:00:00,completed,purchase,MERCH-985,Stripe,debit_card,US
TXN-00000416,ACC-4890,70.25,USD,2023-02-22,00:00:00,pending,purchase,MERCH-780,PayPal,credit_card,AU
TXN-00000417,ACC-7111,312.44,USD,2023-02-22,03:00:00,completed,purchase,MERCH-924,PayPal,bank_transfer,DE
TXN-00000418,ACC-1977,890.81,USD,2023-02-22,06:00:00,completed,purchase,MERCH-619,Apple,bank_transfer,US
TXN-00000419,ACC-9390,200.85,USD,2023-02-22,09:00:00,completed,purchase,MERCH-935,Walmart,bank_transfer,DE
TXN-00000420,ACC-2381,868.81,AUD,2023-02-22,12:00:00,completed,transfer,MERCH-746,Walmart,bank_transfer,US
TXN-00000421,ACC-4404,163.09,AUD,2023-02-22,15:00:00,completed,purchase,MERCH-767,Walmart,debit_card,IN
TXN-00000422,ACC-8537,9.36,AUD,2023-02-22,18:00:00,completed,purchase,MERCH-259,PayPal,bank_transfer,AU
TXN-00000423,ACC-9705,837.29,USD,2023-02-22,21:00:00,pending,transfer,MERCH-609,PayPal,wallet,GB
TXN-00000424,ACC-5358,223.01,USD,2023-02-23,00:00:00,refunded,purchase,MERCH-757,Stripe,credit_card,US
TXN-00000425,ACC-5362,677.41,USD,2023-02-23,03:00:00,completed,purchase,MERCH-784,Airbnb,debit_card,IN
TXN-00000426,ACC-1438,82.27,USD,2023-02-23,06:00:00,completed,purchase,MERCH-960,Apple,wallet,GB
TXN-00000427,ACC-9808,276.52,USD,2023-02-23,09:00:00,completed,purchase,MERCH-393,Netflix,wallet,US
TXN-00000428,ACC-1148,29.09,USD,2023-02-23,12:00:00,completed,purchase,MERCH-372,Stripe,wallet,IN
TXN-00000429,ACC-1234,325.75,USD,2023-02-23,15:00:00,completed,purchase,MERCH-971,Stripe,credit_card,GB
TXN-00000430,ACC-5260,175.32,USD,2023-02-23,18:00:00,pending,purchase,MERCH-986,Uber,debit_card,US
TXN-00000431,ACC-1032,574.69,USD,2023-02-23,21:00:00,completed,purchase,MERCH-261,Stripe,credit_card,GB
TXN-00000432,ACC-2479,327.69,EUR,2023-02-24,00:00:00,completed,purchase,MERCH-440,Apple,wallet,US
TXN-00000433,ACC-6648,342.49,USD,2023-02-24,03:00:00,completed,purchase,MERCH-952,Netflix,bank_transfer,AU
TXN-00000434,ACC-7345,156.16,INR,2023-02-24,06:00:00,completed,refund,MERCH-279,Stripe,credit_card,AU
TXN-00000435,ACC-3683,369.43,USD,2023-02-24,09:00:00,completed,purchase,MERCH-804,Netflix,credit_card,GB
TXN-00000436,ACC-8157,478.94,USD,2023-02-24,12:00:00,completed,purchase,MERCH-200,Stripe,bank_transfer,AU
TXN-00000437,ACC-6468,260.57,USD,2023-02-24,15:00:00,completed,purchase,MERCH-260,Netflix,wallet,IN
TXN-00000438,ACC-3054,617.47,USD,2023-02-24,18:00:00,completed,refund,MERCH-805,Apple,wallet,AU
TXN-00000439,ACC-7411,92.02,USD,2023-02-24,21:00:00,completed,purchase,MERCH-646,Walmart,wallet,US
TXN-00000440,ACC-6329,241.49,USD,2023-02-25,00:00:00,completed,purchase,MERCH-598,Uber,wallet,GB
TXN-00000441,ACC-8308,338.68,EUR,2023-02-25,03:00:00,completed,purchase,MERCH-870,Netflix,wallet,DE
TXN-00000442,ACC-2389,149.99,USD,2023-02-25,06:00:00,completed,purchase,MERCH-376,Apple,wallet,GB
TXN-00000443,ACC-3077,78.08,USD,2023-02-25,09:00:00,completed,purchase,MERCH-552,Airbnb,wallet,AU
TXN-00000444,ACC-3731,35.18,INR,2023-02-25,12:00:00,pending,purchase,MERCH-646,Amazon,debit_card,IN
TXN-00000445,ACC-4072,304.74,USD,2023-02-25,15:00:00,completed,purchase,MERCH-765,Amazon,wallet,IN
TXN-00000446,ACC-8998,96.08,EUR,2023-02-25,18:00:00,completed,purchase,MERCH-398,PayPal,wallet,IN
TXN-00000447,ACC-7592,22.17,USD,2023-02-25,21:00:00,completed,purchase,MERCH-669,Airbnb,credit_card,DE
TXN-00000448,ACC-5896,290.17,USD,2023-02-26,00:00:00,completed,purchase,MERCH-503,Uber,bank_transfer,US
TXN-00000449,ACC-5863,38.47,USD,2023-02-26,03:00:00,completed,purchase,MERCH-587,Amazon,debit_card,DE
TXN-00000450,ACC-8972,727.35,USD,2023-02-26,06:00:00,completed,purchase,MERCH-875,Uber,credit_card,DE
TXN-00000451,ACC-5020,29.53,EUR,2023-02-26,09:00:00,completed,purchase,MERCH-453,Netflix,credit_card,AU
TXN-00000452,ACC-3027,476.04,USD,2023-02-26,12:00:00,completed,transfer,MERCH-700,Uber,credit_card,AU
TXN-00000453,ACC-2231,348.16,USD,2023-02-26,15:00:00,completed,refund,MERCH-946,Amazon,wallet,DE
TXN-00000454,ACC-3969,18.0,USD,2023-02-26,18:00:00,completed,transfer,MERCH-785,Uber,wallet,IN
TXN-00000455,ACC-6878,152.21,INR,2023-02-26,21:00:00,pending,purchase,MERCH-988,Uber,credit_card,IN
TXN-00000456,ACC-5238,592.22,GBP,2023-02-27,00:00:00,completed,purchase,MERCH-624,Apple,bank_transfer,GB
TXN-00000457,ACC-4795,57.09,INR,2023-02-27,03:00:00,completed,purchase,MERCH-353,Amazon,bank_transfer,AU
TXN-00000458,ACC-5320,216.33,EUR,2023-02-27,06:00:00,completed,purchase,MERCH-991,PayPal,bank_transfer,GB
TXN-00000459,ACC-9772,599.15,,2023-02-27,09:00:00,completed,purchase,MERCH-679,Airbnb,bank_transfer,IN
TXN-00000460,ACC-9977,64.66,USD,2023-02-27,12:00:00,completed,purchase,MERCH-317,Uber,wallet,US
TXN-00000461,ACC-2451,-98.38,INR,2023-02-27,15:00:00,completed,purchase,MERCH-385,Stripe,bank_transfer,GB
TXN-00000462,ACC-2029,36.69,USD,2023-02-27,18:00:00,completed,purchase,MERCH-335,Airbnb,bank_transfer,GB
TXN-00000463,ACC-3198,828.21,USD,2023-02-27,21:00:00,completed,transfer,MERCH-849,Walmart,bank_transfer,IN
TXN-00000464,ACC-8666,-32.08,EUR,2023-02-28,00:00:00,completed,purchase,MERCH-183,Netflix,debit_card,IN
TXN-00000465,ACC-5135,1033.99,USD,2023-02-28,03:00:00,completed,purchase,MERCH-765,PayPal,wallet,DE
TXN-00000466,ACC-8772,168.61,USD,2023-02-28,06:00:00,completed,purchase,MERCH-598,Apple,debit_card,IN
TXN-00000467,ACC-6820,533.69,USD,2023-02-28,09:00:00,completed,purchase,MERCH-166,PayPal,wallet,US
TXN-00000468,ACC-5978,463.66,USD,2023-02-28,12:00:00,completed,transfer,MERCH-651,Amazon,bank_transfer,IN
TXN-00000469,ACC-3533,324.76,GBP,2023-02-28,15:00:00,pending,purchase,MERCH-777,Apple,bank_transfer,US
TXN-00000470,ACC-4095,190.89,USD,2023-02-28,18:00:00,completed,transfer,MERCH-752,Apple,wallet,AU
TXN-00000471,ACC-2329,308.9,GBP,2023-02-28,21:00:00,completed,refund,MERCH-575,Uber,bank_transfer,DE
TXN-00000472,ACC-5672,128.44,USD,2023-03-01,00:00:00,completed,purchase,MERCH-401,Walmart,bank_transfer,GB
TXN-00000473,ACC-3523,365.42,GBP,2023-03-01,03:00:00,completed,purchase,MERCH-247,Walmart,bank_transfer,GB
TXN-00000474,ACC-3631,2.35,USD,2023-03-01,06:00:00,refunded,purchase,MERCH-111,Airbnb,bank_transfer,US
TXN-00000475,ACC-1355,22.77,INR,2023-03-01,09:00:00,completed,purchase,MERCH-423,Apple,debit_card,GB
TXN-00000476,ACC-8191,37.3,USD,2023-03-01,12:00:00,completed,purchase,MERCH-668,PayPal,bank_transfer,US
TXN-00000477,ACC-9452,60.21,USD,2023-03-01,15:00:00,completed,withdrawal,MERCH-133,Stripe,wallet,AU
TXN-00000478,ACC-5484,91.72,USD,2023-03-01,18:00:00,refunded,purchase,MERCH-997,Apple,bank_transfer,US
TXN-00000479,ACC-5823,601.13,USD,2023-03-01,21:00:00,completed,refund,MERCH-626,Uber,wallet,DE
TXN-00000480,ACC-9331,1246.42,USD,2023-03-02,00:00:00,completed,purchase,MERCH-364,Apple,wallet,IN
TXN-00000481,ACC-5602,69.3,EUR,2023-03-02,03:00:00,completed,withdrawal,MERCH-964,Apple,debit_card,GB
TXN-00000482,ACC-6603,23.48,INR,2023-03-02,06:00:00,completed,purchase,MERCH-265,Airbnb,credit_card,AU
TXN-00000483,ACC-4852,77.24,EUR,2023-03-02,09:00:00,completed,purchase,MERCH-960,Apple,debit_card,US
TXN-00000484,ACC-5628,397.95,USD,2023-03-02,12:00:00,completed,purchase,MERCH-353,Walmart,wallet,AU
TXN-00000485,ACC-5696,594.66,USD,2023-03-02,15:00:00,completed,purchase,MERCH-441,Apple,wallet,DE
TXN-00000486,ACC-7398,176.47,GBP,2023-03-02,18:00:00,completed,refund,MERCH-482,PayPal,bank_transfer,DE
TXN-00000487,ACC-6437,163.49,GBP,2023-03-02,21:00:00,completed,purchase,MERCH-994,Apple,wallet,AU
TXN-00000488,ACC-5534,302.46,USD,2023-03-03,00:00:00,completed,purchase,MERCH-325,Apple,credit_card,IN
TXN-00000489,ACC-1682,422.8,AUD,2023-03-03,03:00:00,completed,purchase,MERCH-974,Airbnb,bank_transfer,GB
TXN-00000490,ACC-9139,267.75,USD,2023-03-03,06:00:00,completed,purchase,MERCH-411,Amazon,bank_transfer,US
TXN-00000491,ACC-8993,9.69,GBP,2023-03-03,09:00:00,completed,purchase,MERCH-356,Apple,bank_transfer,AU
TXN-00000492,ACC-2659,1311.14,AUD,2023-03-03,12:00:00,refunded,purchase,MERCH-673,Walmart,bank_transfer,IN
TXN-00000493,ACC-3639,167.64,EUR,2023-03-03,15:00:00,completed,purchase,MERCH-723,PayPal,debit_card,AU
TXN-00000494,ACC-9759,206.61,USD,2023-03-03,18:00:00,completed,purchase,MERCH-410,PayPal,bank_transfer,GB
TXN-00000495,ACC-3889,31.39,EUR,2023-03-03,21:00:00,pending,purchase,MERCH-220,Stripe,bank_transfer,AU
TXN-00000496,ACC-8308,20.11,USD,2023-03-04,00:00:00,completed,transfer,MERCH-456,Walmart,wallet,AU
TXN-00000497,ACC-8070,22.89,GBP,2023-03-04,03:00:00,completed,purchase,MERCH-585,Uber,credit_card,GB
TXN-00000498,ACC-8745,248.89,USD,2023-03-04,06:00:00,completed,purchase,MERCH-135,Airbnb,debit_card,IN
TXN-00000499,ACC-1143,20.83,EUR,2023-03-04,09:00:00,completed,purchase,MERCH-170,Stripe,debit_card,DE
