product_id,sku,name,category,subcategory,brand,price_usd,cost_usd,stock_quantity,weight_kg,is_active,created_date,last_updated,supplier_id,rating,review_count
PROD-000000,SKU-1810,Product 0 - Ultra,Electronics,Sofas,BrandE,146.53,88.19,440,9.25,true,2021-01-01,2023-01-01,SUPP-108,5.0,1800
PROD-000001,SKU-3920,Product 1 - Ultra,Toys,Sofas,BrandD,432.78,289.38,316,7.09,true,2021-01-02,2023-01-01,SUPP-182,3.7,1367
PROD-000002,SKU-2788,Product 2 - Pro,Toys,Sofas,BrandA,478.85,281.64,204,4.11,true,2021-01-03,2023-01-02,SUPP-114,1.8,1931
PROD-000003,SKU-7250,Product 3 - Max,Sports,Laptops,BrandE,424.04,168.74,463,7.51,true,2021-01-04,2023-01-03,SUPP-103,1.6,1314
PROD-000004,SKU-8587,Product 4 - Basic,Beauty,Sofas,BrandD,285.78,134.95,355,13.06,true,2021-01-05,2023-01-04,SUPP-104,4.8,350
PROD-000005,SKU-2756,Product 5 - Ultra,Electronics,Chairs,BrandA,361.6,164.44,36,9.86,true,2021-01-06,2023-01-04,SUPP-114,4.5,724
PROD-000006,SKU-4743,Product 6 - Basic,Books,Phones,BrandB,241.56,75.93,435,16.9,true,2021-01-07,2023-01-05,SUPP-173,4.0,606
PROD-000007,SKU-5306,Product 7 - Max,Home,Chairs,BrandC,299.42,139.0,362,18.11,true,2021-01-08,2023-01-06,SUPP-138,4.8,424
PROD-000008,SKU-7217,Product 8 - Max,Toys,Laptops,BrandB,487.28,213.54,107,9.69,true,2021-01-09,2023-01-07,SUPP-167,3.0,1980
PROD-000009,SKU-4168,Product 9 - Pro,Sports,Phones,BrandD,127.05,38.31,141,19.64,true,2021-01-10,2023-01-07,SUPP-108,4.6,1311
PROD-000010,SKU-5706,Product 10 - Lite,Toys,Novels,BrandD,396.68,253.42,86,1.53,true,2021-01-11,2023-01-08,SUPP-159,1.7,962
PROD-000011,SKU-5532,Product 11 - Max,Books,Pants,BrandB,254.09,90.85,155,5.6,true,2021-01-12,2023-01-09,SUPP-173,1.7,873
PROD-000012,SKU-1102,Product 12 - Ultra,Sports,Pants,BrandA,90.07,45.07,471,8.39,true,2021-01-13,2023-01-10,SUPP-196,3.0,636
PROD-000013,SKU-6128,Product 13 - Ultra,Food,Sofas,BrandD,322.47,197.96,451,11.7,false,2021-01-14,2023-01-10,SUPP-131,2.3,833
PROD-000014,SKU-6110,Product 14 - Basic,Food,Sofas,BrandC,396.62,214.89,275,10.96,false,2021-01-15,2023-01-11,SUPP-153,2.7,1268
PROD-000015,SKU-9917,Product 15 - Pro,Sports,Sofas,BrandB,285.23,104.89,181,11.4,true,2021-01-16,2023-01-12,SUPP-147,4.2,1856
PROD-000016,SKU-5589,Product 16 - Basic,Home,Fiction,BrandB,419.03,229.33,182,17.94,true,2021-01-17,2023-01-13,SUPP-134,1.2,992
PROD-000017,SKU-9098,Product 17 - Max,Beauty,Chairs,BrandA,184.19,111.07,478,5.62,true,2021-01-18,2023-01-13,SUPP-163,3.9,369
PROD-000018,SKU-4141,Product 18 - Basic,Clothing,Phones,OEM,457.05,293.38,99,16.36,true,2021-01-19,2023-01-14,SUPP-155,1.4,1914
PROD-000019,SKU-7262,Product 19 - Max,Sports,Laptops,OEM,324.85,138.86,378,11.2,true,2021-01-20,2023-01-15,SUPP-182,4.4,629
PROD-000020,SKU-9114,Product 20 - Basic,Toys,Pants,BrandD,401.96,126.04,497,9.86,true,2021-01-21,2023-01-16,SUPP-102,1.8,166
PROD-000021,SKU-2383,Product 21 - Lite,Food,Pants,BrandC,137.94,74.93,427,6.06,true,2021-01-22,2023-01-16,SUPP-121,3.9,1088
PROD-000022,SKU-6102,Product 22 - Pro,Sports,Shirts,BrandB,224.16,87.49,359,6.15,true,2021-01-23,2023-01-17,SUPP-157,3.4,1581
PROD-000023,SKU-9270,Product 23 - Lite,Sports,Laptops,BrandB,454.98,278.61,449,7.83,true,2021-01-24,2023-01-18,SUPP-156,2.5,515
PROD-000024,SKU-6003,Product 24 - Ultra,Toys,Phones,OEM,27.34,15.64,108,15.29,true,2021-01-25,2023-01-19,SUPP-189,2.1,558
PROD-000025,SKU-9032,Product 25 - Pro,Clothing,Laptops,BrandA,203.17,123.79,491,9.59,true,2021-01-26,2023-01-19,SUPP-166,1.2,578
PROD-000026,SKU-4778,Product 26 - Lite,Electronics,Fiction,BrandE,390.59,268.34,45,3.16,true,2021-01-27,2023-01-20,SUPP-100,2.4,1613
PROD-000027,SKU-8979,Product 27 - Lite,Electronics,Pants,BrandB,372.41,198.8,6,15.22,true,2021-01-28,2023-01-21,SUPP-148,1.8,1914
PROD-000028,SKU-6658,Product 28 - Ultra,Electronics,Fiction,BrandB,426.1,281.96,99,13.3,true,2021-01-29,2023-01-22,SUPP-183,1.5,1695
PROD-000029,SKU-5310,Product 29 - Lite,Food,Shirts,BrandE,370.21,206.12,304,18.99,true,2021-01-30,2023-01-22,SUPP-186,4.0,452
PROD-000030,SKU-2934,Product 30 - Ultra,Electronics,Shirts,OEM,473.64,176.52,123,10.64,true,2021-01-31,2023-01-23,SUPP-179,1.9,1698
PROD-000031,SKU-2536,Product 31 - Ultra,Home,Pants,OEM,250.12,155.01,316,13.12,true,2021-02-01,2023-01-24,SUPP-147,1.9,619
PROD-000032,SKU-3598,Product 32 - Basic,Books,Fiction,BrandB,312.89,180.69,55,9.64,true,2021-02-02,2023-01-25,SUPP-110,2.4,1733
PROD-000033,SKU-7788,Product 33 - Lite,Books,Sofas,BrandD,424.15,293.16,348,13.65,true,2021-02-03,2023-01-25,SUPP-121,2.9,1982
PROD-000034,SKU-5211,Product 34 - Max,Toys,Phones,BrandB,351.43,139.65,114,8.78,true,2021-02-04,2023-01-26,SUPP-183,3.1,1436
PROD-000035,SKU-4496,Product 35 - Basic,Food,Shirts,BrandB,52.81,22.88,261,2.84,true,2021-02-05,2023-01-27,SUPP-133,3.7,1910
PROD-000036,SKU-5200,Product 36 - Pro,Sports,Fiction,BrandC,184.75,116.13,58,19.73,true,2021-02-06,2023-01-28,SUPP-175,3.4,284
PROD-000037,SKU-4100,Product 37 - Ultra,Clothing,Laptops,BrandA,277.18,90.13,485,14.44,true,2021-02-07,2023-01-28,SUPP-103,2.9,1309
PROD-000038,SKU-8263,Product 38 - Max,Electronics,Novels,BrandA,377.84,209.05,188,12.21,true,2021-02-08,2023-01-29,SUPP-148,2.6,103
PROD-000039,SKU-4516,Product 39 - Ultra,Food,Fiction,BrandD,272.69,140.21,302,9.68,true,2021-02-09,2023-01-30,SUPP-194,2.1,1304
PROD-000040,SKU-5248,Product 40 - Basic,Home,Laptops,BrandE,389.21,143.05,243,14.26,true,2021-02-10,2023-01-31,SUPP-124,3.8,681
PROD-000041,SKU-6031,Product 41 - Ultra,Food,Sofas,BrandB,419.12,153.42,297,2.62,false,2021-02-11,2023-01-31,SUPP-103,2.3,1939
PROD-000042,SKU-6816,Product 42 - Pro,Home,Sofas,BrandD,134.02,83.64,227,6.59,false,2021-02-12,2023-02-01,SUPP-128,4.4,990
PROD-000043,SKU-4001,Product 43 - Pro,Toys,Novels,BrandE,308.81,94.55,36,2.58,true,2021-02-13,2023-02-02,SUPP-106,3.3,1524
PROD-000044,SKU-1659,Product 44 - Pro,Beauty,Novels,OEM,279.43,167.3,414,2.61,true,2021-02-14,2023-02-03,SUPP-160,3.5,605
PROD-000045,SKU-7208,Product 45 - Ultra,Beauty,Phones,BrandD,115.19,68.32,321,0.52,true,2021-02-15,2023-02-03,SUPP-118,3.0,149
PROD-000046,SKU-6039,Product 46 - Ultra,Beauty,Shirts,BrandB,245.95,137.7,126,15.14,true,2021-02-16,2023-02-04,SUPP-124,4.7,1484
PROD-000047,SKU-6828,Product 47 - Ultra,Home,Fiction,BrandE,275.18,127.63,42,4.62,true,2021-02-17,2023-02-05,SUPP-158,2.7,443
PROD-000048,SKU-5891,Product 48 - Lite,Electronics,Shirts,BrandB,409.03,127.34,443,16.66,true,2021-02-18,2023-02-06,SUPP-132,2.7,1444
PROD-000049,SKU-5579,Product 49 - Lite,Electronics,Laptops,BrandA,231.56,143.73,166,18.1,true,2021-02-19,2023-02-06,SUPP-164,4.6,929
PROD-000050,SKU-9536,Product 50 - Lite,Sports,Chairs,BrandC,42.29,14.81,454,3.45,true,2021-02-20,2023-02-07,SUPP-192,3.4,1943
PROD-000051,SKU-1485,Product 51 - Ultra,Food,Laptops,BrandB,244.66,100.88,382,14.21,true,2021-02-21,2023-02-08,SUPP-192,2.8,705
PROD-000052,SKU-1830,Product 52 - Lite,Beauty,Laptops,BrandA,419.29,284.58,479,9.26,true,2021-02-22,2023-02-09,SUPP-172,2.0,801
PROD-000053,SKU-9427,Product 53 - Max,Beauty,Novels,BrandA,286.48,120.53,329,18.39,true,2021-02-23,2023-02-09,SUPP-195,2.0,1481
PROD-000054,SKU-8980,Product 54 - Basic,Home,Phones,OEM,160.78,64.64,90,9.74,true,2021-02-24,2023-02-10,SUPP-172,4.2,1571
PROD-000055,SKU-4704,Product 55 - Lite,Sports,Fiction,BrandE,460.63,317.53,17,7.64,true,2021-02-25,2023-02-11,SUPP-106,2.1,251
PROD-000056,SKU-5865,Product 56 - Max,Sports,Laptops,BrandE,79.5,26.58,122,5.96,true,2021-02-26,2023-02-12,SUPP-194,1.0,1482
PROD-000057,SKU-5044,Product 57 - Basic,Clothing,Phones,BrandA,164.78,60.03,219,18.08,true,2021-02-27,2023-02-12,SUPP-156,1.1,982
PROD-000058,SKU-9973,Product 58 - Basic,Books,Chairs,BrandE,219.68,104.42,311,4.6,true,2021-02-28,2023-02-13,SUPP-100,4.9,1977
PROD-000059,SKU-5103,Product 59 - Pro,Home,Laptops,BrandC,369.5,227.27,447,16.57,false,2021-03-01,2023-02-14,SUPP-161,3.2,1262
PROD-000060,SKU-7838,Product 60 - Max,Sports,Shirts,BrandE,418.19,273.39,70,3.96,false,2021-03-02,2023-02-15,SUPP-124,3.0,1547
PROD-000061,SKU-4284,Product 61 - Pro,Books,Shirts,BrandC,31.15,18.76,317,12.9,true,2021-03-03,2023-02-15,SUPP-152,4.7,687
PROD-000062,SKU-4431,Product 62 - Pro,Electronics,Sofas,BrandB,396.42,273.72,42,9.08,false,2021-03-04,2023-02-16,SUPP-165,2.4,567
PROD-000063,SKU-7070,Product 63 - Basic,Food,Pants,BrandB,360.81,110.67,240,2.18,true,2021-03-05,2023-02-17,SUPP-102,4.2,1570
PROD-000064,SKU-4591,Product 64 - Max,Clothing,Laptops,BrandA,447.53,245.16,36,2.61,true,2021-03-06,2023-02-18,SUPP-143,3.9,30
PROD-000065,SKU-1125,Product 65 - Lite,Beauty,Laptops,BrandE,450.41,156.08,186,5.7,true,2021-03-07,2023-02-18,SUPP-105,2.9,1160
PROD-000066,SKU-2556,Product 66 - Pro,Toys,Laptops,BrandC,389.2,258.49,303,15.36,true,2021-03-08,2023-02-19,SUPP-111,4.1,1936
PROD-000067,SKU-8860,Product 67 - Ultra,Clothing,Phones,BrandE,96.71,65.19,369,14.61,true,2021-03-09,2023-02-20,SUPP-120,4.9,1982
PROD-000068,SKU-4301,Product 68 - Ultra,Clothing,Chairs,BrandE,158.3,66.68,402,4.18,false,2021-03-10,2023-02-21,SUPP-177,1.8,1432
PROD-000069,SKU-1921,Product 69 - Ultra,Sports,Pants,BrandB,468.28,295.52,262,9.58,true,2021-03-11,2023-02-21,SUPP-140,1.1,994
PROD-000070,SKU-9451,Product 70 - Pro,Toys,Phones,BrandB,299.88,165.57,129,2.03,true,2021-03-12,2023-02-22,SUPP-104,4.3,1625
PROD-000071,SKU-9996,Product 71 - Pro,Beauty,Shirts,BrandA,270.29,91.95,456,14.35,true,2021-03-13,2023-02-23,SUPP-173,2.6,29
PROD-000072,SKU-5496,Product 72 - Lite,Sports,Chairs,BrandA,458.01,247.83,466,15.89,true,2021-03-14,2023-02-24,SUPP-153,3.2,1586
PROD-000073,SKU-6652,Product 73 - Pro,Toys,Shirts,OEM,437.34,301.95,483,17.88,true,2021-03-15,2023-02-24,SUPP-114,1.9,379
PROD-000074,SKU-7793,Product 74 - Max,Sports,Pants,BrandD,364.28,154.18,395,17.73,true,2021-03-16,2023-02-25,SUPP-155,4.4,1471
PROD-000075,SKU-1596,Product 75 - Basic,Food,Chairs,BrandC,441.35,132.61,388,6.82,true,2021-03-17,2023-02-26,SUPP-124,3.9,696
PROD-000076,SKU-3669,Product 76 - Pro,Toys,Chairs,BrandB,58.68,40.53,38,5.17,false,2021-03-18,2023-02-27,SUPP-162,4.8,1502
PROD-000077,SKU-6061,Product 77 - Lite,Clothing,Chairs,BrandD,379.25,176.58,286,17.94,true,2021-03-19,2023-02-27,SUPP-193,2.9,1206
PROD-000078,SKU-5947,Product 78 - Max,Sports,Pants,BrandD,482.88,228.1,203,3.01,true,2021-03-20,2023-02-28,SUPP-131,4.9,1858
PROD-000079,SKU-3981,Product 79 - Lite,Electronics,Pants,BrandB,26.38,15.43,129,1.28,true,2021-03-21,2023-03-01,SUPP-173,3.0,1574
PROD-000080,SKU-1014,Product 80 - Max,Clothing,Novels,BrandA,113.07,61.26,34,6.35,true,2021-03-22,2023-03-02,SUPP-102,3.5,1828
PROD-000081,SKU-9576,Product 81 - Max,Electronics,Novels,BrandC,397.39,167.22,106,15.23,true,2021-03-23,2023-03-02,SUPP-140,3.7,302
PROD-000082,SKU-6529,Product 82 - Ultra,Electronics,Phones,BrandD,260.97,88.73,457,13.91,true,2021-03-24,2023-03-03,SUPP-188,3.0,758
PROD-000083,SKU-7798,Product 83 - Lite,Electronics,Novels,BrandE,45.13,28.47,454,19.74,true,2021-03-25,2023-03-04,SUPP-107,3.3,874
PROD-000084,SKU-4935,Product 84 - Pro,Beauty,Fiction,BrandC,135.43,66.81,371,7.25,true,2021-03-26,2023-03-05,SUPP-191,1.9,61
PROD-000085,SKU-5562,Product 85 - Ultra,Sports,Fiction,BrandA,163.37,92.96,50,5.59,true,2021-03-27,2023-03-05,SUPP-109,2.4,45
PROD-000086,SKU-5000,Product 86 - Max,Sports,Shirts,OEM,161.88,104.28,343,7.63,true,2021-03-28,2023-03-06,SUPP-147,3.8,77
PROD-000087,SKU-4867,Product 87 - Max,Toys,Sofas,BrandC,439.07,134.83,63,15.67,false,2021-03-29,2023-03-07,SUPP-117,1.2,1534
PROD-000088,SKU-7035,Product 88 - Basic,Toys,Phones,BrandE,331.68,213.52,341,4.36,true,2021-03-30,2023-03-08,SUPP-102,3.8,893
PROD-000089,SKU-9961,Product 89 - Ultra,Books,Phones,BrandA,367.98,221.05,16,18.96,true,2021-03-31,2023-03-08,SUPP-134,2.2,1503
PROD-000090,SKU-7995,Product 90 - Pro,Sports,Sofas,BrandA,8.75,5.94,142,10.3,false,2021-04-01,2023-03-09,SUPP-157,2.1,1669
PROD-000091,SKU-7005,Product 91 - Ultra,Beauty,Laptops,BrandA,214.89,84.55,61,15.68,true,2021-04-02,2023-03-10,SUPP-171,3.8,72
PROD-000092,SKU-1108,Product 92 - Basic,Sports,Laptops,BrandE,160.26,68.75,466,16.56,true,2021-04-03,2023-03-11,SUPP-131,1.9,1695
PROD-000093,SKU-5624,Product 93 - Max,Sports,Shirts,BrandB,426.25,240.66,284,9.63,true,2021-04-04,2023-03-11,SUPP-148,4.8,451
PROD-000094,SKU-9600,Product 94 - Ultra,Home,Pants,BrandE,477.02,319.75,461,14.85,false,2021-04-05,2023-03-12,SUPP-118,5.0,808
PROD-000095,SKU-4581,Product 95 - Lite,Clothing,Laptops,OEM,212.81,148.34,10,7.36,false,2021-04-06,2023-03-13,SUPP-172,2.8,1925
PROD-000096,SKU-5944,Product 96 - Basic,Clothing,Novels,BrandD,486.57,227.08,369,16.24,true,2021-04-07,2023-03-14,SUPP-116,2.6,603
PROD-000097,SKU-3920,Product 97 - Max,Beauty,Chairs,OEM,9.14,4.71,239,16.5,true,2021-04-08,2023-03-14,SUPP-185,1.3,1879
PROD-000098,SKU-2720,Product 98 - Ultra,Toys,Novels,OEM,164.2,60.46,234,11.37,true,2021-04-09,2023-03-15,SUPP-117,4.1,1013
PROD-000099,SKU-7348,Product 99 - Max,Sports,Fiction,BrandE,387.91,224.05,436,4.44,true,2021-04-10,2023-03-16,SUPP-165,1.7,26
PROD-000100,SKU-3821,Product 100 - Basic,Electronics,Sofas,BrandE,181.32,115.13,23,19.41,true,2021-04-11,2023-03-17,SUPP-132,4.7,1665
PROD-000101,SKU-6290,Product 101 - Max,Books,Shirts,BrandD,460.63,285.34,472,18.94,true,2021-04-12,2023-03-17,SUPP-198,5.0,88
PROD-000102,SKU-6341,Product 102 - Lite,Food,Fiction,BrandB,110.79,48.56,14,12.43,true,2021-04-13,2023-03-18,SUPP-127,1.5,1272
PROD-000103,SKU-8632,Product 103 - Lite,Books,Sofas,BrandA,398.23,272.91,181,19.68,true,2021-04-14,2023-03-19,SUPP-193,3.7,916
PROD-000104,SKU-9441,Product 104 - Ultra,Electronics,Pants,BrandC,102.44,35.66,69,10.11,true,2021-04-15,2023-03-20,SUPP-182,2.9,279
PROD-000105,SKU-5981,Product 105 - Ultra,Electronics,Pants,BrandC,-1.0,-0.5,261,7.57,true,2021-04-16,2023-03-20,SUPP-146,3.2,1029
PROD-000106,SKU-1453,Product 106 - Lite,Books,Phones,BrandC,223.97,116.88,297,9.26,true,2021-04-17,2023-03-21,SUPP-149,1.7,724
PROD-000107,SKU-6240,Product 107 - Ultra,Toys,Fiction,BrandA,472.57,243.19,321,1.01,true,2021-04-18,2023-03-22,SUPP-135,3.9,197
PROD-000108,SKU-8960,Product 108 - Max,Electronics,Novels,BrandD,293.55,177.06,399,11.03,true,2021-04-19,2023-03-23,SUPP-142,1.7,1110
PROD-000109,SKU-5295,Product 109 - Pro,Toys,Chairs,BrandC,318.24,173.07,375,13.36,true,2021-04-20,2023-03-23,SUPP-146,4.5,87
PROD-000110,SKU-6081,Product 110 - Basic,Toys,Laptops,OEM,6.84,2.26,474,2.28,true,2021-04-21,2023-03-24,SUPP-114,2.8,1076
PROD-000111,SKU-7862,Product 111 - Pro,Electronics,Fiction,OEM,30.18,11.23,224,5.19,true,2021-04-22,2023-03-25,SUPP-131,3.5,452
PROD-000112,SKU-4950,Product 112 - Ultra,Clothing,Laptops,BrandD,35.32,18.12,87,14.45,false,2021-04-23,2023-03-26,SUPP-186,4.7,1661
PROD-000113,SKU-4734,Product 113 - Max,Electronics,Laptops,OEM,410.17,237.0,77,15.89,true,2021-04-24,2023-03-26,SUPP-196,4.0,1900
PROD-000114,SKU-5338,Product 114 - Ultra,Books,Phones,BrandB,119.94,60.65,137,19.72,true,2021-04-25,2023-03-27,SUPP-105,3.2,1864
PROD-000115,SKU-8666,Product 115 - Max,Clothing,Shirts,OEM,165.75,73.3,301,5.14,true,2021-04-26,2023-03-28,SUPP-172,2.6,1875
PROD-000116,SKU-5391,Product 116 - Pro,Food,Shirts,OEM,305.75,97.98,27,16.84,true,2021-04-27,2023-03-29,SUPP-123,2.8,200
PROD-000117,SKU-3943,Product 117 - Basic,Electronics,Novels,BrandA,292.8,179.88,477,3.52,true,2021-04-28,2023-03-29,SUPP-164,2.4,1019
PROD-000118,SKU-6369,Product 118 - Basic,Beauty,Shirts,BrandE,206.43,102.98,494,2.7,true,2021-04-29,2023-03-30,SUPP-161,4.8,448
PROD-000119,SKU-7232,Product 119 - Lite,Toys,Fiction,BrandC,4.13,2.13,82,14.61,false,2021-04-30,2023-03-31,SUPP-187,2.0,193
PROD-000120,SKU-9213,Product 120 - Lite,Clothing,Shirts,BrandB,225.89,110.14,390,8.97,true,2021-05-01,2023-04-01,SUPP-169,2.6,784
PROD-000121,SKU-9035,Product 121 - Ultra,Home,Sofas,BrandC,369.95,150.25,298,15.9,true,2021-05-02,2023-04-01,SUPP-181,4.1,858
PROD-000122,SKU-8048,Product 122 - Basic,Toys,Sofas,OEM,119.14,48.91,240,5.72,true,2021-05-03,2023-04-02,SUPP-179,2.5,592
PROD-000123,SKU-7920,Product 123 - Lite,Electronics,Novels,OEM,354.75,115.44,367,4.34,true,2021-05-04,2023-04-03,SUPP-164,4.5,228
PROD-000124,SKU-5043,Product 124 - Basic,Sports,Novels,BrandC,9.54,5.56,287,11.02,true,2021-05-05,2023-04-04,SUPP-140,2.0,816
PROD-000125,SKU-4083,Product 125 - Lite,Home,Novels,BrandC,454.18,185.65,161,2.39,true,2021-05-06,2023-04-04,SUPP-133,1.1,310
PROD-000126,SKU-6064,Product 126 - Pro,Electronics,Fiction,BrandD,475.11,199.27,281,5.65,true,2021-05-07,2023-04-05,SUPP-134,3.5,81
PROD-000127,SKU-7356,Product 127 - Basic,Sports,Phones,BrandE,3.22,2.25,67,3.41,true,2021-05-08,2023-04-06,SUPP-135,3.0,902
PROD-000128,SKU-5665,Product 128 - Ultra,Sports,Phones,BrandC,229.98,104.49,127,6.47,false,2021-05-09,2023-04-07,SUPP-128,4.7,132
PROD-000129,SKU-2862,Product 129 - Ultra,Home,Pants,BrandC,208.07,104.93,486,15.33,true,2021-05-10,2023-04-07,SUPP-130,2.7,1931
PROD-000130,SKU-1132,Product 130 - Max,Toys,Laptops,OEM,421.25,191.5,92,2.5,true,2021-05-11,2023-04-08,SUPP-156,1.5,1676
PROD-000131,SKU-1523,Product 131 - Pro,Electronics,Pants,BrandC,271.27,112.87,299,12.28,true,2021-05-12,2023-04-09,SUPP-126,2.3,1851
PROD-000132,SKU-4835,Product 132 - Max,Sports,Sofas,BrandB,306.45,92.65,148,11.74,true,2021-05-13,2023-04-10,SUPP-134,2.6,205
PROD-000133,SKU-8121,Product 133 - Basic,Clothing,Shirts,BrandB,102.84,66.02,232,10.81,true,2021-05-14,2023-04-10,SUPP-170,3.3,929
PROD-000134,SKU-8108,Product 134 - Ultra,Toys,Phones,BrandB,40.37,19.75,123,9.74,true,2021-05-15,2023-04-11,SUPP-132,2.1,1648
PROD-000135,SKU-8271,Product 135 - Pro,Books,Fiction,BrandD,346.77,203.89,284,13.31,true,2021-05-16,2023-04-12,SUPP-110,3.2,1151
PROD-000136,SKU-7380,Product 136 - Basic,Beauty,Shirts,BrandD,311.09,212.62,278,17.05,true,2021-05-17,2023-04-13,SUPP-101,4.6,613
PROD-000137,SKU-1206,Product 137 - Max,Electronics,Novels,BrandA,416.49,125.42,308,3.32,true,2021-05-18,2023-04-13,SUPP-175,2.7,1663
PROD-000138,SKU-8949,Product 138 - Max,Sports,Sofas,OEM,422.64,240.91,154,16.3,true,2021-05-19,2023-04-14,SUPP-193,3.6,618
PROD-000139,SKU-9529,Product 139 - Pro,Electronics,Chairs,BrandB,316.25,109.88,289,1.32,true,2021-05-20,2023-04-15,SUPP-167,1.9,1947
PROD-000140,SKU-8647,Product 140 - Pro,Home,Novels,BrandA,270.09,130.5,364,9.69,true,2021-05-21,2023-04-16,SUPP-105,4.2,201
PROD-000141,SKU-5012,Product 141 - Basic,Food,Shirts,BrandE,457.17,292.0,359,10.28,true,2021-05-22,2023-04-16,SUPP-155,2.1,1411
PROD-000142,SKU-2931,Product 142 - Pro,Beauty,Laptops,BrandB,401.02,131.77,283,4.03,false,2021-05-23,2023-04-17,SUPP-126,3.3,26
PROD-000143,SKU-9146,Product 143 - Basic,Electronics,Fiction,BrandE,441.44,307.17,149,1.88,true,2021-05-24,2023-04-18,SUPP-131,2.2,1828
PROD-000144,SKU-2666,Product 144 - Pro,Home,Chairs,OEM,497.92,265.06,266,1.59,true,2021-05-25,2023-04-19,SUPP-191,1.3,710
PROD-000145,SKU-8092,Product 145 - Ultra,Toys,Shirts,BrandE,202.94,92.95,268,0.84,true,2021-05-26,2023-04-19,SUPP-181,2.3,40
PROD-000146,SKU-9688,Product 146 - Lite,Clothing,Chairs,BrandE,359.02,110.51,475,11.51,true,2021-05-27,2023-04-20,SUPP-172,1.8,1670
PROD-000147,SKU-9104,Product 147 - Max,Toys,Pants,BrandC,344.65,184.29,188,3.19,true,2021-05-28,2023-04-21,SUPP-149,4.6,1934
PROD-000148,SKU-5689,Product 148 - Lite,Home,Novels,BrandC,88.71,44.17,161,16.19,true,2021-05-29,2023-04-22,SUPP-157,2.1,1839
PROD-000149,SKU-8499,Product 149 - Max,Sports,Sofas,BrandD,318.99,123.17,374,17.99,true,2021-05-30,2023-04-22,SUPP-190,4.9,971
PROD-000150,SKU-8476,Product 150 - Max,Food,Shirts,BrandC,215.18,106.77,317,5.92,true,2021-05-31,2023-04-23,SUPP-165,3.0,123
PROD-000151,SKU-9764,Product 151 - Basic,Beauty,Chairs,OEM,226.41,69.08,213,3.37,true,2021-06-01,2023-04-24,SUPP-157,1.9,455
PROD-000152,SKU-4242,Product 152 - Basic,Home,Novels,BrandC,91.7,64.17,0,8.25,false,2021-06-02,2023-04-25,SUPP-109,2.6,61
PROD-000153,SKU-6661,Product 153 - Ultra,Electronics,Shirts,BrandC,372.87,161.4,352,17.64,true,2021-06-03,2023-04-25,SUPP-198,1.7,88
PROD-000154,SKU-8353,Product 154 - Pro,Clothing,Novels,BrandE,349.56,172.01,368,8.06,true,2021-06-04,2023-04-26,SUPP-180,4.3,317
PROD-000155,SKU-3045,Product 155 - Ultra,Sports,Laptops,BrandB,267.07,163.96,465,2.26,true,2021-06-05,2023-04-27,SUPP-136,1.5,1126
PROD-000156,SKU-3029,Product 156 - Basic,Clothing,Laptops,BrandD,80.04,46.83,251,19.69,true,2021-06-06,2023-04-28,SUPP-124,4.5,1532
PROD-000157,SKU-4505,Product 157 - Lite,Food,Novels,BrandE,279.31,183.07,257,10.04,true,2021-06-07,2023-04-28,SUPP-195,1.2,1169
PROD-000158,SKU-4239,Product 158 - Ultra,Electronics,Sofas,BrandE,51.86,35.08,104,6.91,true,2021-06-08,2023-04-29,SUPP-194,2.2,409
PROD-000159,SKU-7766,Product 159 - Basic,Books,Phones,BrandB,171.0,64.24,229,17.88,true,2021-06-09,2023-04-30,SUPP-141,1.6,1203
PROD-000160,SKU-9421,Product 160 - Pro,Food,Chairs,BrandA,187.42,85.49,0,18.56,true,2021-06-10,2023-05-01,SUPP-122,3.7,461
PROD-000161,SKU-2412,Product 161 - Pro,Home,Shirts,BrandB,441.94,253.99,250,9.99,false,2021-06-11,2023-05-01,SUPP-178,3.0,922
PROD-000162,SKU-3925,Product 162 - Basic,Books,Shirts,BrandE,208.94,66.44,353,6.2,true,2021-06-12,2023-05-02,SUPP-161,4.8,1777
PROD-000163,SKU-9367,Product 163 - Basic,Electronics,Pants,BrandB,300.03,176.05,392,9.7,true,2021-06-13,2023-05-03,SUPP-189,2.5,269
PROD-000164,SKU-6351,Product 164 - Pro,Beauty,Pants,BrandA,437.63,132.14,331,4.46,true,2021-06-14,2023-05-04,SUPP-153,1.2,1749
PROD-000165,SKU-2847,Product 165 - Basic,Food,Fiction,BrandD,214.02,142.46,402,9.62,true,2021-06-15,2023-05-04,SUPP-154,4.0,541
PROD-000166,SKU-6431,Product 166 - Max,Toys,Pants,OEM,442.07,259.61,332,4.67,true,2021-06-16,2023-05-05,SUPP-114,3.3,1340
PROD-000167,SKU-8882,Product 167 - Ultra,Clothing,Shirts,BrandB,69.95,36.81,389,12.48,true,2021-06-17,2023-05-06,SUPP-159,4.3,522
PROD-000168,SKU-4364,Product 168 - Basic,Home,Novels,BrandA,183.68,86.62,218,15.22,true,2021-06-18,2023-05-07,SUPP-135,2.7,328
PROD-000169,SKU-5353,Product 169 - Ultra,Beauty,Sofas,BrandA,49.16,34.18,301,19.39,true,2021-06-19,2023-05-07,SUPP-120,4.0,900
PROD-000170,SKU-6521,Product 170 - Pro,Toys,Phones,BrandA,281.33,167.28,319,16.87,true,2021-06-20,2023-05-08,SUPP-177,1.7,762
PROD-000171,SKU-8564,Product 171 - Basic,Sports,Chairs,BrandB,478.72,298.2,286,1.81,true,2021-06-21,2023-05-09,SUPP-134,5.0,1014
PROD-000172,SKU-6080,Product 172 - Lite,Food,Sofas,BrandB,329.15,207.42,285,4.31,true,2021-06-22,2023-05-10,SUPP-121,1.7,472
PROD-000173,SKU-9623,Product 173 - Max,Clothing,Sofas,BrandD,313.78,96.88,390,10.68,false,2021-06-23,2023-05-10,SUPP-195,4.3,1956
PROD-000174,SKU-7793,Product 174 - Ultra,Beauty,Laptops,BrandB,140.51,45.23,119,5.23,true,2021-06-24,2023-05-11,SUPP-195,1.8,1343
PROD-000175,SKU-4798,Product 175 - Ultra,Sports,Pants,BrandD,465.68,176.65,158,0.39,true,2021-06-25,2023-05-12,SUPP-148,4.1,1681
PROD-000176,SKU-5386,Product 176 - Lite,Beauty,Chairs,BrandC,236.81,133.11,259,15.12,false,2021-06-26,2023-05-13,SUPP-129,4.4,1559
PROD-000177,SKU-7268,Product 177 - Lite,Books,Chairs,BrandD,134.96,74.17,322,7.22,true,2021-06-27,2023-05-13,SUPP-116,4.5,1448
PROD-000178,SKU-1635,Product 178 - Basic,Sports,Chairs,BrandD,493.86,212.39,257,1.42,true,2021-06-28,2023-05-14,SUPP-162,2.9,284
PROD-000179,SKU-3040,Product 179 - Ultra,Toys,Fiction,BrandD,212.71,146.6,99,10.23,true,2021-06-29,2023-05-15,SUPP-160,2.7,1176
PROD-000180,SKU-3143,Product 180 - Basic,Toys,Sofas,OEM,187.0,63.06,411,19.55,true,2021-06-30,2023-05-16,SUPP-161,4.3,1795
PROD-000181,SKU-8206,Product 181 - Pro,Toys,Pants,BrandB,19.4,11.85,272,13.6,true,2021-07-01,2023-05-16,SUPP-176,3.3,192
PROD-000182,SKU-8401,Product 182 - Pro,Electronics,Sofas,BrandD,90.78,44.7,216,3.26,true,2021-07-02,2023-05-17,SUPP-146,3.5,925
PROD-000183,SKU-8378,Product 183 - Basic,Sports,Shirts,BrandC,404.97,189.34,439,10.33,true,2021-07-03,2023-05-18,SUPP-167,1.9,368
PROD-000184,SKU-1948,Product 184 - Basic,Beauty,Shirts,BrandD,242.37,75.19,218,18.04,true,2021-07-04,2023-05-19,SUPP-164,2.8,1590
PROD-000185,SKU-3656,Product 185 - Ultra,Toys,Chairs,BrandA,477.52,282.27,80,1.18,true,2021-07-05,2023-05-19,SUPP-178,2.5,1862
PROD-000186,SKU-3808,Product 186 - Max,Home,Shirts,BrandB,43.77,26.64,492,12.79,false,2021-07-06,2023-05-20,SUPP-173,3.7,103
PROD-000187,SKU-1217,Product 187 - Max,Beauty,Chairs,OEM,308.73,132.01,191,14.45,true,2021-07-07,2023-05-21,SUPP-103,1.8,1602
PROD-000188,SKU-3319,Product 188 - Pro,Books,Chairs,BrandE,360.54,182.72,447,14.11,true,2021-07-08,2023-05-22,SUPP-161,2.6,721
PROD-000189,SKU-4880,Product 189 - Basic,Clothing,Fiction,BrandC,311.34,168.93,258,3.09,true,2021-07-09,2023-05-22,SUPP-196,4.4,1927
PROD-000190,SKU-8970,Product 190 - Ultra,Food,Laptops,BrandA,265.87,118.86,121,18.15,true,2021-07-10,2023-05-23,SUPP-155,3.2,29
PROD-000191,SKU-2529,Product 191 - Pro,Sports,Shirts,BrandD,289.98,158.4,188,6.51,true,2021-07-11,2023-05-24,SUPP-152,4.6,382
PROD-000192,SKU-8741,Product 192 - Max,Books,Novels,BrandB,345.39,163.59,455,1.13,true,2021-07-12,2023-05-25,SUPP-160,1.9,1436
PROD-000193,SKU-8366,Product 193 - Lite,Home,Pants,BrandB,431.9,281.27,472,1.76,true,2021-07-13,2023-05-25,SUPP-155,2.8,1556
PROD-000194,SKU-2424,Product 194 - Basic,Electronics,Chairs,BrandA,169.49,99.56,68,9.21,true,2021-07-14,2023-05-26,SUPP-139,3.0,158
PROD-000195,SKU-3349,Product 195 - Basic,Sports,Chairs,BrandB,230.9,79.48,493,0.9,true,2021-07-15,2023-05-27,SUPP-198,2.6,320
PROD-000196,SKU-5123,Product 196 - Lite,Beauty,Fiction,BrandB,318.67,197.52,426,15.61,true,2021-07-16,2023-05-28,SUPP-107,3.7,676
PROD-000197,SKU-9492,Product 197 - Ultra,Home,Laptops,BrandA,158.47,68.93,323,17.33,true,2021-07-17,2023-05-28,SUPP-180,1.6,69
PROD-000198,SKU-8064,Product 198 - Pro,Food,Shirts,BrandD,91.02,61.37,91,0.37,true,2021-07-18,2023-05-29,SUPP-115,3.1,1563
PROD-000199,SKU-9745,Product 199 - Basic,Toys,Pants,OEM,483.14,261.55,293,16.22,false,2021-07-19,2023-05-30,SUPP-120,1.6,1339
PROD-000200,SKU-3812,Product 200 - Basic,Beauty,Sofas,BrandA,98.96,30.78,212,19.63,true,2021-07-20,2023-05-31,SUPP-160,3.5,1497
PROD-000201,SKU-9178,Product 201 - Pro,Toys,Fiction,BrandA,117.89,70.0,62,0.7,true,2021-07-21,2023-05-31,SUPP-163,4.3,939
PROD-000202,SKU-9604,Product 202 - Basic,Toys,Phones,BrandA,310.1,109.25,491,14.53,true,2021-07-22,2023-06-01,SUPP-191,1.1,1280
PROD-000203,SKU-6395,Product 203 - Lite,Beauty,Laptops,BrandD,40.52,26.37,301,19.98,true,2021-07-23,2023-06-02,SUPP-129,2.8,1145
PROD-000204,SKU-2386,Product 204 - Lite,Toys,Fiction,BrandE,18.95,12.87,48,15.96,true,2021-07-24,2023-06-03,SUPP-102,3.0,1388
PROD-000205,SKU-3406,Product 205 - Pro,Beauty,Sofas,BrandB,33.87,19.58,170,10.16,true,2021-07-25,2023-06-03,SUPP-125,3.9,901
PROD-000206,SKU-2158,Product 206 - Basic,Toys,Chairs,BrandA,63.38,32.52,419,17.71,true,2021-07-26,2023-06-04,SUPP-153,1.3,1302
PROD-000207,SKU-8264,Product 207 - Ultra,Electronics,Laptops,BrandA,215.73,116.67,221,14.19,false,2021-07-27,2023-06-05,SUPP-135,2.6,1290
PROD-000208,SKU-3817,Product 208 - Max,Home,Sofas,BrandD,414.96,195.67,247,5.92,true,2021-07-28,2023-06-06,SUPP-124,4.1,1282
PROD-000209,SKU-7313,Product 209 - Basic,Food,Shirts,BrandC,172.29,57.45,71,4.56,true,2021-07-29,2023-06-06,SUPP-190,3.1,1744
PROD-000210,SKU-3405,Product 210 - Lite,Sports,Chairs,BrandC,214.9,144.31,55,10.3,true,2021-07-30,2023-06-07,SUPP-155,4.0,699
PROD-000211,SKU-9793,Product 211 - Max,Electronics,Phones,BrandB,300.92,129.9,488,7.52,true,2021-07-31,2023-06-08,SUPP-166,2.5,1757
PROD-000212,SKU-7961,Product 212 - Basic,Toys,Shirts,OEM,152.46,64.82,476,6.66,true,2021-08-01,2023-06-09,SUPP-174,4.7,56
PROD-000213,SKU-4394,Product 213 - Max,Beauty,Chairs,BrandC,217.39,81.85,47,3.64,true,2021-08-02,2023-06-09,SUPP-140,1.3,972
PROD-000214,SKU-5289,Product 214 - Basic,Food,Sofas,BrandE,194.37,135.47,274,16.92,true,2021-08-03,2023-06-10,SUPP-172,1.4,883
PROD-000215,SKU-1528,Product 215 - Pro,Electronics,Novels,BrandE,172.25,116.62,340,14.13,false,2021-08-04,2023-06-11,SUPP-195,3.1,1736
PROD-000216,SKU-2230,Product 216 - Max,Clothing,Novels,BrandA,195.41,85.94,440,6.69,true,2021-08-05,2023-06-12,SUPP-171,2.9,90
PROD-000217,SKU-9984,Product 217 - Ultra,Books,Phones,BrandB,7.53,3.04,279,4.83,true,2021-08-06,2023-06-12,SUPP-129,3.6,433
PROD-000218,SKU-8342,Product 218 - Basic,Clothing,Phones,OEM,443.35,275.83,434,2.65,true,2021-08-07,2023-06-13,SUPP-177,1.9,937
PROD-000219,SKU-8543,Product 219 - Lite,Books,Shirts,OEM,488.71,229.23,60,2.34,false,2021-08-08,2023-06-14,SUPP-123,1.9,1630
PROD-000220,SKU-6790,Product 220 - Max,Home,Fiction,BrandC,431.51,296.5,7,12.55,true,2021-08-09,2023-06-15,SUPP-107,4.0,928
PROD-000221,SKU-2993,Product 221 - Basic,Clothing,Pants,BrandA,4.85,3.2,232,2.27,true,2021-08-10,2023-06-15,SUPP-143,2.2,1277
PROD-000222,SKU-1947,Product 222 - Ultra,Toys,Fiction,BrandB,375.93,226.98,132,19.21,true,2021-08-11,2023-06-16,SUPP-150,3.9,357
PROD-000223,SKU-7529,Product 223 - Ultra,Electronics,Phones,OEM,287.39,96.55,377,5.65,true,2021-08-12,2023-06-17,SUPP-146,3.6,1886
PROD-000224,SKU-3985,Product 224 - Ultra,Toys,Fiction,BrandE,48.89,28.4,168,0.61,true,2021-08-13,2023-06-18,SUPP-125,1.3,1568
PROD-000225,SKU-1006,Product 225 - Basic,Clothing,Phones,BrandA,466.55,324.21,203,17.12,true,2021-08-14,2023-06-18,SUPP-127,3.8,85
PROD-000226,SKU-1202,Product 226 - Lite,Books,Novels,BrandE,388.55,174.58,267,7.41,true,2021-08-15,2023-06-19,SUPP-191,4.5,1408
PROD-000227,SKU-6019,Product 227 - Lite,Food,Fiction,BrandA,74.35,48.52,480,6.93,true,2021-08-16,2023-06-20,SUPP-128,4.3,258
PROD-000228,SKU-8560,Product 228 - Max,Electronics,Shirts,BrandB,482.08,223.33,35,2.46,true,2021-08-17,2023-06-21,SUPP-177,1.0,1119
PROD-000229,SKU-4265,Product 229 - Max,Food,Shirts,BrandC,64.84,44.64,276,13.24,true,2021-08-18,2023-06-21,SUPP-125,3.2,1416
PROD-000230,SKU-9997,Product 230 - Ultra,Home,Sofas,BrandC,228.42,128.24,194,7.24,true,2021-08-19,2023-06-22,SUPP-110,4.7,1851
PROD-000231,SKU-4431,Product 231 - Ultra,Beauty,Chairs,BrandE,81.16,27.48,18,16.48,true,2021-08-20,2023-06-23,SUPP-106,3.4,141
PROD-000232,SKU-7599,Product 232 - Ultra,Toys,Phones,BrandA,-1.0,-0.49,407,12.65,true,2021-08-21,2023-06-24,SUPP-124,2.2,574
PROD-000233,SKU-3200,Product 233 - Basic,Clothing,Laptops,OEM,483.96,154.81,456,17.61,true,2021-08-22,2023-06-24,SUPP-183,1.8,1380
PROD-000234,SKU-6464,Product 234 - Pro,Home,Novels,BrandD,286.91,131.41,86,12.49,false,2021-08-23,2023-06-25,SUPP-145,3.7,524
PROD-000235,SKU-3473,Product 235 - Pro,Toys,Novels,BrandB,131.06,87.31,379,15.61,true,2021-08-24,2023-06-26,SUPP-168,4.1,1425
PROD-000236,SKU-8002,Product 236 - Lite,Electronics,Laptops,OEM,388.64,152.69,350,13.96,true,2021-08-25,2023-06-27,SUPP-195,4.7,366
PROD-000237,SKU-5091,Product 237 - Basic,Electronics,Fiction,BrandC,437.86,297.84,352,9.31,true,2021-08-26,2023-06-27,SUPP-104,4.6,327
PROD-000238,SKU-1376,Product 238 - Lite,Home,Novels,BrandC,458.96,156.03,230,13.8,true,2021-08-27,2023-06-28,SUPP-110,2.4,1088
PROD-000239,SKU-3233,Product 239 - Basic,Books,Novels,BrandA,466.62,264.07,160,13.31,false,2021-08-28,2023-06-29,SUPP-191,3.4,1378
PROD-000240,SKU-4169,Product 240 - Ultra,Toys,Laptops,OEM,452.97,310.86,35,0.23,true,2021-08-29,2023-06-30,SUPP-156,1.4,410
PROD-000241,SKU-5197,Product 241 - Lite,Books,Chairs,OEM,320.18,179.83,17,14.0,false,2021-08-30,2023-06-30,SUPP-161,1.4,1747
PROD-000242,SKU-3432,Product 242 - Ultra,Sports,Laptops,BrandB,172.54,113.81,88,5.32,true,2021-08-31,2023-07-01,SUPP-133,1.3,1737
PROD-000243,SKU-6195,Product 243 - Max,Toys,Laptops,OEM,462.92,322.38,263,10.88,true,2021-09-01,2023-07-02,SUPP-181,4.7,162
PROD-000244,SKU-9671,Product 244 - Ultra,Clothing,Phones,BrandE,62.99,35.07,70,2.32,true,2021-09-02,2023-07-03,SUPP-163,1.6,608
PROD-000245,SKU-7399,Product 245 - Pro,Food,Pants,BrandC,86.05,52.74,343,0.56,true,2021-09-03,2023-07-03,SUPP-125,2.9,1112
PROD-000246,SKU-3801,Product 246 - Lite,Home,Chairs,OEM,218.04,68.2,309,0.4,false,2021-09-04,2023-07-04,SUPP-164,2.7,981
PROD-000247,SKU-7093,Product 247 - Ultra,Home,Laptops,BrandD,143.26,67.46,172,3.25,true,2021-09-05,2023-07-05,SUPP-100,2.3,509
PROD-000248,SKU-9699,Product 248 - Ultra,Food,Laptops,BrandE,308.62,128.17,43,0.5,false,2021-09-06,2023-07-06,SUPP-123,3.2,1059
PROD-000249,SKU-3177,Product 249 - Max,Beauty,Shirts,BrandB,452.83,285.14,258,2.73,true,2021-09-07,2023-07-06,SUPP-120,1.0,1925
PROD-000250,SKU-3091,Product 250 - Pro,Sports,Laptops,BrandA,246.52,140.77,411,11.23,true,2021-09-08,2023-07-07,SUPP-177,2.5,615
PROD-000251,SKU-1352,Product 251 - Pro,Home,Novels,BrandD,277.82,151.62,196,8.07,false,2021-09-09,2023-07-08,SUPP-172,2.9,438
PROD-000252,SKU-8579,Product 252 - Max,Sports,Laptops,BrandB,212.71,143.07,403,19.62,true,2021-09-10,2023-07-09,SUPP-109,4.2,1476
PROD-000253,SKU-8493,Product 253 - Ultra,Toys,Shirts,OEM,354.36,118.9,143,16.19,true,2021-09-11,2023-07-09,SUPP-189,3.8,1141
PROD-000254,SKU-4722,Product 254 - Lite,Clothing,Shirts,BrandA,52.13,35.53,40,3.02,true,2021-09-12,2023-07-10,SUPP-180,4.4,1384
PROD-000255,SKU-8849,Product 255 - Ultra,Clothing,Laptops,BrandE,26.19,8.91,324,8.39,true,2021-09-13,2023-07-11,SUPP-143,2.5,1292
PROD-000256,SKU-6863,Product 256 - Max,Home,Fiction,BrandD,321.38,141.02,444,8.68,true,2021-09-14,2023-07-12,SUPP-120,1.6,1521
PROD-000257,SKU-9809,Product 257 - Pro,Sports,Laptops,OEM,268.36,148.16,441,7.31,true,2021-09-15,2023-07-12,SUPP-141,2.6,1458
PROD-000258,SKU-9303,Product 258 - Max,Toys,Pants,OEM,204.85,89.44,479,9.96,true,2021-09-16,2023-07-13,SUPP-158,4.9,1211
PROD-000259,SKU-9636,Product 259 - Lite,Clothing,Sofas,OEM,168.32,96.45,53,13.43,true,2021-09-17,2023-07-14,SUPP-162,1.9,908
PROD-000260,SKU-4531,Product 260 - Lite,Toys,Shirts,BrandC,27.79,16.96,21,12.85,true,2021-09-18,2023-07-15,SUPP-134,1.7,920
PROD-000261,SKU-6703,Product 261 - Basic,Food,Pants,BrandE,340.91,215.25,284,7.21,false,2021-09-19,2023-07-15,SUPP-110,4.8,530
PROD-000262,SKU-2505,Product 262 - Lite,Sports,Laptops,BrandA,211.88,78.76,475,14.13,true,2021-09-20,2023-07-16,SUPP-160,4.8,897
PROD-000263,SKU-9047,Product 263 - Ultra,Food,Pants,BrandC,223.73,83.41,498,5.86,true,2021-09-21,2023-07-17,SUPP-169,1.6,1210
PROD-000264,SKU-3861,Product 264 - Ultra,Food,Phones,BrandB,446.93,143.43,139,16.73,true,2021-09-22,2023-07-18,SUPP-126,4.1,1433
PROD-000265,SKU-5031,Product 265 - Basic,Toys,Pants,BrandB,369.29,183.29,187,19.29,true,2021-09-23,2023-07-18,SUPP-163,2.7,1545
PROD-000266,SKU-6348,Product 266 - Pro,Sports,Shirts,BrandD,111.27,39.5,332,5.97,true,2021-09-24,2023-07-19,SUPP-156,3.0,754
PROD-000267,SKU-8085,Product 267 - Ultra,Home,Shirts,BrandA,329.26,140.74,456,15.72,true,2021-09-25,2023-07-20,SUPP-149,3.0,1465
PROD-000268,SKU-7584,Product 268 - Max,Toys,Phones,BrandD,67.85,43.16,87,16.29,true,2021-09-26,2023-07-21,SUPP-100,4.9,874
PROD-000269,SKU-9597,Product 269 - Basic,Sports,Fiction,BrandC,98.63,67.02,487,9.87,true,2021-09-27,2023-07-21,SUPP-130,1.7,716
PROD-000270,SKU-7416,Product 270 - Pro,Electronics,Phones,BrandB,357.64,224.89,408,1.85,false,2021-09-28,2023-07-22,SUPP-137,4.1,327
PROD-000271,SKU-8165,Product 271 - Basic,Beauty,Laptops,BrandD,64.68,19.42,34,15.75,true,2021-09-29,2023-07-23,SUPP-182,1.0,531
PROD-000272,SKU-6151,Product 272 - Lite,Home,Phones,BrandE,141.53,74.62,420,8.21,true,2021-09-30,2023-07-24,SUPP-181,3.5,1359
PROD-000273,SKU-4741,Product 273 - Basic,Food,Fiction,BrandD,449.22,164.71,320,4.24,false,2021-10-01,2023-07-24,SUPP-186,3.6,432
PROD-000274,SKU-9219,Product 274 - Lite,Toys,Shirts,BrandA,369.67,166.46,489,12.57,false,2021-10-02,2023-07-25,SUPP-145,4.0,153
PROD-000275,SKU-4399,Product 275 - Ultra,Electronics,Pants,BrandD,464.86,219.03,104,8.8,true,2021-10-03,2023-07-26,SUPP-132,4.7,543
PROD-000276,SKU-6582,Product 276 - Basic,Food,Novels,BrandD,441.14,298.73,496,1.84,true,2021-10-04,2023-07-27,SUPP-149,4.0,1981
PROD-000277,SKU-3623,Product 277 - Max,Food,Phones,BrandE,157.65,87.26,23,19.68,true,2021-10-05,2023-07-27,SUPP-178,3.9,299
PROD-000278,SKU-5341,Product 278 - Max,Toys,Phones,BrandC,316.91,129.0,37,4.97,true,2021-10-06,2023-07-28,SUPP-161,2.0,287
PROD-000279,SKU-4303,Product 279 - Pro,Home,Laptops,BrandA,190.58,106.18,223,10.27,true,2021-10-07,2023-07-29,SUPP-159,5.0,806
PROD-000280,SKU-3325,Product 280 - Lite,Beauty,Chairs,BrandA,349.15,237.68,328,13.38,true,2021-10-08,2023-07-30,SUPP-142,2.9,765
PROD-000281,SKU-8384,Product 281 - Basic,Toys,Fiction,BrandB,175.52,56.81,83,2.39,true,2021-10-09,2023-07-30,SUPP-168,2.7,1840
PROD-000282,SKU-7904,Product 282 - Ultra,Toys,Sofas,BrandD,2.65,1.66,136,14.81,true,2021-10-10,2023-07-31,SUPP-185,3.0,475
PROD-000283,SKU-7312,Product 283 - Ultra,Sports,Novels,BrandE,48.77,18.86,194,13.0,true,2021-10-11,2023-08-01,SUPP-166,2.6,834
PROD-000284,SKU-1747,Product 284 - Pro,Beauty,Fiction,BrandE,385.95,139.42,62,9.93,true,2021-10-12,2023-08-02,SUPP-139,3.4,581
PROD-000285,SKU-3248,Product 285 - Lite,Sports,Shirts,BrandB,43.82,28.9,87,10.61,true,2021-10-13,2023-08-02,SUPP-183,2.4,499
PROD-000286,SKU-2962,Product 286 - Basic,Home,Laptops,BrandC,300.5,90.37,74,19.1,true,2021-10-14,2023-08-03,SUPP-193,2.0,644
PROD-000287,SKU-7403,Product 287 - Lite,Beauty,Laptops,BrandA,429.16,255.97,477,18.23,true,2021-10-15,2023-08-04,SUPP-178,4.7,514
PROD-000288,SKU-9031,Product 288 - Lite,Sports,Novels,BrandE,371.06,124.26,468,2.33,true,2021-10-16,2023-08-05,SUPP-186,4.7,1436
PROD-000289,SKU-4414,Product 289 - Lite,Clothing,Chairs,BrandC,207.88,113.75,314,7.44,true,2021-10-17,2023-08-05,SUPP-126,3.0,1580
PROD-000290,SKU-3972,Product 290 - Ultra,Beauty,Novels,BrandD,105.87,58.05,341,10.38,true,2021-10-18,2023-08-06,SUPP-141,4.8,353
PROD-000291,SKU-6019,Product 291 - Ultra,Home,Sofas,BrandC,461.41,297.66,68,18.41,true,2021-10-19,2023-08-07,SUPP-124,2.7,991
PROD-000292,SKU-9887,Product 292 - Pro,Books,Fiction,BrandB,284.06,178.69,25,16.35,true,2021-10-20,2023-08-08,SUPP-136,2.5,527
PROD-000293,SKU-4332,Product 293 - Ultra,Home,Fiction,BrandB,203.89,117.05,188,7.79,true,2021-10-21,2023-08-08,SUPP-172,4.7,1735
PROD-000294,SKU-3504,Product 294 - Max,Food,Novels,OEM,471.13,213.05,492,17.74,true,2021-10-22,2023-08-09,SUPP-166,3.5,202
PROD-000295,SKU-5694,Product 295 - Ultra,Toys,Novels,BrandA,109.07,39.98,238,7.63,true,2021-10-23,2023-08-10,SUPP-100,4.1,818
PROD-000296,SKU-9242,Product 296 - Basic,Sports,Phones,OEM,222.25,123.19,403,5.5,true,2021-10-24,2023-08-11,SUPP-174,2.7,662
PROD-000297,SKU-7567,Product 297 - Basic,Beauty,Chairs,BrandA,56.1,27.98,184,12.24,true,2021-10-25,2023-08-11,SUPP-119,2.6,726
PROD-000298,SKU-5663,Product 298 - Max,Clothing,Fiction,BrandA,64.18,21.25,154,7.18,true,2021-10-26,2023-08-12,SUPP-118,1.3,1882
PROD-000299,SKU-7579,Product 299 - Basic,Food,Shirts,OEM,200.49,136.78,406,12.49,true,2021-10-27,2023-08-13,SUPP-153,4.9,1081
PROD-000300,SKU-1136,Product 300 - Ultra,Clothing,Novels,OEM,350.42,149.2,235,8.25,true,2021-10-28,2023-08-14,SUPP-123,1.9,760
PROD-000301,SKU-7777,Product 301 - Max,Toys,Shirts,OEM,170.76,51.37,365,15.94,true,2021-10-29,2023-08-14,SUPP-195,3.0,1615
PROD-000302,SKU-1878,Product 302 - Pro,Toys,Laptops,BrandE,345.41,228.2,363,19.09,true,2021-10-30,2023-08-15,SUPP-114,1.5,1554
PROD-000303,SKU-4518,Product 303 - Pro,Clothing,Chairs,BrandC,402.97,213.9,363,5.48,false,2021-10-31,2023-08-16,SUPP-115,3.6,289
PROD-000304,SKU-4148,Product 304 - Max,Electronics,Laptops,BrandA,439.02,260.44,338,10.25,true,2021-11-01,2023-08-17,SUPP-175,2.6,923
PROD-000305,SKU-7213,Product 305 - Max,Beauty,Pants,BrandD,24.26,8.76,404,14.52,true,2021-11-02,2023-08-17,SUPP-128,4.1,824
PROD-000306,SKU-3159,Product 306 - Ultra,Toys,Fiction,BrandD,387.31,178.88,231,3.25,true,2021-11-03,2023-08-18,SUPP-170,3.1,899
PROD-000307,SKU-3148,Product 307 - Pro,Beauty,Laptops,BrandE,75.27,42.0,151,15.94,true,2021-11-04,2023-08-19,SUPP-167,1.5,697
PROD-000308,SKU-8957,Product 308 - Ultra,Electronics,Laptops,BrandA,349.72,140.02,256,11.7,true,2021-11-05,2023-08-20,SUPP-118,1.0,1647
PROD-000309,SKU-5296,Product 309 - Pro,Beauty,Fiction,BrandA,187.08,108.62,162,3.08,true,2021-11-06,2023-08-20,SUPP-157,1.8,1991
PROD-000310,SKU-7672,Product 310 - Max,Sports,Novels,BrandD,354.47,139.46,21,17.38,true,2021-11-07,2023-08-21,SUPP-153,3.9,53
PROD-000311,SKU-6247,Product 311 - Max,Food,Pants,OEM,108.47,41.61,180,8.59,true,2021-11-08,2023-08-22,SUPP-109,4.3,1713
PROD-000312,SKU-6578,Product 312 - Max,Toys,Pants,OEM,323.2,98.46,250,3.61,true,2021-11-09,2023-08-23,SUPP-175,2.4,1729
PROD-000313,SKU-7177,Product 313 - Pro,Toys,Fiction,BrandD,64.5,26.62,260,3.99,true,2021-11-10,2023-08-23,SUPP-184,3.1,731
PROD-000314,SKU-7007,Product 314 - Basic,Sports,Chairs,BrandC,86.52,34.5,170,15.73,true,2021-11-11,2023-08-24,SUPP-193,2.0,970
PROD-000315,SKU-9207,Product 315 - Pro,Home,Fiction,BrandC,307.99,186.56,362,18.72,false,2021-11-12,2023-08-25,SUPP-108,4.5,204
PROD-000316,SKU-8063,Product 316 - Basic,Toys,Phones,BrandD,169.7,89.58,142,7.63,true,2021-11-13,2023-08-26,SUPP-117,4.9,702
PROD-000317,SKU-3742,Product 317 - Max,Electronics,Sofas,BrandD,-1.0,-0.37,323,1.67,true,2021-11-14,2023-08-26,SUPP-181,4.0,476
PROD-000318,SKU-2525,Product 318 - Ultra,Electronics,Chairs,BrandB,343.2,180.95,134,2.11,true,2021-11-15,2023-08-27,SUPP-130,1.4,1813
PROD-000319,SKU-8606,Product 319 - Ultra,Electronics,Phones,BrandC,311.56,121.56,493,13.12,true,2021-11-16,2023-08-28,SUPP-161,2.7,214
PROD-000320,SKU-4352,Product 320 - Ultra,Books,Sofas,BrandD,365.8,172.0,324,7.48,true,2021-11-17,2023-08-29,SUPP-134,5.0,679
PROD-000321,SKU-3799,Product 321 - Max,Electronics,Phones,OEM,397.37,260.39,278,8.58,true,2021-11-18,2023-08-29,SUPP-121,1.9,961
PROD-000322,SKU-1999,Product 322 - Max,Books,Fiction,BrandE,455.88,267.92,214,6.81,true,2021-11-19,2023-08-30,SUPP-161,3.7,1955
PROD-000323,SKU-5966,Product 323 - Basic,Clothing,Chairs,BrandE,42.09,23.59,377,9.36,true,2021-11-20,2023-08-31,SUPP-120,4.8,1634
PROD-000324,SKU-5608,Product 324 - Basic,Food,Laptops,BrandB,286.62,118.26,212,12.91,true,2021-11-21,2023-09-01,SUPP-113,4.1,1872
PROD-000325,SKU-8452,Product 325 - Basic,Sports,Sofas,BrandC,374.88,131.15,401,10.87,true,2021-11-22,2023-09-01,SUPP-152,3.4,620
PROD-000326,SKU-7736,Product 326 - Max,Electronics,Phones,BrandD,110.03,66.15,79,3.37,true,2021-11-23,2023-09-02,SUPP-119,3.0,535
PROD-000327,SKU-7507,Product 327 - Max,Beauty,Novels,OEM,133.27,70.25,410,9.88,true,2021-11-24,2023-09-03,SUPP-119,4.7,1142
PROD-000328,SKU-5845,Product 328 - Pro,Home,Laptops,BrandC,134.94,74.1,480,9.27,true,2021-11-25,2023-09-04,SUPP-177,2.6,681
PROD-000329,SKU-8764,Product 329 - Pro,Home,Sofas,OEM,287.01,198.05,121,10.96,false,2021-11-26,2023-09-04,SUPP-152,4.6,31
PROD-000330,SKU-9848,Product 330 - Ultra,Beauty,Phones,BrandE,184.34,80.99,111,2.3,true,2021-11-27,2023-09-05,SUPP-153,2.7,1624
PROD-000331,SKU-8333,Product 331 - Ultra,Food,Laptops,BrandD,-1.0,-0.62,477,3.16,true,2021-11-28,2023-09-06,SUPP-114,4.0,189
PROD-000332,SKU-4131,Product 332 - Basic,Food,Fiction,BrandE,305.89,160.16,203,10.65,true,2021-11-29,2023-09-07,SUPP-115,4.7,391
PROD-000333,SKU-3486,Product 333 - Lite,Sports,Pants,BrandE,329.23,129.75,347,5.58,true,2021-11-30,2023-09-07,SUPP-138,3.2,1886
PROD-000334,SKU-1011,Product 334 - Pro,Toys,Phones,BrandE,127.64,40.99,95,12.62,true,2021-12-01,2023-09-08,SUPP-138,2.2,1463
PROD-000335,SKU-9935,Product 335 - Pro,Clothing,Chairs,BrandE,384.14,209.9,213,7.52,true,2021-12-02,2023-09-09,SUPP-144,1.2,1284
PROD-000336,SKU-7593,Product 336 - Basic,Toys,Laptops,BrandC,332.68,139.41,351,4.49,true,2021-12-03,2023-09-10,SUPP-113,4.2,258
PROD-000337,SKU-9432,Product 337 - Basic,Food,Sofas,BrandC,67.05,38.77,447,13.16,true,2021-12-04,2023-09-10,SUPP-188,3.5,501
PROD-000338,SKU-8087,Product 338 - Lite,Books,Novels,BrandD,101.68,59.0,218,7.94,true,2021-12-05,2023-09-11,SUPP-135,2.1,411
PROD-000339,SKU-4871,Product 339 - Pro,Books,Chairs,OEM,151.87,73.23,37,3.24,true,2021-12-06,2023-09-12,SUPP-180,4.5,1282
PROD-000340,SKU-2305,Product 340 - Pro,Books,Laptops,BrandD,468.14,240.89,206,16.2,true,2021-12-07,2023-09-13,SUPP-139,4.7,1001
PROD-000341,SKU-1424,Product 341 - Basic,Electronics,Laptops,OEM,164.51,90.58,321,8.69,true,2021-12-08,2023-09-13,SUPP-146,4.5,721
PROD-000342,SKU-8128,Product 342 - Basic,Toys,Laptops,BrandE,11.89,5.8,437,18.31,true,2021-12-09,2023-09-14,SUPP-111,3.4,1491
PROD-000343,SKU-3731,Product 343 - Lite,Beauty,Chairs,BrandC,72.52,47.21,416,3.95,true,2021-12-10,2023-09-15,SUPP-166,4.9,1555
PROD-000344,SKU-4413,Product 344 - Basic,Toys,Chairs,BrandD,18.01,5.95,379,17.54,false,2021-12-11,2023-09-16,SUPP-105,4.5,1478
PROD-000345,SKU-8524,Product 345 - Ultra,Electronics,Sofas,BrandD,202.6,140.18,82,16.34,true,2021-12-12,2023-09-16,SUPP-174,1.4,211
PROD-000346,SKU-5331,Product 346 - Max,Toys,Pants,OEM,398.97,125.03,259,2.17,true,2021-12-13,2023-09-17,SUPP-187,4.9,1217
PROD-000347,SKU-9556,Product 347 - Lite,Home,Phones,BrandB,226.31,86.73,288,10.68,true,2021-12-14,2023-09-18,SUPP-135,3.2,420
PROD-000348,SKU-5918,Product 348 - Pro,Toys,Novels,BrandB,419.81,244.88,234,13.11,true,2021-12-15,2023-09-19,SUPP-187,4.7,544
PROD-000349,SKU-8484,Product 349 - Basic,Food,Chairs,BrandB,25.66,8.57,461,9.96,true,2021-12-16,2023-09-19,SUPP-169,4.0,1956
PROD-000350,SKU-2133,Product 350 - Max,Food,Chairs,BrandA,235.91,95.51,479,7.87,true,2021-12-17,2023-09-20,SUPP-100,3.6,830
PROD-000351,SKU-4570,Product 351 - Lite,Food,Phones,BrandE,393.95,142.45,105,18.88,true,2021-12-18,2023-09-21,SUPP-120,2.3,1575
PROD-000352,SKU-2647,Product 352 - Pro,Electronics,Shirts,OEM,338.0,199.23,478,14.05,true,2021-12-19,2023-09-22,SUPP-163,1.1,492
PROD-000353,SKU-1508,Product 353 - Ultra,Home,Shirts,BrandD,426.7,226.82,423,19.32,true,2021-12-20,2023-09-22,SUPP-169,2.1,1944
PROD-000354,SKU-9923,Product 354 - Ultra,Home,Sofas,BrandA,138.36,45.08,352,16.94,true,2021-12-21,2023-09-23,SUPP-109,3.7,554
PROD-000355,SKU-5657,Product 355 - Max,Books,Novels,BrandC,251.41,121.7,190,16.36,true,2021-12-22,2023-09-24,SUPP-167,4.5,363
PROD-000356,SKU-4182,Product 356 - Lite,Food,Novels,OEM,339.08,130.0,380,14.54,true,2021-12-23,2023-09-25,SUPP-180,1.0,646
PROD-000357,SKU-4387,Product 357 - Basic,Beauty,Sofas,BrandA,85.9,59.02,293,12.96,true,2021-12-24,2023-09-25,SUPP-109,1.8,346
PROD-000358,SKU-3168,Product 358 - Ultra,Books,Shirts,BrandD,408.26,140.1,449,17.75,true,2021-12-25,2023-09-26,SUPP-187,3.7,1197
PROD-000359,SKU-2106,Product 359 - Max,Toys,Pants,BrandC,157.1,84.71,355,12.31,true,2021-12-26,2023-09-27,SUPP-152,2.1,288
PROD-000360,SKU-9219,Product 360 - Pro,Clothing,Chairs,OEM,48.46,23.88,482,1.6,true,2021-12-27,2023-09-28,SUPP-161,1.6,415
PROD-000361,SKU-1952,Product 361 - Pro,Beauty,Shirts,BrandD,383.31,203.63,209,11.69,true,2021-12-28,2023-09-28,SUPP-105,1.3,1404
PROD-000362,SKU-4461,Product 362 - Pro,Books,Pants,BrandD,353.09,241.02,41,2.15,true,2021-12-29,2023-09-29,SUPP-160,3.6,85
PROD-000363,SKU-2377,Product 363 - Max,Clothing,Novels,BrandE,442.06,192.96,245,18.99,true,2021-12-30,2023-09-30,SUPP-144,3.4,880
PROD-000364,SKU-9365,Product 364 - Max,Beauty,Sofas,BrandE,446.24,267.52,498,12.97,true,2021-12-31,2023-10-01,SUPP-136,4.4,1384
PROD-000365,SKU-2852,Product 365 - Max,Toys,Pants,BrandD,140.7,67.39,327,11.16,true,2022-01-01,2023-10-01,SUPP-177,2.3,890
PROD-000366,SKU-4545,Product 366 - Basic,Toys,Chairs,BrandE,321.39,181.36,351,4.04,true,2022-01-02,2023-10-02,SUPP-124,1.5,43
PROD-000367,SKU-7783,Product 367 - Pro,Toys,Shirts,BrandE,499.55,222.93,312,10.36,true,2022-01-03,2023-10-03,SUPP-105,4.2,316
PROD-000368,SKU-6131,Product 368 - Ultra,Toys,Phones,BrandD,123.41,48.23,296,6.92,false,2022-01-04,2023-10-04,SUPP-149,5.0,1941
PROD-000369,SKU-4434,Product 369 - Lite,Sports,Novels,BrandE,237.48,79.19,30,13.54,true,2022-01-05,2023-10-04,SUPP-173,2.4,1544
PROD-000370,SKU-6072,Product 370 - Max,Electronics,Pants,BrandC,455.25,155.1,206,12.13,true,2022-01-06,2023-10-05,SUPP-113,4.5,700
PROD-000371,SKU-4932,Product 371 - Lite,Food,Shirts,BrandC,53.32,36.46,43,10.04,true,2022-01-07,2023-10-06,SUPP-197,4.1,1747
PROD-000372,SKU-3603,Product 372 - Lite,Sports,Phones,BrandA,464.26,285.7,168,5.13,true,2022-01-08,2023-10-07,SUPP-166,4.6,13
PROD-000373,SKU-6384,Product 373 - Ultra,Beauty,Fiction,BrandE,245.09,97.54,359,10.56,true,2022-01-09,2023-10-07,SUPP-192,2.7,94
PROD-000374,SKU-4287,Product 374 - Pro,Electronics,Chairs,BrandB,446.72,228.57,402,9.29,true,2022-01-10,2023-10-08,SUPP-146,1.4,1769
PROD-000375,SKU-9640,Product 375 - Max,Food,Shirts,BrandE,311.43,182.4,111,17.04,true,2022-01-11,2023-10-09,SUPP-112,1.5,1348
PROD-000376,SKU-5168,Product 376 - Max,Food,Sofas,OEM,336.36,148.34,327,17.9,true,2022-01-12,2023-10-10,SUPP-117,4.1,1199
PROD-000377,SKU-7807,Product 377 - Max,Food,Pants,OEM,386.94,184.18,113,15.21,true,2022-01-13,2023-10-10,SUPP-149,4.5,689
PROD-000378,SKU-3109,Product 378 - Lite,Clothing,Shirts,BrandB,35.42,20.8,100,6.46,true,2022-01-14,2023-10-11,SUPP-158,2.8,1634
PROD-000379,SKU-6810,Product 379 - Lite,Toys,Shirts,BrandD,314.62,123.01,479,0.86,true,2022-01-15,2023-10-12,SUPP-172,1.2,1216
PROD-000380,SKU-6034,Product 380 - Ultra,Books,Phones,BrandE,462.11,235.92,304,18.51,true,2022-01-16,2023-10-13,SUPP-178,1.3,870
PROD-000381,SKU-7693,Product 381 - Lite,Clothing,Fiction,BrandD,478.14,183.62,98,19.84,true,2022-01-17,2023-10-13,SUPP-175,3.4,761
PROD-000382,SKU-5155,Product 382 - Max,Books,Fiction,BrandD,484.21,145.86,70,2.63,true,2022-01-18,2023-10-14,SUPP-158,4.7,708
PROD-000383,SKU-7472,Product 383 - Lite,Sports,Novels,BrandC,323.61,186.43,24,13.74,true,2022-01-19,2023-10-15,SUPP-101,2.6,1150
PROD-000384,SKU-1527,Product 384 - Basic,Beauty,Shirts,BrandB,317.37,185.0,248,8.56,true,2022-01-20,2023-10-16,SUPP-152,3.6,1310
PROD-000385,SKU-7211,Product 385 - Ultra,Electronics,Fiction,BrandD,277.12,193.51,50,3.06,true,2022-01-21,2023-10-16,SUPP-181,3.2,1609
PROD-000386,SKU-7780,Product 386 - Ultra,Books,Shirts,OEM,304.55,113.42,291,19.96,true,2022-01-22,2023-10-17,SUPP-183,4.6,812
PROD-000387,SKU-5467,Product 387 - Pro,Beauty,Novels,BrandB,306.82,182.81,216,18.67,true,2022-01-23,2023-10-18,SUPP-182,4.3,507
PROD-000388,SKU-1308,Product 388 - Pro,Beauty,Phones,BrandA,23.11,15.7,317,19.65,true,2022-01-24,2023-10-19,SUPP-101,1.8,1112
PROD-000389,SKU-6101,Product 389 - Lite,Toys,Shirts,BrandA,46.25,25.8,103,2.96,true,2022-01-25,2023-10-19,SUPP-143,3.7,1166
PROD-000390,SKU-8030,Product 390 - Max,Beauty,Sofas,BrandD,310.46,212.74,72,9.89,true,2022-01-26,2023-10-20,SUPP-161,4.4,555
PROD-000391,SKU-5152,Product 391 - Pro,Beauty,Fiction,BrandB,158.47,110.58,50,17.93,true,2022-01-27,2023-10-21,SUPP-124,4.7,146
PROD-000392,SKU-1847,Product 392 - Ultra,Electronics,Shirts,BrandC,152.1,94.4,47,13.54,false,2022-01-28,2023-10-22,SUPP-140,3.4,665
PROD-000393,SKU-4554,Product 393 - Ultra,Toys,Pants,OEM,98.32,68.8,36,8.75,true,2022-01-29,2023-10-22,SUPP-109,1.7,141
PROD-000394,SKU-9945,Product 394 - Max,Home,Novels,BrandA,400.92,220.64,129,10.38,true,2022-01-30,2023-10-23,SUPP-119,3.2,164
PROD-000395,SKU-3436,Product 395 - Basic,Books,Pants,BrandB,482.23,240.55,400,0.87,true,2022-01-31,2023-10-24,SUPP-100,3.7,1931
PROD-000396,SKU-5764,Product 396 - Max,Books,Chairs,BrandB,314.61,209.86,303,12.27,true,2022-02-01,2023-10-25,SUPP-196,2.1,1562
PROD-000397,SKU-4196,Product 397 - Basic,Food,Pants,BrandC,472.81,299.0,125,17.21,false,2022-02-02,2023-10-25,SUPP-185,4.9,70
PROD-000398,SKU-7410,Product 398 - Ultra,Home,Phones,BrandE,442.16,152.12,465,0.16,false,2022-02-03,2023-10-26,SUPP-139,1.9,697
PROD-000399,SKU-4856,Product 399 - Pro,Sports,Shirts,BrandB,110.52,46.54,380,3.28,true,2022-02-04,2023-10-27,SUPP-100,4.6,509
PROD-000400,SKU-4458,Product 400 - Lite,Toys,Sofas,BrandA,78.45,31.71,389,10.41,false,2022-02-05,2023-10-28,SUPP-133,2.7,1949
PROD-000401,SKU-6213,Product 401 - Max,Beauty,Phones,BrandA,107.36,68.94,449,11.26,true,2022-02-06,2023-10-28,SUPP-142,1.0,875
PROD-000402,SKU-6145,Product 402 - Ultra,Home,Laptops,BrandE,49.9,19.63,372,6.93,true,2022-02-07,2023-10-29,SUPP-116,3.2,519
PROD-000403,SKU-5498,Product 403 - Max,Home,Fiction,BrandA,292.26,123.22,478,0.66,true,2022-02-08,2023-10-30,SUPP-165,3.5,1269
PROD-000404,SKU-3323,Product 404 - Lite,Toys,Phones,BrandD,142.75,72.45,165,14.9,true,2022-02-09,2023-10-31,SUPP-198,4.5,950
PROD-000405,SKU-1971,Product 405 - Pro,Toys,Laptops,BrandD,-1.0,-0.33,428,4.93,true,2022-02-10,2023-10-31,SUPP-183,3.2,374
PROD-000406,SKU-7213,Product 406 - Max,Clothing,Sofas,BrandA,307.47,210.46,55,12.93,true,2022-02-11,2023-11-01,SUPP-184,1.4,611
PROD-000407,SKU-4059,Product 407 - Lite,Sports,Sofas,BrandD,181.08,89.89,150,11.23,true,2022-02-12,2023-11-02,SUPP-182,4.7,254
PROD-000408,SKU-6514,Product 408 - Lite,Toys,Laptops,BrandB,492.34,185.21,445,8.67,false,2022-02-13,2023-11-03,SUPP-106,3.3,1387
PROD-000409,SKU-4385,Product 409 - Ultra,Electronics,Phones,BrandD,476.68,194.64,66,11.85,true,2022-02-14,2023-11-03,SUPP-154,2.1,1941
PROD-000410,SKU-8684,Product 410 - Max,Clothing,Fiction,BrandA,389.74,241.34,250,13.93,true,2022-02-15,2023-11-04,SUPP-156,4.6,1616
PROD-000411,SKU-7361,Product 411 - Pro,Clothing,Sofas,BrandE,396.25,219.37,170,11.49,false,2022-02-16,2023-11-05,SUPP-109,1.5,750
PROD-000412,SKU-4635,Product 412 - Pro,Books,Sofas,BrandE,488.67,237.42,50,11.19,true,2022-02-17,2023-11-06,SUPP-114,1.4,974
PROD-000413,SKU-3995,Product 413 - Lite,Sports,Phones,BrandA,301.02,130.23,117,8.78,true,2022-02-18,2023-11-06,SUPP-155,3.1,121
PROD-000414,SKU-7740,Product 414 - Pro,Home,Laptops,BrandD,440.24,290.68,267,8.66,true,2022-02-19,2023-11-07,SUPP-170,3.5,733
PROD-000415,SKU-1071,Product 415 - Max,Clothing,Phones,BrandD,34.27,20.87,315,9.87,true,2022-02-20,2023-11-08,SUPP-120,3.0,64
PROD-000416,SKU-1518,Product 416 - Max,Beauty,Fiction,BrandA,277.91,163.2,337,9.1,true,2022-02-21,2023-11-09,SUPP-147,4.7,1489
PROD-000417,SKU-1758,Product 417 - Ultra,Toys,Novels,BrandE,252.24,120.67,65,8.84,true,2022-02-22,2023-11-09,SUPP-107,2.1,1818
PROD-000418,SKU-4112,Product 418 - Lite,Clothing,Sofas,BrandD,20.78,14.39,159,4.29,true,2022-02-23,2023-11-10,SUPP-110,5.0,382
PROD-000419,SKU-5472,Product 419 - Lite,Beauty,Chairs,BrandB,45.29,26.45,52,14.52,true,2022-02-24,2023-11-11,SUPP-157,1.1,1347
PROD-000420,SKU-3635,Product 420 - Basic,Toys,Laptops,BrandC,12.87,6.04,4,2.75,true,2022-02-25,2023-11-12,SUPP-155,1.5,1198
PROD-000421,SKU-2696,Product 421 - Basic,Books,Fiction,BrandE,148.41,101.55,195,18.18,false,2022-02-26,2023-11-12,SUPP-174,1.7,835
PROD-000422,SKU-3816,Product 422 - Pro,Books,Sofas,BrandD,28.64,18.85,310,12.53,true,2022-02-27,2023-11-13,SUPP-190,1.3,1467
PROD-000423,SKU-5451,Product 423 - Pro,Clothing,Sofas,BrandE,212.72,126.78,185,1.07,false,2022-02-28,2023-11-14,SUPP-118,2.8,1359
PROD-000424,SKU-3676,Product 424 - Pro,Food,Fiction,BrandA,406.74,246.81,20,13.21,true,2022-03-01,2023-11-15,SUPP-133,4.5,538
PROD-000425,SKU-6167,Product 425 - Basic,Food,Phones,BrandE,307.68,144.44,109,7.29,false,2022-03-02,2023-11-15,SUPP-184,4.3,1596
PROD-000426,SKU-4439,Product 426 - Lite,Beauty,Pants,BrandA,337.54,169.76,216,18.6,true,2022-03-03,2023-11-16,SUPP-105,4.0,1311
PROD-000427,SKU-9400,Product 427 - Ultra,Food,Phones,BrandD,17.68,6.66,177,18.73,true,2022-03-04,2023-11-17,SUPP-181,1.0,624
PROD-000428,SKU-9930,Product 428 - Max,Books,Pants,BrandC,420.07,226.06,412,16.93,true,2022-03-05,2023-11-18,SUPP-193,4.5,1470
PROD-000429,SKU-6899,Product 429 - Ultra,Beauty,Shirts,BrandA,74.79,33.5,298,11.4,false,2022-03-06,2023-11-18,SUPP-109,2.6,1281
PROD-000430,SKU-5992,Product 430 - Lite,Toys,Pants,BrandE,152.71,67.04,499,18.39,true,2022-03-07,2023-11-19,SUPP-114,3.9,234
PROD-000431,SKU-1279,Product 431 - Max,Electronics,Chairs,BrandD,259.35,176.17,87,13.03,true,2022-03-08,2023-11-20,SUPP-167,3.9,332
PROD-000432,SKU-6602,Product 432 - Pro,Clothing,Shirts,BrandD,465.13,170.2,185,17.52,true,2022-03-09,2023-11-21,SUPP-147,1.7,647
PROD-000433,SKU-4426,Product 433 - Ultra,Clothing,Phones,BrandC,499.07,315.41,43,3.29,true,2022-03-10,2023-11-21,SUPP-197,3.1,88
PROD-000434,SKU-3609,Product 434 - Max,Beauty,Laptops,BrandB,391.76,161.64,10,18.09,true,2022-03-11,2023-11-22,SUPP-153,4.7,812
PROD-000435,SKU-8140,Product 435 - Pro,Clothing,Chairs,BrandD,365.19,113.74,461,13.27,false,2022-03-12,2023-11-23,SUPP-164,2.1,923
PROD-000436,SKU-1379,Product 436 - Basic,Sports,Sofas,BrandB,264.78,83.72,246,6.14,true,2022-03-13,2023-11-24,SUPP-123,3.9,1551
PROD-000437,SKU-3344,Product 437 - Ultra,Sports,Fiction,BrandE,333.47,157.29,329,19.96,true,2022-03-14,2023-11-24,SUPP-132,4.8,342
PROD-000438,SKU-7967,Product 438 - Basic,Beauty,Fiction,BrandE,73.91,35.61,138,13.77,false,2022-03-15,2023-11-25,SUPP-117,2.4,1135
PROD-000439,SKU-9323,Product 439 - Ultra,Books,Laptops,OEM,136.05,58.24,25,18.18,true,2022-03-16,2023-11-26,SUPP-114,2.6,1329
PROD-000440,SKU-5630,Product 440 - Lite,Electronics,Chairs,BrandA,492.34,279.41,446,0.21,true,2022-03-17,2023-11-27,SUPP-111,2.8,899
PROD-000441,SKU-5760,Product 441 - Max,Beauty,Phones,BrandD,489.84,242.05,329,11.09,true,2022-03-18,2023-11-27,SUPP-188,4.2,1814
PROD-000442,SKU-9702,Product 442 - Ultra,Sports,Phones,BrandD,162.83,53.68,355,14.28,true,2022-03-19,2023-11-28,SUPP-106,2.8,637
PROD-000443,SKU-1831,Product 443 - Basic,Electronics,Novels,OEM,122.03,53.6,266,0.37,true,2022-03-20,2023-11-29,SUPP-151,2.9,815
PROD-000444,SKU-5328,Product 444 - Basic,Beauty,Pants,BrandC,116.29,39.63,202,15.27,true,2022-03-21,2023-11-30,SUPP-150,1.9,8
PROD-000445,SKU-3174,Product 445 - Basic,Home,Fiction,OEM,243.45,79.16,211,13.06,true,2022-03-22,2023-11-30,SUPP-105,5.0,821
PROD-000446,SKU-5290,Product 446 - Basic,Sports,Phones,BrandB,113.43,43.48,381,5.57,true,2022-03-23,2023-12-01,SUPP-183,4.6,40
PROD-000447,SKU-9155,Product 447 - Pro,Food,Sofas,OEM,324.94,188.54,113,13.81,true,2022-03-24,2023-12-02,SUPP-149,3.4,1967
PROD-000448,SKU-6364,Product 448 - Lite,Clothing,Shirts,BrandD,39.25,22.7,170,2.7,true,2022-03-25,2023-12-03,SUPP-112,4.8,480
PROD-000449,SKU-9922,Product 449 - Basic,Food,Fiction,OEM,53.62,34.56,153,16.5,true,2022-03-26,2023-12-03,SUPP-112,3.7,1624
PROD-000450,SKU-5544,Product 450 - Lite,Sports,Chairs,BrandB,139.9,84.3,260,17.34,true,2022-03-27,2023-12-04,SUPP-169,4.8,233
PROD-000451,SKU-8766,Product 451 - Basic,Food,Novels,BrandB,389.16,200.11,483,9.76,true,2022-03-28,2023-12-05,SUPP-161,1.6,548
PROD-000452,SKU-2527,Product 452 - Max,Toys,Shirts,BrandD,162.99,69.28,461,10.2,false,2022-03-29,2023-12-06,SUPP-140,1.9,239
PROD-000453,SKU-3885,Product 453 - Basic,Toys,Fiction,BrandD,236.46,71.49,272,8.1,true,2022-03-30,2023-12-06,SUPP-140,4.5,737
PROD-000454,SKU-3464,Product 454 - Lite,Clothing,Novels,BrandA,328.99,183.86,100,6.97,true,2022-03-31,2023-12-07,SUPP-103,2.7,1205
PROD-000455,SKU-7918,Product 455 - Lite,Toys,Novels,BrandD,394.68,164.14,470,17.47,true,2022-04-01,2023-12-08,SUPP-103,2.5,839
PROD-000456,SKU-5617,Product 456 - Basic,Home,Pants,BrandC,154.93,61.98,156,6.17,true,2022-04-02,2023-12-09,SUPP-153,4.0,1210
PROD-000457,SKU-2999,Product 457 - Pro,Food,Fiction,BrandA,366.01,252.52,178,8.12,true,2022-04-03,2023-12-09,SUPP-136,3.5,1612
PROD-000458,SKU-2555,Product 458 - Lite,Food,Chairs,BrandD,144.45,53.4,442,6.07,true,2022-04-04,2023-12-10,SUPP-124,2.4,89
PROD-000459,SKU-4460,Product 459 - Ultra,Books,Phones,BrandE,322.93,101.07,131,13.17,true,2022-04-05,2023-12-11,SUPP-137,2.6,848
PROD-000460,SKU-2381,Product 460 - Pro,Food,Fiction,BrandA,226.53,153.99,230,16.3,true,2022-04-06,2023-12-12,SUPP-159,2.6,1187
PROD-000461,SKU-7273,Product 461 - Max,Books,Phones,OEM,463.45,195.76,458,3.37,true,2022-04-07,2023-12-12,SUPP-129,1.5,1046
PROD-000462,SKU-8633,Product 462 - Pro,Electronics,Chairs,BrandD,491.07,224.6,158,5.17,true,2022-04-08,2023-12-13,SUPP-134,1.9,291
PROD-000463,SKU-9719,Product 463 - Basic,Toys,Laptops,BrandB,387.5,128.79,312,2.17,true,2022-04-09,2023-12-14,SUPP-127,3.2,413
PROD-000464,SKU-3121,Product 464 - Pro,Books,Fiction,BrandE,457.89,211.37,18,3.29,true,2022-04-10,2023-12-15,SUPP-165,4.1,754
PROD-000465,SKU-4952,Product 465 - Max,Electronics,Chairs,OEM,69.97,48.2,497,8.2,true,2022-04-11,2023-12-15,SUPP-105,2.7,1302
PROD-000466,SKU-5534,Product 466 - Max,Electronics,Novels,OEM,327.91,189.4,209,15.54,true,2022-04-12,2023-12-16,SUPP-190,2.5,1979
PROD-000467,SKU-5462,Product 467 - Basic,Beauty,Chairs,BrandE,100.78,49.33,335,10.88,true,2022-04-13,2023-12-17,SUPP-154,3.6,736
PROD-000468,SKU-5078,Product 468 - Pro,Food,Sofas,BrandB,139.92,59.18,250,1.16,true,2022-04-14,2023-12-18,SUPP-124,1.6,1044
PROD-000469,SKU-2981,Product 469 - Max,Beauty,Novels,BrandA,262.36,117.12,216,12.54,true,2022-04-15,2023-12-18,SUPP-175,2.5,612
PROD-000470,SKU-2007,Product 470 - Max,Sports,Shirts,BrandB,371.5,202.28,203,15.93,true,2022-04-16,2023-12-19,SUPP-193,1.8,68
PROD-000471,SKU-4628,Product 471 - Lite,Home,Sofas,OEM,361.29,145.16,8,7.93,false,2022-04-17,2023-12-20,SUPP-105,3.6,796
PROD-000472,SKU-1830,Product 472 - Lite,Sports,Shirts,BrandB,434.98,156.93,138,4.98,true,2022-04-18,2023-12-21,SUPP-120,1.4,695
PROD-000473,SKU-1567,Product 473 - Basic,Home,Phones,BrandB,280.51,162.27,190,15.3,true,2022-04-19,2023-12-21,SUPP-114,2.8,301
PROD-000474,SKU-5716,Product 474 - Max,Home,Fiction,OEM,463.31,300.13,184,0.58,true,2022-04-20,2023-12-22,SUPP-106,3.4,1341
PROD-000475,SKU-8726,Product 475 - Max,Clothing,Pants,BrandB,444.16,293.42,136,16.33,true,2022-04-21,2023-12-23,SUPP-173,4.3,516
PROD-000476,SKU-5864,Product 476 - Ultra,Books,Phones,BrandC,424.82,270.43,321,16.1,false,2022-04-22,2023-12-24,SUPP-119,3.9,449
PROD-000477,SKU-1209,Product 477 - Max,Clothing,Novels,BrandB,116.29,59.57,414,17.77,true,2022-04-23,2023-12-24,SUPP-137,4.8,778
PROD-000478,SKU-8563,Product 478 - Ultra,Clothing,Fiction,BrandB,266.65,164.13,445,1.88,true,2022-04-24,2023-12-25,SUPP-180,3.7,1928
PROD-000479,SKU-7151,Product 479 - Ultra,Home,Chairs,BrandD,368.64,247.19,486,2.24,true,2022-04-25,2023-12-26,SUPP-160,2.4,1272
PROD-000480,SKU-3727,Product 480 - Max,Toys,Shirts,BrandE,488.09,150.99,324,17.47,true,2022-04-26,2023-12-27,SUPP-167,1.9,850
PROD-000481,SKU-3458,Product 481 - Lite,Books,Novels,BrandB,7.79,3.62,205,9.56,true,2022-04-27,2023-12-27,SUPP-109,1.2,1641
PROD-000482,SKU-9095,Product 482 - Max,Sports,Chairs,BrandA,164.89,62.93,323,7.91,false,2022-04-28,2023-12-28,SUPP-196,2.1,42
PROD-000483,SKU-5284,Product 483 - Pro,Books,Shirts,BrandD,172.48,120.51,66,11.51,true,2022-04-29,2023-12-29,SUPP-108,1.5,673
PROD-000484,SKU-2270,Product 484 - Basic,Books,Shirts,BrandD,145.68,97.87,408,1.27,true,2022-04-30,2023-12-30,SUPP-170,2.5,1081
PROD-000485,SKU-3533,Product 485 - Lite,Sports,Fiction,BrandD,409.07,253.98,267,12.91,true,2022-05-01,2023-12-30,SUPP-163,3.8,977
PROD-000486,SKU-3379,Product 486 - Ultra,Toys,Fiction,BrandC,24.44,10.22,82,18.91,true,2022-05-02,2023-12-31,SUPP-140,3.8,1352
PROD-000487,SKU-4600,Product 487 - Basic,Beauty,Chairs,BrandE,180.99,123.23,212,13.55,true,2022-05-03,2024-01-01,SUPP-182,2.3,1403
PROD-000488,SKU-4111,Product 488 - Max,Clothing,Phones,BrandD,356.41,111.09,150,9.34,true,2022-05-04,2024-01-02,SUPP-188,3.0,911
PROD-000489,SKU-5920,Product 489 - Pro,Toys,Laptops,BrandE,204.55,76.75,174,19.22,true,2022-05-05,2024-01-02,SUPP-106,1.9,1859
PROD-000490,SKU-3908,Product 490 - Pro,Clothing,Shirts,BrandE,73.73,40.31,25,13.8,true,2022-05-06,2024-01-03,SUPP-194,3.0,1856
PROD-000491,SKU-6767,Product 491 - Basic,Electronics,Sofas,BrandC,306.19,188.98,8,1.23,true,2022-05-07,2024-01-04,SUPP-123,3.0,950
PROD-000492,SKU-5433,Product 492 - Basic,Sports,Novels,BrandB,262.25,171.37,174,13.43,false,2022-05-08,2024-01-05,SUPP-178,2.2,1803
PROD-000493,SKU-9461,Product 493 - Lite,Sports,Novels,BrandD,490.95,206.3,150,1.29,true,2022-05-09,2024-01-05,SUPP-181,2.0,1281
PROD-000494,SKU-8452,Product 494 - Pro,Toys,Shirts,BrandD,374.76,171.01,499,6.21,true,2022-05-10,2024-01-06,SUPP-155,4.9,277
PROD-000495,SKU-3989,Product 495 - Lite,Beauty,Phones,BrandD,493.11,237.64,131,12.35,true,2022-05-11,2024-01-07,SUPP-185,3.1,239
PROD-000496,SKU-1379,Product 496 - Basic,Electronics,Shirts,BrandD,94.79,29.46,164,4.39,false,2022-05-12,2024-01-08,SUPP-181,3.2,159
PROD-000497,SKU-6263,Product 497 - Max,Sports,Laptops,BrandC,381.26,246.14,457,0.86,true,2022-05-13,2024-01-08,SUPP-151,1.0,423
PROD-000498,SKU-4044,Product 498 - Pro,Toys,Fiction,BrandA,276.71,120.42,429,12.4,false,2022-05-14,2024-01-09,SUPP-117,1.7,624
PROD-000499,SKU-9114,Product 499 - Pro,Beauty,Phones,BrandC,356.82,135.49,28,5.79,true,2022-05-15,2024-01-10,SUPP-143,2.4,138
