billing_id,subscription_id,customer_id,plan_id,plan_name,billing_amount,currency,billing_date,due_date,paid_date,status,payment_method,invoice_id,tax_amount,discount_pct
BILL-00000000,SUB-19993,CUST-000201,plan_basic,Enterprise,99.99,EUR,2023-01-01,2023-01-15,2023-01-16,refunded,credit_card,INV-000000000,17.3,0
BILL-00000001,SUB-78678,CUST-000363,plan_enterprise,Enterprise,199.99,USD,2023-01-01,2023-01-15,2023-01-16,paid,paypal,INV-000000001,31.04,5
BILL-00000002,SUB-82385,CUST-000053,plan_basic,Basic,99.99,USD,2023-01-02,2023-01-16,2023-01-17,refunded,credit_card,INV-000000002,13.39,0
BILL-00000003,SUB-47013,CUST-000461,plan_basic,Pro,19.99,USD,2023-01-02,2023-01-16,2023-01-17,paid,credit_card,INV-000000003,3.55,15
BILL-00000004,SUB-66856,CUST-000317,plan_free,Free,49.99,USD,2023-01-03,2023-01-17,2023-01-18,pending,stripe,INV-000000004,8.22,0
BILL-00000005,SUB-95421,CUST-000457,plan_pro,Free,19.99,USD,2023-01-03,2023-01-17,2023-01-18,paid,bank_transfer,INV-000000005,2.73,0
BILL-00000006,SUB-78050,CUST-000364,plan_basic,Enterprise,9.99,EUR,2023-01-04,2023-01-18,2023-01-19,overdue,credit_card,INV-000000006,1.4,10
BILL-00000007,SUB-49663,CUST-000482,plan_pro,Free,199.99,USD,2023-01-04,2023-01-18,2023-01-19,pending,stripe,INV-000000007,21.49,5
BILL-00000008,SUB-91466,CUST-000253,plan_pro,Pro,299.99,EUR,2023-01-05,2023-01-19,2023-01-20,pending,paypal,INV-000000008,52.39,10
BILL-00000009,SUB-13603,CUST-000008,plan_pro,Basic,9.99,USD,2023-01-05,2023-01-19,2023-01-20,refunded,paypal,INV-000000009,1.85,15
BILL-00000010,SUB-30364,CUST-000031,plan_basic,Pro,49.99,USD,2023-01-06,2023-01-20,2023-01-21,pending,paypal,INV-000000010,4.1,10
BILL-00000011,SUB-39479,CUST-000091,plan_pro,Free,199.99,INR,2023-01-06,2023-01-20,2023-01-21,paid,bank_transfer,INV-000000011,18.68,10
BILL-00000012,SUB-42767,CUST-000051,plan_basic,Free,49.99,USD,2023-01-07,2023-01-21,2023-01-22,paid,stripe,INV-000000012,9.95,10
BILL-00000013,SUB-70501,CUST-000403,plan_pro,Basic,9.99,USD,2023-01-07,2023-01-21,2023-01-22,pending,bank_transfer,INV-000000013,1.01,0
BILL-00000014,SUB-81312,CUST-000472,plan_basic,Enterprise,9.99,INR,2023-01-08,2023-01-22,2023-01-23,paid,paypal,INV-000000014,1.68,5
BILL-00000015,SUB-14790,CUST-000310,plan_pro,Basic,19.99,USD,2023-01-08,2023-01-22,2023-01-23,paid,stripe,INV-000000015,2.75,0
BILL-00000016,SUB-33345,CUST-000094,plan_pro,Pro,199.99,USD,2023-01-09,2023-01-23,2023-01-24,paid,stripe,INV-000000016,28.51,25
BILL-00000017,SUB-83613,CUST-000489,plan_basic,Pro,19.99,USD,2023-01-09,2023-01-23,2023-01-24,overdue,paypal,INV-000000017,1.86,0
BILL-00000018,SUB-55543,CUST-000153,plan_free,Basic,19.99,EUR,2023-01-10,2023-01-24,2023-01-25,paid,credit_card,INV-000000018,1.93,0
BILL-00000019,SUB-37911,CUST-000441,plan_basic,Enterprise,99.99,USD,2023-01-10,2023-01-24,2023-01-25,paid,credit_card,INV-000000019,14.93,0
BILL-00000020,SUB-49910,CUST-000343,plan_enterprise,Pro,99.99,USD,2023-01-11,2023-01-25,,paid,bank_transfer,INV-000000020,12.53,0
BILL-00000021,SUB-64533,CUST-000218,plan_enterprise,Basic,199.99,EUR,2023-01-11,2023-01-25,2023-01-26,pending,paypal,INV-000000021,35.14,0
BILL-00000022,SUB-63576,CUST-000395,plan_free,Basic,99.99,EUR,2023-01-12,2023-01-26,2023-01-27,paid,credit_card,INV-000000022,19.66,0
BILL-00000023,SUB-84630,CUST-000331,plan_enterprise,Basic,49.99,USD,2023-01-12,2023-01-26,2023-01-27,paid,bank_transfer,INV-000000023,8.87,20
BILL-00000024,SUB-98937,CUST-000455,plan_free,Enterprise,199.99,USD,2023-01-13,2023-01-27,2023-01-28,paid,bank_transfer,INV-000000024,25.74,0
BILL-00000025,SUB-82713,CUST-000303,plan_enterprise,Free,49.99,EUR,2023-01-13,2023-01-27,2023-01-28,paid,bank_transfer,INV-000000025,6.89,25
BILL-00000026,SUB-19334,CUST-000197,plan_enterprise,Free,49.99,GBP,2023-01-14,2023-01-28,2023-01-29,paid,paypal,INV-000000026,4.94,10
BILL-00000027,SUB-47942,CUST-000047,plan_basic,Basic,9.99,USD,2023-01-14,2023-01-28,2023-01-29,paid,bank_transfer,INV-000000027,1.63,0
BILL-00000028,SUB-53617,CUST-000496,plan_enterprise,Enterprise,19.99,USD,2023-01-15,2023-01-29,2023-01-30,paid,paypal,INV-000000028,2.67,0
BILL-00000029,SUB-66646,CUST-000390,plan_basic,Pro,9.99,EUR,2023-01-15,2023-01-29,2023-01-30,paid,bank_transfer,INV-000000029,1.83,20
BILL-00000030,SUB-96307,CUST-000051,plan_basic,Enterprise,99.99,EUR,2023-01-16,2023-01-30,2023-01-31,paid,stripe,INV-000000030,15.82,10
BILL-00000031,SUB-50221,CUST-000303,plan_pro,Pro,9.99,GBP,2023-01-16,2023-01-30,2023-01-31,overdue,bank_transfer,INV-000000031,1.0,0
BILL-00000032,SUB-41308,,plan_free,Basic,19.99,EUR,2023-01-17,2023-01-31,2023-02-01,paid,stripe,INV-000000032,2.59,0
BILL-00000033,SUB-90997,CUST-000349,plan_free,Free,299.99,USD,2023-01-17,2023-01-31,2023-02-01,paid,stripe,INV-000000033,48.37,0
BILL-00000034,SUB-76653,CUST-000136,plan_free,Enterprise,99.99,EUR,2023-01-18,2023-02-01,2023-02-02,paid,bank_transfer,INV-000000034,18.29,5
BILL-00000035,SUB-51283,CUST-000069,plan_pro,Pro,99.99,GBP,2023-01-18,2023-02-01,2023-02-02,paid,bank_transfer,INV-000000035,12.21,0
BILL-00000036,SUB-93633,CUST-000468,plan_pro,Free,49.99,USD,2023-01-19,2023-02-02,2023-02-03,paid,paypal,INV-000000036,8.02,0
BILL-00000037,SUB-37237,CUST-000185,plan_enterprise,Enterprise,9.99,USD,2023-01-19,2023-02-02,2023-02-03,paid,bank_transfer,INV-000000037,1.01,0
BILL-00000038,SUB-31654,CUST-000434,plan_enterprise,Pro,19.99,USD,2023-01-20,2023-02-03,2023-02-04,overdue,paypal,INV-000000038,3.77,0
BILL-00000039,SUB-11927,CUST-000232,plan_enterprise,Pro,99.99,USD,2023-01-20,2023-02-03,2023-02-04,pending,bank_transfer,INV-000000039,14.9,0
BILL-00000040,SUB-17324,CUST-000381,plan_pro,Basic,99.99,GBP,2023-01-21,2023-02-04,2023-02-05,paid,stripe,INV-000000040,17.22,10
BILL-00000041,SUB-87806,CUST-000121,plan_enterprise,Basic,19.99,USD,2023-01-21,2023-02-04,2023-02-05,paid,paypal,INV-000000041,2.55,10
BILL-00000042,SUB-16812,CUST-000301,plan_free,Basic,19.99,EUR,2023-01-22,2023-02-05,2023-02-06,paid,credit_card,INV-000000042,3.86,5
BILL-00000043,SUB-78833,CUST-000280,plan_pro,Free,9.99,USD,2023-01-22,2023-02-05,2023-02-06,pending,credit_card,INV-000000043,1.66,20
BILL-00000044,SUB-16569,CUST-000107,plan_free,Basic,19.99,USD,2023-01-23,2023-02-06,2023-02-07,paid,paypal,INV-000000044,1.97,10
BILL-00000045,SUB-30723,CUST-000340,plan_free,Free,19.99,USD,2023-01-23,2023-02-06,2023-02-07,paid,bank_transfer,INV-000000045,2.92,0
BILL-00000046,SUB-41546,CUST-000230,plan_free,Pro,9.99,USD,2023-01-24,2023-02-07,2023-02-08,paid,bank_transfer,INV-000000046,1.12,0
BILL-00000047,SUB-29329,CUST-000326,plan_free,Free,19.99,EUR,2023-01-24,2023-02-07,2023-02-08,paid,paypal,INV-000000047,3.6,5
BILL-00000048,SUB-21359,CUST-000017,plan_enterprise,Pro,49.99,USD,2023-01-25,2023-02-08,2023-02-09,paid,bank_transfer,INV-000000048,8.7,10
BILL-00000049,SUB-98977,CUST-000061,plan_basic,Basic,49.99,EUR,2023-01-25,2023-02-08,2023-02-09,refunded,stripe,INV-000000049,6.97,25
BILL-00000050,SUB-46451,CUST-000354,plan_enterprise,Basic,19.99,INR,2023-01-26,2023-02-09,2023-02-10,paid,paypal,INV-000000050,2.32,0
BILL-00000051,SUB-48076,CUST-000497,plan_basic,Free,19.99,USD,2023-01-26,2023-02-09,2023-02-10,paid,bank_transfer,INV-000000051,3.64,0
BILL-00000052,SUB-77870,CUST-000057,plan_pro,Basic,19.99,USD,2023-01-27,2023-02-10,,paid,bank_transfer,INV-000000052,3.64,15
BILL-00000053,SUB-92258,CUST-000012,plan_basic,Free,49.99,EUR,2023-01-27,2023-02-10,2023-02-11,paid,bank_transfer,INV-000000053,7.03,15
BILL-00000054,SUB-36840,CUST-000129,plan_enterprise,Free,19.99,USD,2023-01-28,2023-02-11,2023-02-12,paid,credit_card,INV-000000054,3.32,0
BILL-00000055,SUB-50790,CUST-000021,plan_free,Basic,199.99,USD,2023-01-28,2023-02-11,2023-02-12,paid,credit_card,INV-000000055,22.85,0
BILL-00000056,SUB-53147,CUST-000122,plan_pro,Pro,19.99,GBP,2023-01-29,2023-02-12,2023-02-13,paid,stripe,INV-000000056,2.44,15
BILL-00000057,SUB-33460,CUST-000346,plan_enterprise,Basic,99.99,USD,2023-01-29,2023-02-12,2023-02-13,paid,stripe,INV-000000057,19.33,0
BILL-00000058,SUB-21463,CUST-000393,plan_pro,Free,19.99,USD,2023-01-30,2023-02-13,,paid,credit_card,INV-000000058,3.37,10
BILL-00000059,SUB-92892,CUST-000315,plan_pro,Pro,49.99,USD,2023-01-30,2023-02-13,2023-02-14,paid,paypal,INV-000000059,4.43,20
BILL-00000060,SUB-72845,CUST-000200,plan_free,Basic,49.99,EUR,2023-01-31,2023-02-14,2023-02-15,cancelled,bank_transfer,INV-000000060,6.75,0
BILL-00000061,SUB-71121,CUST-000077,plan_basic,Pro,9.99,USD,2023-01-31,2023-02-14,,cancelled,paypal,INV-000000061,1.27,0
BILL-00000062,SUB-38590,CUST-000267,plan_free,Enterprise,19.99,USD,2023-02-01,2023-02-15,2023-02-16,paid,paypal,INV-000000062,2.15,20
BILL-00000063,SUB-69440,CUST-000482,plan_basic,Free,9.99,USD,2023-02-01,2023-02-15,2023-02-16,paid,stripe,INV-000000063,1.99,0
BILL-00000064,SUB-22170,CUST-000104,plan_free,Enterprise,19.99,USD,2023-02-02,2023-02-16,,paid,paypal,INV-000000064,1.92,0
BILL-00000065,SUB-20627,CUST-000271,plan_pro,Enterprise,199.99,USD,2023-02-02,2023-02-16,2023-02-17,paid,credit_card,INV-000000065,23.54,0
BILL-00000066,SUB-95919,,plan_enterprise,Pro,49.99,EUR,2023-02-03,2023-02-17,,paid,paypal,INV-000000066,9.09,5
BILL-00000067,SUB-30581,CUST-000178,plan_pro,Free,49.99,GBP,2023-02-03,2023-02-17,2023-02-18,paid,stripe,INV-000000067,4.79,0
BILL-00000068,SUB-79265,CUST-000255,plan_pro,Free,19.99,EUR,2023-02-04,2023-02-18,2023-02-19,paid,stripe,INV-000000068,2.5,10
BILL-00000069,SUB-35035,CUST-000084,plan_basic,Free,19.99,EUR,2023-02-04,2023-02-18,2023-02-19,paid,paypal,INV-000000069,3.12,0
BILL-00000070,SUB-68708,CUST-000097,plan_free,Pro,49.99,USD,2023-02-05,2023-02-19,2023-02-20,pending,bank_transfer,INV-000000070,6.02,0
BILL-00000071,SUB-65084,CUST-000020,plan_pro,Pro,9.99,USD,2023-02-05,2023-02-19,2023-02-20,paid,paypal,INV-000000071,1.29,0
BILL-00000072,SUB-75069,CUST-000344,plan_free,Basic,9.99,EUR,2023-02-06,2023-02-20,2023-02-21,paid,credit_card,INV-000000072,1.46,0
BILL-00000073,SUB-95835,CUST-000454,plan_basic,Basic,9.99,USD,2023-02-06,2023-02-20,2023-02-21,paid,paypal,INV-000000073,1.94,15
BILL-00000074,SUB-48293,CUST-000224,plan_enterprise,Free,9.99,USD,2023-02-07,2023-02-21,2023-02-22,paid,credit_card,INV-000000074,1.84,0
BILL-00000075,SUB-87931,CUST-000310,plan_basic,Enterprise,199.99,USD,2023-02-07,2023-02-21,2023-02-22,paid,bank_transfer,INV-000000075,18.69,15
BILL-00000076,SUB-36849,CUST-000491,plan_free,Enterprise,9.99,USD,2023-02-08,2023-02-22,2023-02-23,paid,paypal,INV-000000076,1.48,0
BILL-00000077,SUB-96735,CUST-000379,plan_free,Free,9.99,EUR,2023-02-08,2023-02-22,,paid,bank_transfer,INV-000000077,1.58,0
BILL-00000078,SUB-54998,CUST-000123,plan_pro,Basic,9.99,USD,2023-02-09,2023-02-23,2023-02-24,paid,bank_transfer,INV-000000078,1.19,0
BILL-00000079,SUB-85969,CUST-000387,plan_free,Enterprise,9.99,EUR,2023-02-09,2023-02-23,2023-02-24,paid,paypal,INV-000000079,1.12,10
BILL-00000080,SUB-84272,CUST-000198,plan_pro,Basic,19.99,INR,2023-02-10,2023-02-24,2023-02-25,overdue,stripe,INV-000000080,3.03,5
BILL-00000081,SUB-67112,CUST-000479,plan_basic,Pro,9.99,GBP,2023-02-10,2023-02-24,2023-02-25,paid,stripe,INV-000000081,1.3,10
BILL-00000082,SUB-96740,CUST-000462,plan_pro,Pro,9.99,EUR,2023-02-11,2023-02-25,2023-02-26,paid,paypal,INV-000000082,1.88,0
BILL-00000083,SUB-70776,CUST-000020,plan_enterprise,Pro,9.99,GBP,2023-02-11,2023-02-25,2023-02-26,pending,paypal,INV-000000083,1.0,20
BILL-00000084,SUB-64474,CUST-000442,plan_free,Enterprise,99.99,USD,2023-02-12,2023-02-26,2023-02-27,paid,bank_transfer,INV-000000084,8.49,10
BILL-00000085,SUB-32783,CUST-000120,plan_pro,Basic,19.99,EUR,2023-02-12,2023-02-26,2023-02-27,paid,stripe,INV-000000085,3.76,20
BILL-00000086,SUB-43871,CUST-000242,plan_free,Enterprise,49.99,EUR,2023-02-13,2023-02-27,,paid,stripe,INV-000000086,9.37,0
BILL-00000087,SUB-10554,CUST-000374,plan_free,Basic,9.99,INR,2023-02-13,2023-02-27,2023-02-28,paid,credit_card,INV-000000087,1.3,0
BILL-00000088,SUB-74637,CUST-000061,plan_basic,Free,19.99,USD,2023-02-14,2023-02-28,2023-03-01,paid,stripe,INV-000000088,3.41,5
BILL-00000089,SUB-64613,CUST-000007,plan_basic,Free,299.99,USD,2023-02-14,2023-02-28,2023-03-01,paid,credit_card,INV-000000089,54.44,0
BILL-00000090,SUB-72735,CUST-000204,plan_enterprise,Pro,9.99,EUR,2023-02-15,2023-03-01,2023-03-02,paid,paypal,INV-000000090,1.1,10
BILL-00000091,SUB-66582,CUST-000290,plan_pro,Pro,19.99,EUR,2023-02-15,2023-03-01,2023-03-02,paid,bank_transfer,INV-000000091,3.17,0
BILL-00000092,SUB-32271,CUST-000293,plan_enterprise,Enterprise,19.99,USD,2023-02-16,2023-03-02,2023-03-03,pending,paypal,INV-000000092,3.37,0
BILL-00000093,SUB-99994,CUST-000476,plan_free,Free,9.99,USD,2023-02-16,2023-03-02,2023-03-03,refunded,stripe,INV-000000093,1.23,0
BILL-00000094,SUB-49195,CUST-000127,plan_pro,Pro,49.99,USD,2023-02-17,2023-03-03,2023-03-04,paid,credit_card,INV-000000094,9.67,0
BILL-00000095,SUB-72955,CUST-000356,plan_pro,Free,49.99,USD,2023-02-17,2023-03-03,2023-03-04,paid,credit_card,INV-000000095,9.8,0
BILL-00000096,SUB-22061,CUST-000095,plan_free,Free,19.99,GBP,2023-02-18,2023-03-04,2023-03-05,paid,paypal,INV-000000096,2.77,20
BILL-00000097,SUB-63710,,plan_pro,Pro,19.99,USD,2023-02-18,2023-03-04,2023-03-05,pending,stripe,INV-000000097,1.78,0
BILL-00000098,SUB-46204,CUST-000265,plan_enterprise,Pro,19.99,GBP,2023-02-19,2023-03-05,,paid,credit_card,INV-000000098,3.8,0
BILL-00000099,SUB-93494,CUST-000214,plan_enterprise,Pro,19.99,USD,2023-02-19,2023-03-05,,pending,bank_transfer,INV-000000099,2.85,0
BILL-00000100,SUB-78646,CUST-000088,plan_enterprise,Enterprise,99.99,USD,2023-02-20,2023-03-06,2023-03-07,pending,paypal,INV-000000100,9.66,0
BILL-00000101,SUB-94115,CUST-000095,plan_free,Enterprise,49.99,USD,2023-02-20,2023-03-06,,paid,credit_card,INV-000000101,8.39,0
BILL-00000102,SUB-38250,CUST-000437,plan_enterprise,Free,19.99,USD,2023-02-21,2023-03-07,,paid,stripe,INV-000000102,3.25,0
BILL-00000103,SUB-69405,CUST-000475,plan_enterprise,Free,9.99,EUR,2023-02-21,2023-03-07,2023-03-08,paid,paypal,INV-000000103,0.97,0
BILL-00000104,SUB-66972,CUST-000037,plan_pro,Pro,49.99,USD,2023-02-22,2023-03-08,2023-03-09,paid,paypal,INV-000000104,5.65,0
BILL-00000105,SUB-32593,CUST-000116,plan_free,Enterprise,9.99,USD,2023-02-22,2023-03-08,2023-03-09,overdue,credit_card,INV-000000105,1.84,10
BILL-00000106,SUB-39488,CUST-000493,plan_basic,Pro,199.99,USD,2023-02-23,2023-03-09,2023-03-10,paid,credit_card,INV-000000106,39.27,15
BILL-00000107,SUB-70737,CUST-000058,plan_free,Free,99.99,INR,2023-02-23,2023-03-09,2023-03-10,paid,credit_card,INV-000000107,12.86,10
BILL-00000108,SUB-23239,CUST-000268,plan_free,Pro,19.99,USD,2023-02-24,2023-03-10,2023-03-11,paid,credit_card,INV-000000108,1.92,0
BILL-00000109,SUB-46002,CUST-000144,plan_enterprise,Basic,99.99,USD,2023-02-24,2023-03-10,2023-03-11,paid,paypal,INV-000000109,12.22,0
BILL-00000110,SUB-76724,CUST-000491,plan_enterprise,Free,9.99,USD,2023-02-25,2023-03-11,2023-03-12,paid,stripe,INV-000000110,1.41,0
BILL-00000111,SUB-85704,CUST-000372,plan_enterprise,Pro,9.99,EUR,2023-02-25,2023-03-11,2023-03-12,paid,stripe,INV-000000111,1.16,0
BILL-00000112,SUB-63037,CUST-000375,plan_free,Basic,199.99,USD,2023-02-26,2023-03-12,2023-03-13,paid,credit_card,INV-000000112,30.67,15
BILL-00000113,SUB-70244,CUST-000032,plan_pro,Enterprise,99.99,USD,2023-02-26,2023-03-12,2023-03-13,paid,credit_card,INV-000000113,8.09,0
BILL-00000114,SUB-84290,CUST-000076,plan_basic,Pro,19.99,USD,2023-02-27,2023-03-13,2023-03-14,paid,paypal,INV-000000114,3.56,0
BILL-00000115,SUB-30802,CUST-000397,plan_basic,Basic,99.99,USD,2023-02-27,2023-03-13,2023-03-14,paid,stripe,INV-000000115,18.13,15
BILL-00000116,SUB-71105,CUST-000113,plan_basic,Free,9.99,USD,2023-02-28,2023-03-14,2023-03-15,paid,stripe,INV-000000116,1.74,0
BILL-00000117,SUB-76219,CUST-000217,plan_enterprise,Basic,49.99,USD,2023-02-28,2023-03-14,2023-03-15,pending,paypal,INV-000000117,5.82,0
BILL-00000118,SUB-83546,CUST-000053,plan_pro,Basic,199.99,USD,2023-03-01,2023-03-15,2023-03-16,paid,bank_transfer,INV-000000118,31.18,20
BILL-00000119,SUB-64738,CUST-000011,plan_enterprise,Pro,99.99,USD,2023-03-01,2023-03-15,2023-03-16,paid,bank_transfer,INV-000000119,12.38,0
BILL-00000120,SUB-23945,CUST-000364,plan_free,Basic,19.99,EUR,2023-03-02,2023-03-16,2023-03-17,paid,paypal,INV-000000120,2.53,10
BILL-00000121,SUB-14544,CUST-000088,plan_basic,Free,19.99,USD,2023-03-02,2023-03-16,2023-03-17,paid,stripe,INV-000000121,3.3,0
BILL-00000122,SUB-65311,CUST-000084,plan_pro,Free,99.99,USD,2023-03-03,2023-03-17,2023-03-18,paid,credit_card,INV-000000122,18.12,25
BILL-00000123,SUB-34915,CUST-000421,plan_pro,Basic,19.99,USD,2023-03-03,2023-03-17,,paid,stripe,INV-000000123,3.59,10
BILL-00000124,SUB-43063,CUST-000357,plan_enterprise,Pro,199.99,USD,2023-03-04,2023-03-18,2023-03-19,paid,paypal,INV-000000124,21.55,0
BILL-00000125,SUB-51568,CUST-000106,plan_free,Basic,19.99,EUR,2023-03-04,2023-03-18,2023-03-19,paid,credit_card,INV-000000125,3.18,25
BILL-00000126,SUB-77184,CUST-000429,plan_free,Enterprise,9.99,USD,2023-03-05,2023-03-19,2023-03-20,paid,credit_card,INV-000000126,1.12,0
BILL-00000127,SUB-41891,CUST-000485,plan_enterprise,Free,9.99,GBP,2023-03-05,2023-03-19,2023-03-20,paid,bank_transfer,INV-000000127,1.55,15
BILL-00000128,SUB-62207,CUST-000205,plan_basic,Basic,19.99,USD,2023-03-06,2023-03-20,2023-03-21,pending,bank_transfer,INV-000000128,2.48,5
BILL-00000129,SUB-54809,CUST-000227,plan_basic,Basic,9.99,USD,2023-03-06,2023-03-20,2023-03-21,paid,credit_card,INV-000000129,1.75,0
BILL-00000130,SUB-14876,CUST-000330,plan_enterprise,Basic,19.99,GBP,2023-03-07,2023-03-21,2023-03-22,paid,bank_transfer,INV-000000130,3.85,0
BILL-00000131,SUB-72226,CUST-000073,plan_pro,Enterprise,199.99,USD,2023-03-07,2023-03-21,2023-03-22,paid,credit_card,INV-000000131,22.96,0
BILL-00000132,SUB-58018,CUST-000447,plan_pro,Basic,9.99,USD,2023-03-08,2023-03-22,2023-03-23,paid,stripe,INV-000000132,1.84,0
BILL-00000133,SUB-29866,CUST-000062,plan_free,Free,49.99,USD,2023-03-08,2023-03-22,2023-03-23,cancelled,credit_card,INV-000000133,8.44,0
BILL-00000134,SUB-76985,CUST-000376,plan_pro,Pro,19.99,USD,2023-03-09,2023-03-23,2023-03-24,paid,paypal,INV-000000134,2.96,0
BILL-00000135,SUB-18973,CUST-000288,plan_basic,Pro,49.99,EUR,2023-03-09,2023-03-23,2023-03-24,paid,bank_transfer,INV-000000135,7.15,15
BILL-00000136,SUB-33650,CUST-000065,plan_pro,Basic,19.99,EUR,2023-03-10,2023-03-24,2023-03-25,paid,stripe,INV-000000136,2.37,20
BILL-00000137,SUB-31510,CUST-000220,plan_basic,Basic,99.99,GBP,2023-03-10,2023-03-24,2023-03-25,paid,bank_transfer,INV-000000137,10.44,0
BILL-00000138,SUB-68906,CUST-000146,plan_free,Enterprise,19.99,INR,2023-03-11,2023-03-25,2023-03-26,paid,paypal,INV-000000138,1.8,5
BILL-00000139,SUB-99096,CUST-000468,plan_basic,Basic,19.99,USD,2023-03-11,2023-03-25,,paid,bank_transfer,INV-000000139,3.31,0
BILL-00000140,SUB-85682,CUST-000267,plan_basic,Pro,9.99,GBP,2023-03-12,2023-03-26,2023-03-27,pending,stripe,INV-000000140,1.07,25
BILL-00000141,SUB-22452,CUST-000183,plan_basic,Enterprise,19.99,USD,2023-03-12,2023-03-26,2023-03-27,paid,paypal,INV-000000141,2.79,15
BILL-00000142,SUB-15865,CUST-000132,plan_free,Basic,9.99,INR,2023-03-13,2023-03-27,2023-03-28,refunded,paypal,INV-000000142,1.87,20
BILL-00000143,SUB-81013,CUST-000071,plan_enterprise,Pro,49.99,USD,2023-03-13,2023-03-27,2023-03-28,paid,bank_transfer,INV-000000143,8.03,10
BILL-00000144,SUB-62021,CUST-000252,plan_basic,Basic,19.99,USD,2023-03-14,2023-03-28,2023-03-29,paid,bank_transfer,INV-000000144,2.01,0
BILL-00000145,SUB-42282,CUST-000254,plan_basic,Pro,99.99,USD,2023-03-14,2023-03-28,2023-03-29,paid,bank_transfer,INV-000000145,16.81,0
BILL-00000146,SUB-89883,CUST-000476,plan_pro,Pro,19.99,USD,2023-03-15,2023-03-29,2023-03-30,overdue,paypal,INV-000000146,2.11,0
BILL-00000147,SUB-26053,CUST-000324,plan_pro,Enterprise,49.99,EUR,2023-03-15,2023-03-29,2023-03-30,pending,bank_transfer,INV-000000147,8.68,0
BILL-00000148,SUB-21377,CUST-000226,plan_basic,Basic,9.99,USD,2023-03-16,2023-03-30,2023-03-31,paid,bank_transfer,INV-000000148,0.89,0
BILL-00000149,SUB-54976,CUST-000186,plan_free,Free,49.99,USD,2023-03-16,2023-03-30,2023-03-31,overdue,bank_transfer,INV-000000149,4.85,0
BILL-00000150,SUB-34232,CUST-000130,plan_free,Basic,199.99,GBP,2023-03-17,2023-03-31,2023-04-01,paid,stripe,INV-000000150,38.42,10
BILL-00000151,SUB-30905,CUST-000323,plan_free,Pro,19.99,USD,2023-03-17,2023-03-31,2023-04-01,paid,bank_transfer,INV-000000151,2.27,5
BILL-00000152,SUB-66332,CUST-000073,plan_free,Basic,9.99,USD,2023-03-18,2023-04-01,2023-04-02,paid,stripe,INV-000000152,0.98,0
BILL-00000153,SUB-37431,CUST-000003,plan_pro,Enterprise,49.99,INR,2023-03-18,2023-04-01,2023-04-02,paid,paypal,INV-000000153,5.29,10
BILL-00000154,SUB-62665,CUST-000450,plan_basic,Pro,9.99,USD,2023-03-19,2023-04-02,2023-04-03,paid,credit_card,INV-000000154,1.23,0
BILL-00000155,SUB-61018,CUST-000016,plan_free,Enterprise,19.99,USD,2023-03-19,2023-04-02,2023-04-03,paid,paypal,INV-000000155,3.61,0
BILL-00000156,SUB-81404,CUST-000114,plan_pro,Pro,9.99,USD,2023-03-20,2023-04-03,2023-04-04,paid,stripe,INV-000000156,0.98,0
BILL-00000157,SUB-97837,CUST-000279,plan_free,Basic,19.99,USD,2023-03-20,2023-04-03,2023-04-04,paid,stripe,INV-000000157,1.64,0
BILL-00000158,SUB-66614,CUST-000096,plan_enterprise,Enterprise,99.99,USD,2023-03-21,2023-04-04,2023-04-05,paid,credit_card,INV-000000158,18.38,0
BILL-00000159,SUB-35824,CUST-000335,plan_basic,Free,9.99,USD,2023-03-21,2023-04-04,2023-04-05,paid,bank_transfer,INV-000000159,1.16,0
BILL-00000160,SUB-61825,CUST-000275,plan_pro,Basic,19.99,USD,2023-03-22,2023-04-05,2023-04-06,paid,paypal,INV-000000160,1.78,0
BILL-00000161,SUB-53409,CUST-000037,plan_free,Enterprise,19.99,EUR,2023-03-22,2023-04-05,2023-04-06,paid,bank_transfer,INV-000000161,1.67,0
BILL-00000162,SUB-50666,CUST-000230,plan_basic,Enterprise,19.99,EUR,2023-03-23,2023-04-06,2023-04-07,paid,stripe,INV-000000162,3.76,0
BILL-00000163,SUB-41036,CUST-000415,plan_basic,Basic,49.99,USD,2023-03-23,2023-04-06,2023-04-07,paid,paypal,INV-000000163,7.14,15
BILL-00000164,SUB-17042,CUST-000192,plan_enterprise,Pro,49.99,USD,2023-03-24,2023-04-07,2023-04-08,paid,credit_card,INV-000000164,7.66,0
BILL-00000165,SUB-32195,CUST-000338,plan_free,Basic,99.99,USD,2023-03-24,2023-04-07,2023-04-08,paid,bank_transfer,INV-000000165,15.39,0
BILL-00000166,SUB-63197,CUST-000289,plan_basic,Pro,19.99,EUR,2023-03-25,2023-04-08,,paid,credit_card,INV-000000166,2.85,0
BILL-00000167,SUB-16354,CUST-000230,plan_pro,Basic,9.99,USD,2023-03-25,2023-04-08,,refunded,bank_transfer,INV-000000167,1.72,0
BILL-00000168,SUB-24096,CUST-000284,plan_basic,Pro,19.99,EUR,2023-03-26,2023-04-09,2023-04-10,paid,stripe,INV-000000168,3.77,0
BILL-00000169,SUB-61334,CUST-000243,plan_basic,Pro,49.99,USD,2023-03-26,2023-04-09,2023-04-10,paid,credit_card,INV-000000169,7.84,0
BILL-00000170,SUB-99625,CUST-000034,plan_enterprise,Enterprise,49.99,EUR,2023-03-27,2023-04-10,2023-04-11,pending,bank_transfer,INV-000000170,9.06,10
BILL-00000171,SUB-25022,CUST-000218,plan_basic,Free,99.99,USD,2023-03-27,2023-04-10,2023-04-11,paid,credit_card,INV-000000171,8.11,10
BILL-00000172,SUB-17064,CUST-000207,plan_free,Pro,99.99,USD,2023-03-28,2023-04-11,2023-04-12,paid,bank_transfer,INV-000000172,13.76,20
BILL-00000173,SUB-41467,CUST-000389,plan_enterprise,Free,9.99,USD,2023-03-28,2023-04-11,2023-04-12,paid,stripe,INV-000000173,1.52,20
BILL-00000174,SUB-16814,CUST-000360,plan_free,Free,299.99,USD,2023-03-29,2023-04-12,2023-04-13,paid,stripe,INV-000000174,31.24,0
BILL-00000175,SUB-90652,CUST-000286,plan_pro,Pro,199.99,USD,2023-03-29,2023-04-12,2023-04-13,overdue,stripe,INV-000000175,19.85,0
BILL-00000176,SUB-80858,CUST-000190,plan_free,Basic,9.99,EUR,2023-03-30,2023-04-13,2023-04-14,paid,bank_transfer,INV-000000176,0.96,0
BILL-00000177,SUB-20510,CUST-000315,plan_free,Pro,19.99,USD,2023-03-30,2023-04-13,2023-04-14,paid,bank_transfer,INV-000000177,2.28,0
BILL-00000178,SUB-19104,CUST-000498,plan_basic,Enterprise,99.99,GBP,2023-03-31,2023-04-14,2023-04-15,paid,credit_card,INV-000000178,17.88,0
BILL-00000179,SUB-58684,CUST-000418,plan_enterprise,Free,19.99,GBP,2023-03-31,2023-04-14,2023-04-15,paid,stripe,INV-000000179,1.67,0
BILL-00000180,SUB-46456,CUST-000117,plan_free,Basic,9.99,USD,2023-04-01,2023-04-15,2023-04-16,paid,stripe,INV-000000180,1.52,25
BILL-00000181,SUB-72407,CUST-000140,plan_free,Free,19.99,USD,2023-04-01,2023-04-15,2023-04-16,paid,bank_transfer,INV-000000181,1.76,0
BILL-00000182,SUB-93473,CUST-000248,plan_free,Enterprise,49.99,USD,2023-04-02,2023-04-16,2023-04-17,overdue,paypal,INV-000000182,7.56,20
BILL-00000183,SUB-40073,CUST-000330,plan_free,Enterprise,99.99,USD,2023-04-02,2023-04-16,2023-04-17,paid,credit_card,INV-000000183,11.03,25
BILL-00000184,SUB-80908,CUST-000336,plan_free,Enterprise,99.99,USD,2023-04-03,2023-04-17,2023-04-18,paid,paypal,INV-000000184,9.89,0
BILL-00000185,SUB-39964,CUST-000391,plan_enterprise,Enterprise,199.99,USD,2023-04-03,2023-04-17,2023-04-18,paid,credit_card,INV-000000185,27.18,0
BILL-00000186,SUB-30955,CUST-000273,plan_pro,Basic,19.99,USD,2023-04-04,2023-04-18,2023-04-19,paid,bank_transfer,INV-000000186,2.15,0
BILL-00000187,SUB-97351,CUST-000412,plan_basic,Basic,99.99,USD,2023-04-04,2023-04-18,2023-04-19,paid,bank_transfer,INV-000000187,12.54,0
BILL-00000188,SUB-32592,CUST-000019,plan_free,Enterprise,9.99,GBP,2023-04-05,2023-04-19,2023-04-20,paid,stripe,INV-000000188,1.56,15
BILL-00000189,SUB-22894,CUST-000108,plan_free,Pro,19.99,USD,2023-04-05,2023-04-19,2023-04-20,paid,bank_transfer,INV-000000189,3.85,25
BILL-00000190,SUB-63303,CUST-000256,plan_basic,Basic,199.99,USD,2023-04-06,2023-04-20,2023-04-21,paid,credit_card,INV-000000190,30.83,0
BILL-00000191,SUB-63606,CUST-000261,plan_basic,Free,99.99,USD,2023-04-06,2023-04-20,2023-04-21,pending,credit_card,INV-000000191,14.08,0
BILL-00000192,SUB-53779,CUST-000483,plan_enterprise,Free,49.99,GBP,2023-04-07,2023-04-21,2023-04-22,paid,credit_card,INV-000000192,7.34,15
BILL-00000193,SUB-17851,CUST-000329,plan_free,Free,9.99,GBP,2023-04-07,2023-04-21,2023-04-22,paid,credit_card,INV-000000193,1.37,0
BILL-00000194,SUB-20507,CUST-000203,plan_basic,Pro,9.99,USD,2023-04-08,2023-04-22,2023-04-23,paid,bank_transfer,INV-000000194,1.47,10
BILL-00000195,SUB-78191,CUST-000293,plan_pro,Basic,49.99,EUR,2023-04-08,2023-04-22,2023-04-23,refunded,credit_card,INV-000000195,7.42,0
BILL-00000196,SUB-24278,CUST-000058,plan_basic,Enterprise,19.99,USD,2023-04-09,2023-04-23,,paid,paypal,INV-000000196,2.78,0
BILL-00000197,SUB-34834,CUST-000195,plan_pro,Enterprise,19.99,USD,2023-04-09,2023-04-23,2023-04-24,paid,bank_transfer,INV-000000197,3.49,0
BILL-00000198,SUB-82259,CUST-000010,plan_pro,Basic,99.99,USD,2023-04-10,2023-04-24,2023-04-25,paid,credit_card,INV-000000198,12.69,0
BILL-00000199,SUB-40451,CUST-000075,plan_free,Basic,9.99,EUR,2023-04-10,2023-04-24,2023-04-25,paid,paypal,INV-000000199,0.93,0
BILL-00000200,SUB-41030,CUST-000206,plan_enterprise,Free,19.99,USD,2023-04-11,2023-04-25,2023-04-26,paid,bank_transfer,INV-000000200,3.14,0
BILL-00000201,SUB-92463,CUST-000002,plan_basic,Basic,9.99,USD,2023-04-11,2023-04-25,2023-04-26,paid,paypal,INV-000000201,1.75,0
BILL-00000202,SUB-81910,CUST-000092,plan_free,Pro,9.99,USD,2023-04-12,2023-04-26,,paid,paypal,INV-000000202,1.73,10
BILL-00000203,SUB-73754,CUST-000447,plan_pro,Enterprise,9.99,GBP,2023-04-12,2023-04-26,2023-04-27,paid,stripe,INV-000000203,1.1,0
BILL-00000204,SUB-27084,CUST-000417,plan_pro,Pro,9.99,INR,2023-04-13,2023-04-27,2023-04-28,paid,paypal,INV-000000204,1.57,15
BILL-00000205,SUB-35608,CUST-000284,plan_free,Enterprise,19.99,USD,2023-04-13,2023-04-27,2023-04-28,paid,bank_transfer,INV-000000205,3.99,0
BILL-00000206,SUB-63948,CUST-000476,plan_basic,Pro,19.99,EUR,2023-04-14,2023-04-28,2023-04-29,overdue,credit_card,INV-000000206,1.85,5
BILL-00000207,SUB-85488,CUST-000015,plan_enterprise,Pro,19.99,EUR,2023-04-14,2023-04-28,2023-04-29,overdue,credit_card,INV-000000207,2.85,0
BILL-00000208,SUB-55459,CUST-000470,plan_pro,Basic,99.99,INR,2023-04-15,2023-04-29,2023-04-30,paid,paypal,INV-000000208,11.66,15
BILL-00000209,SUB-76932,CUST-000248,plan_basic,Basic,19.99,USD,2023-04-15,2023-04-29,2023-04-30,paid,credit_card,INV-000000209,3.5,0
BILL-00000210,SUB-39374,CUST-000187,plan_basic,Basic,49.99,USD,2023-04-16,2023-04-30,2023-05-01,paid,bank_transfer,INV-000000210,5.95,0
BILL-00000211,SUB-42895,CUST-000395,plan_pro,Enterprise,49.99,USD,2023-04-16,2023-04-30,2023-05-01,paid,credit_card,INV-000000211,8.4,25
BILL-00000212,SUB-64771,CUST-000227,plan_pro,Pro,19.99,USD,2023-04-17,2023-05-01,2023-05-02,paid,bank_transfer,INV-000000212,1.98,0
BILL-00000213,SUB-61015,CUST-000300,plan_free,Free,19.99,USD,2023-04-17,2023-05-01,2023-05-02,paid,stripe,INV-000000213,1.76,10
BILL-00000214,SUB-21208,CUST-000157,plan_basic,Free,199.99,USD,2023-04-18,2023-05-02,2023-05-03,overdue,credit_card,INV-000000214,18.5,10
BILL-00000215,SUB-44972,CUST-000262,plan_basic,Free,19.99,EUR,2023-04-18,2023-05-02,2023-05-03,paid,stripe,INV-000000215,2.22,0
BILL-00000216,SUB-87081,CUST-000064,plan_pro,Enterprise,49.99,GBP,2023-04-19,2023-05-03,2023-05-04,paid,stripe,INV-000000216,9.1,0
BILL-00000217,SUB-58012,CUST-000107,plan_pro,Free,49.99,USD,2023-04-19,2023-05-03,,paid,stripe,INV-000000217,4.9,15
BILL-00000218,SUB-76903,CUST-000279,plan_pro,Free,99.99,USD,2023-04-20,2023-05-04,2023-05-05,pending,paypal,INV-000000218,8.4,20
BILL-00000219,SUB-84386,CUST-000471,plan_pro,Basic,19.99,USD,2023-04-20,2023-05-04,2023-05-05,paid,credit_card,INV-000000219,3.65,0
BILL-00000220,SUB-35827,CUST-000093,plan_basic,Basic,19.99,USD,2023-04-21,2023-05-05,2023-05-06,paid,credit_card,INV-000000220,2.5,15
BILL-00000221,SUB-31134,CUST-000289,plan_enterprise,Enterprise,19.99,USD,2023-04-21,2023-05-05,2023-05-06,paid,stripe,INV-000000221,3.01,15
BILL-00000222,SUB-62213,CUST-000029,plan_enterprise,Enterprise,99.99,USD,2023-04-22,2023-05-06,2023-05-07,paid,bank_transfer,INV-000000222,9.0,0
BILL-00000223,SUB-53172,CUST-000253,plan_enterprise,Free,19.99,USD,2023-04-22,2023-05-06,,paid,bank_transfer,INV-000000223,3.78,10
BILL-00000224,SUB-91194,CUST-000424,plan_enterprise,Pro,199.99,INR,2023-04-23,2023-05-07,2023-05-08,cancelled,credit_card,INV-000000224,28.11,0
BILL-00000225,SUB-26435,CUST-000169,plan_enterprise,Enterprise,99.99,USD,2023-04-23,2023-05-07,2023-05-08,paid,credit_card,INV-000000225,9.07,0
BILL-00000226,SUB-48007,CUST-000399,plan_free,Enterprise,9.99,USD,2023-04-24,2023-05-08,2023-05-09,paid,paypal,INV-000000226,1.56,25
BILL-00000227,SUB-14375,CUST-000196,plan_basic,Basic,19.99,USD,2023-04-24,2023-05-08,2023-05-09,paid,bank_transfer,INV-000000227,2.48,10
BILL-00000228,SUB-42700,CUST-000463,plan_basic,Free,199.99,EUR,2023-04-25,2023-05-09,2023-05-10,paid,paypal,INV-000000228,24.48,0
BILL-00000229,SUB-62861,CUST-000314,plan_basic,Enterprise,19.99,USD,2023-04-25,2023-05-09,2023-05-10,pending,stripe,INV-000000229,2.58,5
BILL-00000230,SUB-81904,CUST-000163,plan_enterprise,Basic,19.99,USD,2023-04-26,2023-05-10,2023-05-11,paid,credit_card,INV-000000230,2.82,0
BILL-00000231,SUB-85973,CUST-000132,plan_basic,Free,9.99,USD,2023-04-26,2023-05-10,2023-05-11,refunded,stripe,INV-000000231,1.54,0
BILL-00000232,SUB-10106,CUST-000435,plan_free,Pro,9.99,USD,2023-04-27,2023-05-11,2023-05-12,paid,stripe,INV-000000232,0.97,0
BILL-00000233,SUB-88491,CUST-000240,plan_free,Enterprise,19.99,USD,2023-04-27,2023-05-11,2023-05-12,pending,paypal,INV-000000233,3.41,0
BILL-00000234,SUB-71772,CUST-000199,plan_free,Enterprise,99.99,EUR,2023-04-28,2023-05-12,2023-05-13,paid,bank_transfer,INV-000000234,8.32,0
BILL-00000235,SUB-28142,CUST-000293,plan_basic,Enterprise,49.99,USD,2023-04-28,2023-05-12,2023-05-13,overdue,credit_card,INV-000000235,8.19,0
BILL-00000236,SUB-29422,CUST-000036,plan_free,Pro,9.99,USD,2023-04-29,2023-05-13,2023-05-14,paid,credit_card,INV-000000236,1.02,10
BILL-00000237,SUB-79927,CUST-000091,plan_free,Enterprise,19.99,USD,2023-04-29,2023-05-13,2023-05-14,paid,paypal,INV-000000237,2.67,15
BILL-00000238,SUB-72481,CUST-000228,plan_basic,Free,19.99,EUR,2023-04-30,2023-05-14,2023-05-15,paid,credit_card,INV-000000238,2.95,0
BILL-00000239,SUB-28539,CUST-000145,plan_pro,Basic,49.99,INR,2023-04-30,2023-05-14,,paid,stripe,INV-000000239,7.88,0
BILL-00000240,SUB-49410,CUST-000276,plan_pro,Free,19.99,USD,2023-05-01,2023-05-15,2023-05-16,paid,credit_card,INV-000000240,3.5,25
BILL-00000241,SUB-87266,CUST-000174,plan_free,Free,299.99,EUR,2023-05-01,2023-05-15,2023-05-16,paid,stripe,INV-000000241,42.58,0
BILL-00000242,SUB-11826,CUST-000216,plan_enterprise,Enterprise,99.99,USD,2023-05-02,2023-05-16,2023-05-17,pending,stripe,INV-000000242,18.56,0
BILL-00000243,SUB-56018,CUST-000389,plan_free,Basic,49.99,EUR,2023-05-02,2023-05-16,2023-05-17,paid,bank_transfer,INV-000000243,9.73,0
BILL-00000244,SUB-88682,CUST-000392,plan_pro,Pro,19.99,USD,2023-05-03,2023-05-17,2023-05-18,paid,bank_transfer,INV-000000244,3.94,20
BILL-00000245,SUB-10356,CUST-000146,plan_enterprise,Free,49.99,INR,2023-05-03,2023-05-17,2023-05-18,paid,paypal,INV-000000245,5.92,0
BILL-00000246,SUB-59188,CUST-000175,plan_enterprise,Free,19.99,USD,2023-05-04,2023-05-18,2023-05-19,paid,stripe,INV-000000246,1.68,20
BILL-00000247,SUB-60275,CUST-000319,plan_basic,Free,99.99,USD,2023-05-04,2023-05-18,2023-05-19,paid,credit_card,INV-000000247,16.59,25
BILL-00000248,SUB-38223,CUST-000460,plan_free,Basic,199.99,USD,2023-05-05,2023-05-19,2023-05-20,overdue,credit_card,INV-000000248,22.04,20
BILL-00000249,SUB-58535,CUST-000272,plan_pro,Pro,299.99,USD,2023-05-05,2023-05-19,,paid,credit_card,INV-000000249,51.63,10
BILL-00000250,SUB-73303,CUST-000037,plan_pro,Free,49.99,USD,2023-05-06,2023-05-20,2023-05-21,paid,bank_transfer,INV-000000250,4.03,10
BILL-00000251,SUB-35531,CUST-000298,plan_pro,Pro,49.99,USD,2023-05-06,2023-05-20,2023-05-21,paid,paypal,INV-000000251,8.66,20
BILL-00000252,SUB-54634,CUST-000360,plan_basic,Free,19.99,USD,2023-05-07,2023-05-21,2023-05-22,paid,bank_transfer,INV-000000252,1.77,0
BILL-00000253,SUB-58292,CUST-000468,plan_enterprise,Enterprise,9.99,EUR,2023-05-07,2023-05-21,2023-05-22,paid,bank_transfer,INV-000000253,1.85,10
BILL-00000254,SUB-13145,CUST-000464,plan_enterprise,Enterprise,49.99,USD,2023-05-08,2023-05-22,,overdue,bank_transfer,INV-000000254,7.91,0
BILL-00000255,SUB-29140,CUST-000345,plan_pro,Pro,199.99,EUR,2023-05-08,2023-05-22,2023-05-23,paid,credit_card,INV-000000255,19.88,0
BILL-00000256,SUB-68522,CUST-000276,plan_enterprise,Pro,99.99,USD,2023-05-09,2023-05-23,2023-05-24,paid,credit_card,INV-000000256,14.09,0
BILL-00000257,SUB-54011,CUST-000083,plan_basic,Pro,99.99,USD,2023-05-09,2023-05-23,2023-05-24,paid,credit_card,INV-000000257,14.06,25
BILL-00000258,SUB-97256,CUST-000439,plan_free,Free,19.99,USD,2023-05-10,2023-05-24,2023-05-25,paid,credit_card,INV-000000258,3.71,0
BILL-00000259,SUB-86518,CUST-000238,plan_pro,Enterprise,49.99,USD,2023-05-10,2023-05-24,2023-05-25,paid,stripe,INV-000000259,7.19,0
BILL-00000260,SUB-29977,CUST-000345,plan_pro,Enterprise,49.99,EUR,2023-05-11,2023-05-25,2023-05-26,overdue,stripe,INV-000000260,7.3,5
BILL-00000261,SUB-99748,CUST-000367,plan_basic,Pro,19.99,INR,2023-05-11,2023-05-25,2023-05-26,paid,bank_transfer,INV-000000261,2.36,5
BILL-00000262,SUB-87662,CUST-000007,plan_free,Enterprise,9.99,USD,2023-05-12,2023-05-26,2023-05-27,pending,paypal,INV-000000262,1.67,0
BILL-00000263,SUB-47848,CUST-000186,plan_pro,Basic,49.99,USD,2023-05-12,2023-05-26,2023-05-27,paid,credit_card,INV-000000263,4.3,0
BILL-00000264,SUB-65888,CUST-000335,plan_free,Enterprise,19.99,USD,2023-05-13,2023-05-27,2023-05-28,pending,credit_card,INV-000000264,3.92,5
BILL-00000265,SUB-35173,CUST-000236,plan_pro,Free,49.99,USD,2023-05-13,2023-05-27,2023-05-28,pending,paypal,INV-000000265,7.64,20
BILL-00000266,SUB-17010,CUST-000328,plan_enterprise,Pro,199.99,USD,2023-05-14,2023-05-28,2023-05-29,pending,stripe,INV-000000266,36.29,20
BILL-00000267,SUB-31368,CUST-000281,plan_free,Basic,49.99,EUR,2023-05-14,2023-05-28,,paid,stripe,INV-000000267,8.68,0
BILL-00000268,SUB-75697,CUST-000000,plan_pro,Enterprise,19.99,USD,2023-05-15,2023-05-29,,paid,bank_transfer,INV-000000268,2.12,0
BILL-00000269,SUB-61381,CUST-000152,plan_free,Pro,19.99,USD,2023-05-15,2023-05-29,2023-05-30,paid,bank_transfer,INV-000000269,2.29,5
BILL-00000270,SUB-49733,CUST-000204,plan_basic,Free,49.99,INR,2023-05-16,2023-05-30,2023-05-31,paid,stripe,INV-000000270,5.67,0
BILL-00000271,SUB-53279,CUST-000192,plan_enterprise,Basic,49.99,USD,2023-05-16,2023-05-30,2023-05-31,paid,credit_card,INV-000000271,5.35,10
BILL-00000272,SUB-81435,CUST-000019,plan_free,Enterprise,9.99,EUR,2023-05-17,2023-05-31,2023-06-01,refunded,stripe,INV-000000272,0.82,15
BILL-00000273,SUB-72639,CUST-000009,plan_free,Enterprise,19.99,USD,2023-05-17,2023-05-31,2023-06-01,paid,bank_transfer,INV-000000273,3.58,0
BILL-00000274,SUB-67216,CUST-000146,plan_enterprise,Basic,99.99,USD,2023-05-18,2023-06-01,2023-06-02,paid,credit_card,INV-000000274,14.45,15
BILL-00000275,SUB-55118,CUST-000425,plan_free,Basic,9.99,USD,2023-05-18,2023-06-01,,paid,stripe,INV-000000275,1.51,0
BILL-00000276,SUB-10250,CUST-000493,plan_basic,Free,49.99,USD,2023-05-19,2023-06-02,2023-06-03,paid,stripe,INV-000000276,6.95,25
BILL-00000277,SUB-40028,CUST-000418,plan_basic,Free,99.99,USD,2023-05-19,2023-06-02,2023-06-03,paid,bank_transfer,INV-000000277,9.49,0
BILL-00000278,SUB-21366,CUST-000470,plan_free,Free,99.99,GBP,2023-05-20,2023-06-03,2023-06-04,paid,credit_card,INV-000000278,13.23,15
BILL-00000279,SUB-79676,CUST-000463,plan_free,Basic,199.99,USD,2023-05-20,2023-06-03,2023-06-04,paid,credit_card,INV-000000279,23.05,0
BILL-00000280,SUB-41719,CUST-000342,plan_pro,Free,99.99,USD,2023-05-21,2023-06-04,2023-06-05,pending,bank_transfer,INV-000000280,18.7,0
BILL-00000281,SUB-32048,CUST-000061,plan_basic,Free,19.99,EUR,2023-05-21,2023-06-04,2023-06-05,paid,paypal,INV-000000281,3.28,0
BILL-00000282,SUB-53366,CUST-000183,plan_basic,Enterprise,19.99,USD,2023-05-22,2023-06-05,2023-06-06,refunded,paypal,INV-000000282,1.99,10
BILL-00000283,SUB-53195,CUST-000368,plan_pro,Enterprise,9.99,USD,2023-05-22,2023-06-05,2023-06-06,paid,paypal,INV-000000283,1.64,20
BILL-00000284,SUB-93890,CUST-000198,plan_basic,Enterprise,9.99,USD,2023-05-23,2023-06-06,2023-06-07,paid,paypal,INV-000000284,1.46,15
BILL-00000285,SUB-26087,CUST-000134,plan_basic,Enterprise,49.99,USD,2023-05-23,2023-06-06,2023-06-07,pending,credit_card,INV-000000285,4.49,5
BILL-00000286,SUB-83976,CUST-000019,plan_enterprise,Free,19.99,USD,2023-05-24,2023-06-07,2023-06-08,pending,credit_card,INV-000000286,1.77,0
BILL-00000287,SUB-29426,CUST-000169,plan_pro,Free,19.99,USD,2023-05-24,2023-06-07,2023-06-08,paid,stripe,INV-000000287,1.95,25
BILL-00000288,SUB-82144,CUST-000169,plan_basic,Enterprise,99.99,EUR,2023-05-25,2023-06-08,2023-06-09,paid,credit_card,INV-000000288,17.72,0
BILL-00000289,SUB-58444,CUST-000406,plan_basic,Free,9.99,EUR,2023-05-25,2023-06-08,2023-06-09,paid,paypal,INV-000000289,1.79,5
BILL-00000290,SUB-58561,CUST-000392,plan_enterprise,Enterprise,19.99,USD,2023-05-26,2023-06-09,2023-06-10,paid,bank_transfer,INV-000000290,3.06,0
BILL-00000291,SUB-73442,CUST-000056,plan_pro,Free,49.99,EUR,2023-05-26,2023-06-09,2023-06-10,paid,paypal,INV-000000291,4.09,15
BILL-00000292,SUB-18357,CUST-000259,plan_basic,Free,9.99,USD,2023-05-27,2023-06-10,2023-06-11,paid,bank_transfer,INV-000000292,1.18,0
BILL-00000293,SUB-81744,CUST-000451,plan_basic,Enterprise,19.99,USD,2023-05-27,2023-06-10,2023-06-11,paid,credit_card,INV-000000293,2.56,0
BILL-00000294,SUB-77121,CUST-000238,plan_free,Pro,9.99,USD,2023-05-28,2023-06-11,2023-06-12,refunded,bank_transfer,INV-000000294,1.14,0
BILL-00000295,SUB-27861,CUST-000478,plan_enterprise,Free,99.99,USD,2023-05-28,2023-06-11,2023-06-12,pending,credit_card,INV-000000295,14.97,0
BILL-00000296,SUB-17789,CUST-000045,plan_pro,Free,49.99,USD,2023-05-29,2023-06-12,2023-06-13,paid,credit_card,INV-000000296,4.37,0
BILL-00000297,SUB-75098,CUST-000161,plan_basic,Enterprise,49.99,USD,2023-05-29,2023-06-12,2023-06-13,paid,bank_transfer,INV-000000297,4.12,20
BILL-00000298,SUB-18230,CUST-000459,plan_basic,Basic,9.99,USD,2023-05-30,2023-06-13,,paid,stripe,INV-000000298,1.5,10
BILL-00000299,SUB-62191,CUST-000357,plan_enterprise,Enterprise,49.99,USD,2023-05-30,2023-06-13,2023-06-14,paid,credit_card,INV-000000299,5.59,20
BILL-00000300,SUB-32957,CUST-000141,plan_basic,Pro,19.99,USD,2023-05-31,2023-06-14,2023-06-15,paid,stripe,INV-000000300,3.25,0
BILL-00000301,SUB-74633,CUST-000445,plan_pro,Enterprise,49.99,USD,2023-05-31,2023-06-14,2023-06-15,overdue,paypal,INV-000000301,8.66,5
BILL-00000302,SUB-93029,CUST-000191,plan_enterprise,Enterprise,9.99,USD,2023-06-01,2023-06-15,2023-06-16,paid,stripe,INV-000000302,1.53,0
BILL-00000303,SUB-85744,CUST-000396,plan_enterprise,Pro,9.99,USD,2023-06-01,2023-06-15,2023-06-16,paid,paypal,INV-000000303,1.99,20
BILL-00000304,SUB-77491,CUST-000165,plan_basic,Free,-9.99,USD,2023-06-02,2023-06-16,2023-06-17,pending,credit_card,INV-000000304,1.57,0
BILL-00000305,SUB-67835,CUST-000169,plan_pro,Enterprise,9.99,USD,2023-06-02,2023-06-16,2023-06-17,paid,bank_transfer,INV-000000305,1.73,0
BILL-00000306,SUB-16898,CUST-000164,plan_basic,Basic,9.99,USD,2023-06-03,2023-06-17,2023-06-18,overdue,credit_card,INV-000000306,1.57,0
BILL-00000307,SUB-95498,CUST-000182,plan_enterprise,Basic,9.99,USD,2023-06-03,2023-06-17,,overdue,credit_card,INV-000000307,1.76,0
BILL-00000308,SUB-92701,CUST-000299,plan_free,Pro,99.99,USD,2023-06-04,2023-06-18,2023-06-19,paid,paypal,INV-000000308,12.69,15
BILL-00000309,SUB-15613,CUST-000404,plan_basic,Basic,49.99,EUR,2023-06-04,2023-06-18,,paid,stripe,INV-000000309,6.6,0
BILL-00000310,SUB-80502,CUST-000313,plan_basic,Pro,49.99,USD,2023-06-05,2023-06-19,2023-06-20,paid,paypal,INV-000000310,6.01,5
BILL-00000311,SUB-19627,CUST-000012,plan_enterprise,Basic,19.99,USD,2023-06-05,2023-06-19,2023-06-20,paid,bank_transfer,INV-000000311,2.98,0
BILL-00000312,SUB-64327,CUST-000299,plan_free,Enterprise,9.99,USD,2023-06-06,2023-06-20,,overdue,paypal,INV-000000312,1.25,0
BILL-00000313,SUB-32472,CUST-000215,plan_free,Free,199.99,EUR,2023-06-06,2023-06-20,2023-06-21,paid,credit_card,INV-000000313,39.71,20
BILL-00000314,SUB-21426,CUST-000034,plan_enterprise,Basic,9.99,EUR,2023-06-07,2023-06-21,2023-06-22,overdue,credit_card,INV-000000314,1.52,10
BILL-00000315,SUB-30733,CUST-000165,plan_basic,Enterprise,99.99,USD,2023-06-07,2023-06-21,2023-06-22,cancelled,paypal,INV-000000315,12.03,20
BILL-00000316,SUB-38810,CUST-000484,plan_basic,Enterprise,49.99,INR,2023-06-08,2023-06-22,2023-06-23,paid,stripe,INV-000000316,7.05,0
BILL-00000317,SUB-41431,CUST-000174,plan_free,Enterprise,19.99,USD,2023-06-08,2023-06-22,2023-06-23,paid,paypal,INV-000000317,3.47,10
BILL-00000318,SUB-37061,CUST-000356,plan_enterprise,Pro,49.99,INR,2023-06-09,2023-06-23,2023-06-24,paid,bank_transfer,INV-000000318,8.83,5
BILL-00000319,SUB-51662,CUST-000099,plan_pro,Pro,99.99,USD,2023-06-09,2023-06-23,2023-06-24,paid,bank_transfer,INV-000000319,15.64,5
BILL-00000320,SUB-67603,CUST-000441,plan_pro,Free,99.99,USD,2023-06-10,2023-06-24,2023-06-25,paid,bank_transfer,INV-000000320,8.03,0
BILL-00000321,SUB-51761,CUST-000406,plan_enterprise,Basic,19.99,USD,2023-06-10,2023-06-24,2023-06-25,paid,stripe,INV-000000321,3.68,0
BILL-00000322,SUB-62907,CUST-000079,plan_enterprise,Pro,9.99,USD,2023-06-11,2023-06-25,2023-06-26,paid,paypal,INV-000000322,1.89,0
BILL-00000323,SUB-44644,CUST-000345,plan_basic,Basic,49.99,EUR,2023-06-11,2023-06-25,2023-06-26,paid,stripe,INV-000000323,9.23,10
BILL-00000324,SUB-34951,CUST-000466,plan_free,Basic,9.99,USD,2023-06-12,2023-06-26,2023-06-27,paid,credit_card,INV-000000324,1.6,10
BILL-00000325,SUB-23324,CUST-000452,plan_pro,Pro,19.99,USD,2023-06-12,2023-06-26,2023-06-27,paid,bank_transfer,INV-000000325,1.66,5
BILL-00000326,SUB-37998,CUST-000360,plan_pro,Pro,49.99,USD,2023-06-13,2023-06-27,2023-06-28,paid,credit_card,INV-000000326,9.7,0
BILL-00000327,SUB-27298,CUST-000364,plan_free,Basic,19.99,INR,2023-06-13,2023-06-27,2023-06-28,paid,credit_card,INV-000000327,1.76,10
BILL-00000328,SUB-56659,CUST-000250,plan_enterprise,Basic,99.99,INR,2023-06-14,2023-06-28,2023-06-29,paid,stripe,INV-000000328,9.79,0
BILL-00000329,SUB-68911,CUST-000074,plan_basic,Free,299.99,USD,2023-06-14,2023-06-28,2023-06-29,paid,credit_card,INV-000000329,46.6,15
BILL-00000330,SUB-86085,CUST-000011,plan_basic,Basic,9.99,USD,2023-06-15,2023-06-29,,paid,paypal,INV-000000330,1.35,0
BILL-00000331,SUB-36531,CUST-000146,plan_basic,Basic,9.99,USD,2023-06-15,2023-06-29,2023-06-30,paid,credit_card,INV-000000331,1.7,10
BILL-00000332,SUB-21360,CUST-000126,plan_enterprise,Enterprise,19.99,USD,2023-06-16,2023-06-30,2023-07-01,paid,credit_card,INV-000000332,3.12,0
BILL-00000333,SUB-83382,CUST-000456,plan_free,Basic,9.99,INR,2023-06-16,2023-06-30,2023-07-01,paid,stripe,INV-000000333,0.8,0
BILL-00000334,SUB-75315,CUST-000419,plan_basic,Enterprise,9.99,EUR,2023-06-17,2023-07-01,2023-07-02,paid,bank_transfer,INV-000000334,1.57,0
BILL-00000335,SUB-38493,CUST-000162,plan_basic,Pro,199.99,EUR,2023-06-17,2023-07-01,2023-07-02,paid,bank_transfer,INV-000000335,36.6,0
BILL-00000336,SUB-99609,CUST-000189,plan_enterprise,Basic,9.99,USD,2023-06-18,2023-07-02,2023-07-03,paid,credit_card,INV-000000336,1.82,0
BILL-00000337,SUB-67747,CUST-000371,plan_basic,Basic,9.99,EUR,2023-06-18,2023-07-02,,paid,paypal,INV-000000337,0.99,0
BILL-00000338,SUB-77475,CUST-000339,plan_basic,Enterprise,19.99,INR,2023-06-19,2023-07-03,2023-07-04,paid,stripe,INV-000000338,2.43,0
BILL-00000339,SUB-41616,CUST-000443,plan_enterprise,Enterprise,9.99,INR,2023-06-19,2023-07-03,2023-07-04,overdue,bank_transfer,INV-000000339,0.94,20
BILL-00000340,SUB-49740,CUST-000365,plan_pro,Enterprise,99.99,USD,2023-06-20,2023-07-04,2023-07-05,pending,stripe,INV-000000340,17.02,0
BILL-00000341,SUB-41421,CUST-000345,plan_free,Enterprise,99.99,USD,2023-06-20,2023-07-04,2023-07-05,paid,bank_transfer,INV-000000341,15.53,0
BILL-00000342,SUB-75849,CUST-000387,plan_free,Free,19.99,INR,2023-06-21,2023-07-05,2023-07-06,paid,paypal,INV-000000342,2.76,0
BILL-00000343,SUB-83347,CUST-000446,plan_pro,Enterprise,9.99,USD,2023-06-21,2023-07-05,2023-07-06,paid,stripe,INV-000000343,1.16,10
BILL-00000344,SUB-87460,CUST-000191,plan_basic,Pro,99.99,USD,2023-06-22,2023-07-06,2023-07-07,paid,stripe,INV-000000344,17.44,0
BILL-00000345,SUB-39906,CUST-000125,plan_free,Pro,49.99,USD,2023-06-22,2023-07-06,2023-07-07,paid,paypal,INV-000000345,8.75,10
BILL-00000346,SUB-79164,CUST-000454,plan_basic,Basic,19.99,USD,2023-06-23,2023-07-07,2023-07-08,cancelled,bank_transfer,INV-000000346,2.78,20
BILL-00000347,SUB-71515,CUST-000080,plan_enterprise,Pro,19.99,EUR,2023-06-23,2023-07-07,2023-07-08,refunded,bank_transfer,INV-000000347,1.9,0
BILL-00000348,SUB-11148,CUST-000146,plan_pro,Enterprise,19.99,GBP,2023-06-24,2023-07-08,2023-07-09,paid,stripe,INV-000000348,2.72,0
BILL-00000349,SUB-81549,CUST-000068,plan_basic,Pro,9.99,GBP,2023-06-24,2023-07-08,2023-07-09,cancelled,bank_transfer,INV-000000349,1.87,0
BILL-00000350,SUB-21834,CUST-000418,plan_free,Free,19.99,USD,2023-06-25,2023-07-09,2023-07-10,paid,bank_transfer,INV-000000350,3.0,20
BILL-00000351,SUB-21570,CUST-000458,plan_basic,Enterprise,49.99,INR,2023-06-25,2023-07-09,2023-07-10,paid,stripe,INV-000000351,8.52,0
BILL-00000352,SUB-19642,CUST-000212,plan_enterprise,Enterprise,19.99,USD,2023-06-26,2023-07-10,2023-07-11,overdue,stripe,INV-000000352,2.31,0
BILL-00000353,SUB-59420,CUST-000049,plan_pro,Pro,49.99,USD,2023-06-26,2023-07-10,,paid,bank_transfer,INV-000000353,6.06,20
BILL-00000354,SUB-12864,CUST-000117,plan_free,Free,49.99,USD,2023-06-27,2023-07-11,2023-07-12,paid,stripe,INV-000000354,4.7,15
BILL-00000355,SUB-55411,CUST-000289,plan_pro,Basic,99.99,EUR,2023-06-27,2023-07-11,2023-07-12,pending,stripe,INV-000000355,12.11,0
BILL-00000356,SUB-74306,CUST-000171,plan_free,Basic,49.99,GBP,2023-06-28,2023-07-12,2023-07-13,paid,bank_transfer,INV-000000356,5.02,0
BILL-00000357,SUB-58194,CUST-000375,plan_basic,Enterprise,9.99,EUR,2023-06-28,2023-07-12,,paid,bank_transfer,INV-000000357,1.45,0
BILL-00000358,SUB-34063,CUST-000399,plan_free,Enterprise,49.99,GBP,2023-06-29,2023-07-13,,pending,credit_card,INV-000000358,6.36,10
BILL-00000359,SUB-40058,CUST-000218,plan_enterprise,Free,99.99,USD,2023-06-29,2023-07-13,,overdue,credit_card,INV-000000359,18.03,0
BILL-00000360,SUB-74975,CUST-000307,plan_pro,Free,9.99,EUR,2023-06-30,2023-07-14,,paid,credit_card,INV-000000360,1.26,0
BILL-00000361,SUB-40558,CUST-000031,plan_basic,Free,99.99,USD,2023-06-30,2023-07-14,2023-07-15,paid,credit_card,INV-000000361,10.55,20
BILL-00000362,SUB-69948,CUST-000068,plan_basic,Enterprise,199.99,EUR,2023-07-01,2023-07-15,2023-07-16,paid,bank_transfer,INV-000000362,18.02,10
BILL-00000363,SUB-71883,CUST-000167,plan_enterprise,Enterprise,49.99,EUR,2023-07-01,2023-07-15,2023-07-16,pending,stripe,INV-000000363,5.51,0
BILL-00000364,SUB-57124,CUST-000061,plan_free,Free,9.99,USD,2023-07-02,2023-07-16,2023-07-17,paid,credit_card,INV-000000364,1.64,20
BILL-00000365,SUB-43479,CUST-000007,plan_free,Enterprise,49.99,USD,2023-07-02,2023-07-16,2023-07-17,paid,bank_transfer,INV-000000365,7.76,5
BILL-00000366,SUB-15374,CUST-000343,plan_enterprise,Pro,19.99,USD,2023-07-03,2023-07-17,2023-07-18,pending,bank_transfer,INV-000000366,3.09,20
BILL-00000367,SUB-77000,CUST-000011,plan_enterprise,Basic,19.99,GBP,2023-07-03,2023-07-17,2023-07-18,paid,paypal,INV-000000367,3.66,0
BILL-00000368,SUB-37477,CUST-000119,plan_free,Pro,9.99,USD,2023-07-04,2023-07-18,2023-07-19,paid,paypal,INV-000000368,1.1,0
BILL-00000369,SUB-50930,CUST-000360,plan_free,Free,49.99,USD,2023-07-04,2023-07-18,2023-07-19,paid,paypal,INV-000000369,6.82,5
BILL-00000370,SUB-12440,CUST-000104,plan_pro,Free,49.99,GBP,2023-07-05,2023-07-19,2023-07-20,paid,credit_card,INV-000000370,5.01,0
BILL-00000371,SUB-76795,CUST-000113,plan_free,Basic,19.99,USD,2023-07-05,2023-07-19,2023-07-20,paid,bank_transfer,INV-000000371,2.12,0
BILL-00000372,SUB-91900,CUST-000374,plan_pro,Pro,19.99,USD,2023-07-06,2023-07-20,2023-07-21,pending,stripe,INV-000000372,2.49,5
BILL-00000373,SUB-89059,CUST-000011,plan_pro,Enterprise,19.99,EUR,2023-07-06,2023-07-20,2023-07-21,paid,stripe,INV-000000373,3.3,5
BILL-00000374,SUB-37776,CUST-000161,plan_pro,Pro,19.99,USD,2023-07-07,2023-07-21,2023-07-22,paid,credit_card,INV-000000374,3.6,0
BILL-00000375,SUB-18008,CUST-000268,plan_basic,Basic,19.99,USD,2023-07-07,2023-07-21,2023-07-22,paid,paypal,INV-000000375,2.34,0
BILL-00000376,SUB-18545,CUST-000034,plan_pro,Pro,9.99,EUR,2023-07-08,2023-07-22,2023-07-23,paid,credit_card,INV-000000376,1.28,10
BILL-00000377,SUB-44209,CUST-000326,plan_enterprise,Free,19.99,USD,2023-07-08,2023-07-22,2023-07-23,paid,paypal,INV-000000377,3.73,5
BILL-00000378,SUB-10226,CUST-000212,plan_pro,Pro,9.99,USD,2023-07-09,2023-07-23,2023-07-24,paid,credit_card,INV-000000378,1.73,0
BILL-00000379,SUB-26109,CUST-000155,plan_basic,Enterprise,99.99,USD,2023-07-09,2023-07-23,2023-07-24,paid,stripe,INV-000000379,16.28,0
BILL-00000380,SUB-65035,CUST-000284,plan_enterprise,Basic,19.99,GBP,2023-07-10,2023-07-24,2023-07-25,paid,stripe,INV-000000380,2.58,0
BILL-00000381,SUB-13772,CUST-000019,plan_basic,Pro,99.99,USD,2023-07-10,2023-07-24,2023-07-25,paid,credit_card,INV-000000381,12.09,15
BILL-00000382,SUB-65886,CUST-000300,plan_free,Basic,19.99,GBP,2023-07-11,2023-07-25,2023-07-26,paid,bank_transfer,INV-000000382,3.33,15
BILL-00000383,SUB-88099,CUST-000231,plan_free,Enterprise,9.99,USD,2023-07-11,2023-07-25,,paid,credit_card,INV-000000383,0.91,5
BILL-00000384,SUB-99542,CUST-000029,plan_basic,Free,19.99,USD,2023-07-12,2023-07-26,2023-07-27,paid,credit_card,INV-000000384,2.9,0
BILL-00000385,SUB-97449,CUST-000392,plan_free,Free,9.99,USD,2023-07-12,2023-07-26,2023-07-27,paid,stripe,INV-000000385,0.87,0
BILL-00000386,SUB-35974,CUST-000226,plan_pro,Enterprise,19.99,USD,2023-07-13,2023-07-27,2023-07-28,paid,credit_card,INV-000000386,3.09,0
BILL-00000387,SUB-68109,CUST-000034,plan_free,Pro,99.99,EUR,2023-07-13,2023-07-27,2023-07-28,paid,credit_card,INV-000000387,14.82,0
BILL-00000388,SUB-14187,CUST-000179,plan_basic,Basic,9.99,USD,2023-07-14,2023-07-28,2023-07-29,paid,bank_transfer,INV-000000388,0.87,0
BILL-00000389,SUB-31458,CUST-000372,plan_enterprise,Enterprise,19.99,USD,2023-07-14,2023-07-28,2023-07-29,paid,bank_transfer,INV-000000389,2.61,0
BILL-00000390,SUB-80143,CUST-000224,plan_free,Basic,9.99,EUR,2023-07-15,2023-07-29,2023-07-30,paid,stripe,INV-000000390,1.03,0
BILL-00000391,SUB-28446,CUST-000193,plan_basic,Basic,19.99,USD,2023-07-15,2023-07-29,2023-07-30,paid,bank_transfer,INV-000000391,3.51,20
BILL-00000392,SUB-37412,CUST-000020,plan_enterprise,Free,49.99,GBP,2023-07-16,2023-07-30,2023-07-31,pending,paypal,INV-000000392,9.48,0
BILL-00000393,SUB-46939,CUST-000032,plan_free,Pro,9.99,USD,2023-07-16,2023-07-30,2023-07-31,paid,credit_card,INV-000000393,1.18,15
BILL-00000394,SUB-39758,CUST-000147,plan_basic,Enterprise,9.99,EUR,2023-07-17,2023-07-31,2023-08-01,paid,bank_transfer,INV-000000394,0.83,5
BILL-00000395,SUB-76550,CUST-000135,plan_free,Enterprise,49.99,USD,2023-07-17,2023-07-31,2023-08-01,paid,credit_card,INV-000000395,9.38,15
BILL-00000396,SUB-91695,CUST-000321,plan_pro,Pro,19.99,USD,2023-07-18,2023-08-01,2023-08-02,paid,bank_transfer,INV-000000396,3.63,0
BILL-00000397,SUB-58456,CUST-000235,plan_basic,Free,19.99,EUR,2023-07-18,2023-08-01,2023-08-02,paid,bank_transfer,INV-000000397,3.51,0
BILL-00000398,SUB-61782,CUST-000062,plan_enterprise,Free,49.99,USD,2023-07-19,2023-08-02,2023-08-03,paid,credit_card,INV-000000398,6.14,5
BILL-00000399,SUB-75864,CUST-000325,plan_pro,Basic,9.99,GBP,2023-07-19,2023-08-02,2023-08-03,paid,paypal,INV-000000399,0.89,0
BILL-00000400,SUB-46031,CUST-000479,plan_pro,Enterprise,99.99,EUR,2023-07-20,2023-08-03,2023-08-04,pending,paypal,INV-000000400,19.7,0
BILL-00000401,SUB-50906,CUST-000429,plan_enterprise,Pro,99.99,EUR,2023-07-20,2023-08-03,2023-08-04,paid,paypal,INV-000000401,13.92,5
BILL-00000402,SUB-95549,CUST-000496,plan_free,Enterprise,19.99,USD,2023-07-21,2023-08-04,2023-08-05,paid,bank_transfer,INV-000000402,2.45,0
BILL-00000403,SUB-44669,CUST-000240,plan_pro,Enterprise,-9.99,GBP,2023-07-21,2023-08-04,2023-08-05,paid,paypal,INV-000000403,3.46,0
BILL-00000404,SUB-33875,CUST-000180,plan_pro,Enterprise,19.99,GBP,2023-07-22,2023-08-05,2023-08-06,paid,paypal,INV-000000404,3.21,25
BILL-00000405,SUB-11897,CUST-000027,plan_pro,Basic,99.99,USD,2023-07-22,2023-08-05,2023-08-06,paid,bank_transfer,INV-000000405,8.5,0
BILL-00000406,SUB-11932,CUST-000340,plan_pro,Pro,9.99,USD,2023-07-23,2023-08-06,2023-08-07,paid,credit_card,INV-000000406,1.95,0
BILL-00000407,SUB-79190,CUST-000220,plan_free,Free,49.99,GBP,2023-07-23,2023-08-06,2023-08-07,paid,paypal,INV-000000407,7.33,0
BILL-00000408,SUB-30778,CUST-000317,plan_pro,Basic,19.99,USD,2023-07-24,2023-08-07,2023-08-08,overdue,credit_card,INV-000000408,2.05,20
BILL-00000409,SUB-76633,CUST-000150,plan_pro,Basic,99.99,USD,2023-07-24,2023-08-07,2023-08-08,paid,bank_transfer,INV-000000409,8.19,20
BILL-00000410,SUB-13971,CUST-000083,plan_pro,Free,299.99,INR,2023-07-25,2023-08-08,2023-08-09,paid,paypal,INV-000000410,43.88,0
BILL-00000411,SUB-81557,CUST-000345,plan_enterprise,Free,19.99,USD,2023-07-25,2023-08-08,2023-08-09,paid,paypal,INV-000000411,3.02,0
BILL-00000412,SUB-46696,CUST-000194,plan_basic,Basic,19.99,INR,2023-07-26,2023-08-09,2023-08-10,pending,paypal,INV-000000412,1.84,5
BILL-00000413,SUB-83431,CUST-000264,plan_enterprise,Free,19.99,USD,2023-07-26,2023-08-09,2023-08-10,pending,bank_transfer,INV-000000413,2.91,0
BILL-00000414,SUB-84795,CUST-000490,plan_free,Pro,49.99,USD,2023-07-27,2023-08-10,2023-08-11,paid,bank_transfer,INV-000000414,6.59,0
BILL-00000415,SUB-61341,CUST-000140,plan_free,Basic,9.99,USD,2023-07-27,2023-08-10,,paid,credit_card,INV-000000415,1.32,0
BILL-00000416,SUB-97765,CUST-000063,plan_basic,Free,49.99,USD,2023-07-28,2023-08-11,2023-08-12,refunded,stripe,INV-000000416,9.85,0
BILL-00000417,SUB-95119,CUST-000355,plan_free,Free,49.99,GBP,2023-07-28,2023-08-11,2023-08-12,paid,credit_card,INV-000000417,5.77,5
BILL-00000418,SUB-73028,CUST-000287,plan_basic,Basic,199.99,EUR,2023-07-29,2023-08-12,2023-08-13,paid,stripe,INV-000000418,37.22,0
BILL-00000419,SUB-54287,CUST-000199,plan_free,Free,49.99,GBP,2023-07-29,2023-08-12,2023-08-13,paid,paypal,INV-000000419,6.07,0
BILL-00000420,SUB-93349,CUST-000299,plan_pro,Pro,49.99,USD,2023-07-30,2023-08-13,2023-08-14,paid,stripe,INV-000000420,5.08,0
BILL-00000421,SUB-97253,CUST-000461,plan_enterprise,Enterprise,9.99,INR,2023-07-30,2023-08-13,2023-08-14,paid,stripe,INV-000000421,0.98,0
BILL-00000422,SUB-46767,CUST-000083,plan_pro,Pro,9.99,EUR,2023-07-31,2023-08-14,2023-08-15,pending,bank_transfer,INV-000000422,1.93,20
BILL-00000423,SUB-39194,CUST-000395,plan_basic,Free,49.99,USD,2023-07-31,2023-08-14,2023-08-15,refunded,bank_transfer,INV-000000423,4.14,0
BILL-00000424,SUB-37243,CUST-000267,plan_enterprise,Free,49.99,USD,2023-08-01,2023-08-15,2023-08-16,paid,stripe,INV-000000424,5.31,0
BILL-00000425,SUB-94174,CUST-000402,plan_pro,Enterprise,99.99,USD,2023-08-01,2023-08-15,2023-08-16,paid,stripe,INV-000000425,12.08,0
BILL-00000426,SUB-23880,CUST-000458,plan_pro,Enterprise,19.99,USD,2023-08-02,2023-08-16,2023-08-17,paid,paypal,INV-000000426,3.17,15
BILL-00000427,SUB-10284,CUST-000079,plan_free,Basic,9.99,GBP,2023-08-02,2023-08-16,2023-08-17,overdue,stripe,INV-000000427,1.25,5
BILL-00000428,SUB-55078,CUST-000057,plan_pro,Basic,9.99,INR,2023-08-03,2023-08-17,2023-08-18,pending,paypal,INV-000000428,0.82,0
BILL-00000429,SUB-95620,CUST-000001,plan_free,Basic,19.99,USD,2023-08-03,2023-08-17,2023-08-18,overdue,credit_card,INV-000000429,2.84,0
BILL-00000430,SUB-39424,CUST-000094,plan_free,Pro,19.99,USD,2023-08-04,2023-08-18,2023-08-19,paid,paypal,INV-000000430,3.72,0
BILL-00000431,SUB-55406,CUST-000173,plan_free,Free,9.99,USD,2023-08-04,2023-08-18,2023-08-19,paid,bank_transfer,INV-000000431,1.86,10
BILL-00000432,SUB-19678,,plan_pro,Enterprise,9.99,EUR,2023-08-05,2023-08-19,2023-08-20,paid,credit_card,INV-000000432,1.99,0
BILL-00000433,SUB-83831,CUST-000411,plan_free,Basic,19.99,USD,2023-08-05,2023-08-19,2023-08-20,paid,paypal,INV-000000433,2.42,0
BILL-00000434,SUB-93871,CUST-000375,plan_basic,Free,19.99,USD,2023-08-06,2023-08-20,2023-08-21,paid,paypal,INV-000000434,1.89,5
BILL-00000435,SUB-67068,CUST-000175,plan_pro,Basic,199.99,USD,2023-08-06,2023-08-20,2023-08-21,paid,paypal,INV-000000435,17.67,0
BILL-00000436,SUB-21133,CUST-000288,plan_basic,Enterprise,99.99,INR,2023-08-07,2023-08-21,2023-08-22,paid,stripe,INV-000000436,18.4,5
BILL-00000437,SUB-18809,CUST-000156,plan_basic,Basic,9.99,USD,2023-08-07,2023-08-21,,paid,bank_transfer,INV-000000437,1.7,0
BILL-00000438,SUB-76575,CUST-000251,plan_enterprise,Enterprise,99.99,USD,2023-08-08,2023-08-22,2023-08-23,pending,stripe,INV-000000438,15.53,5
BILL-00000439,SUB-21551,CUST-000145,plan_enterprise,Enterprise,19.99,USD,2023-08-08,2023-08-22,2023-08-23,paid,bank_transfer,INV-000000439,2.79,10
BILL-00000440,SUB-16126,CUST-000396,plan_enterprise,Enterprise,199.99,INR,2023-08-09,2023-08-23,2023-08-24,paid,bank_transfer,INV-000000440,26.97,20
BILL-00000441,SUB-90111,CUST-000113,plan_pro,Free,49.99,EUR,2023-08-09,2023-08-23,2023-08-24,paid,credit_card,INV-000000441,6.96,5
BILL-00000442,SUB-57439,CUST-000489,plan_free,Basic,9.99,GBP,2023-08-10,2023-08-24,2023-08-25,paid,stripe,INV-000000442,1.24,0
BILL-00000443,SUB-63554,CUST-000466,plan_free,Enterprise,9.99,GBP,2023-08-10,2023-08-24,2023-08-25,paid,bank_transfer,INV-000000443,1.37,10
BILL-00000444,SUB-70731,CUST-000097,plan_basic,Free,199.99,USD,2023-08-11,2023-08-25,2023-08-26,pending,credit_card,INV-000000444,21.05,10
BILL-00000445,SUB-41016,CUST-000285,plan_enterprise,Free,199.99,EUR,2023-08-11,2023-08-25,2023-08-26,paid,stripe,INV-000000445,18.83,0
BILL-00000446,SUB-31107,CUST-000406,plan_free,Free,19.99,GBP,2023-08-12,2023-08-26,2023-08-27,pending,stripe,INV-000000446,2.11,0
BILL-00000447,SUB-56727,CUST-000421,plan_free,Free,49.99,USD,2023-08-12,2023-08-26,2023-08-27,paid,credit_card,INV-000000447,9.82,0
BILL-00000448,SUB-16808,CUST-000185,plan_pro,Enterprise,19.99,EUR,2023-08-13,2023-08-27,2023-08-28,paid,paypal,INV-000000448,3.98,5
BILL-00000449,SUB-36565,CUST-000273,plan_pro,Basic,99.99,USD,2023-08-13,2023-08-27,2023-08-28,pending,stripe,INV-000000449,17.02,0
BILL-00000450,SUB-63402,CUST-000072,plan_basic,Free,19.99,EUR,2023-08-14,2023-08-28,2023-08-29,paid,paypal,INV-000000450,3.61,0
BILL-00000451,SUB-94868,CUST-000125,plan_enterprise,Pro,9.99,USD,2023-08-14,2023-08-28,2023-08-29,paid,bank_transfer,INV-000000451,0.92,0
BILL-00000452,SUB-64261,CUST-000128,plan_pro,Basic,19.99,USD,2023-08-15,2023-08-29,2023-08-30,paid,paypal,INV-000000452,1.89,25
BILL-00000453,SUB-77631,CUST-000142,plan_enterprise,Free,-9.99,EUR,2023-08-15,2023-08-29,2023-08-30,paid,credit_card,INV-000000453,4.56,0
BILL-00000454,SUB-38078,CUST-000199,plan_basic,Enterprise,19.99,USD,2023-08-16,2023-08-30,2023-08-31,pending,stripe,INV-000000454,1.75,0
BILL-00000455,SUB-15134,CUST-000343,plan_basic,Pro,99.99,USD,2023-08-16,2023-08-30,2023-08-31,cancelled,paypal,INV-000000455,16.97,20
BILL-00000456,SUB-43857,CUST-000449,plan_free,Basic,199.99,USD,2023-08-17,2023-08-31,,paid,credit_card,INV-000000456,17.35,20
BILL-00000457,SUB-72201,CUST-000290,plan_basic,Enterprise,9.99,GBP,2023-08-17,2023-08-31,2023-09-01,pending,bank_transfer,INV-000000457,1.94,0
BILL-00000458,SUB-14104,CUST-000239,plan_free,Free,99.99,INR,2023-08-18,2023-09-01,2023-09-02,paid,bank_transfer,INV-000000458,15.85,0
BILL-00000459,SUB-87944,CUST-000351,plan_free,Pro,49.99,EUR,2023-08-18,2023-09-01,2023-09-02,paid,stripe,INV-000000459,5.02,0
BILL-00000460,SUB-36620,CUST-000307,plan_free,Enterprise,49.99,USD,2023-08-19,2023-09-02,2023-09-03,paid,stripe,INV-000000460,8.9,0
BILL-00000461,SUB-71888,CUST-000223,plan_basic,Free,9.99,EUR,2023-08-19,2023-09-02,2023-09-03,paid,bank_transfer,INV-000000461,1.79,0
BILL-00000462,SUB-89433,CUST-000016,plan_free,Basic,19.99,USD,2023-08-20,2023-09-03,2023-09-04,paid,credit_card,INV-000000462,2.95,0
BILL-00000463,SUB-65029,CUST-000270,plan_free,Free,299.99,USD,2023-08-20,2023-09-03,2023-09-04,paid,credit_card,INV-000000463,27.27,10
BILL-00000464,SUB-25416,CUST-000032,plan_basic,Pro,49.99,USD,2023-08-21,2023-09-04,2023-09-05,paid,paypal,INV-000000464,6.4,5
BILL-00000465,SUB-33009,CUST-000305,plan_free,Pro,49.99,USD,2023-08-21,2023-09-04,,cancelled,bank_transfer,INV-000000465,7.29,15
BILL-00000466,SUB-52124,CUST-000469,plan_free,Free,9.99,USD,2023-08-22,2023-09-05,,pending,paypal,INV-000000466,1.69,10
BILL-00000467,SUB-98111,CUST-000398,plan_enterprise,Free,19.99,USD,2023-08-22,2023-09-05,2023-09-06,pending,bank_transfer,INV-000000467,2.32,0
BILL-00000468,SUB-70913,CUST-000419,plan_basic,Basic,19.99,USD,2023-08-23,2023-09-06,2023-09-07,pending,stripe,INV-000000468,3.69,0
BILL-00000469,SUB-65488,CUST-000230,plan_pro,Basic,49.99,USD,2023-08-23,2023-09-06,2023-09-07,pending,paypal,INV-000000469,5.5,10
BILL-00000470,SUB-82258,CUST-000244,plan_free,Free,99.99,USD,2023-08-24,2023-09-07,2023-09-08,paid,stripe,INV-000000470,19.98,10
BILL-00000471,SUB-22729,CUST-000262,plan_basic,Pro,19.99,USD,2023-08-24,2023-09-07,2023-09-08,paid,credit_card,INV-000000471,1.88,0
BILL-00000472,SUB-17303,CUST-000100,plan_free,Enterprise,19.99,USD,2023-08-25,2023-09-08,2023-09-09,pending,bank_transfer,INV-000000472,3.6,0
BILL-00000473,SUB-62501,CUST-000490,plan_basic,Basic,19.99,USD,2023-08-25,2023-09-08,2023-09-09,paid,paypal,INV-000000473,1.92,5
BILL-00000474,SUB-63264,CUST-000020,plan_pro,Basic,9.99,USD,2023-08-26,2023-09-09,2023-09-10,paid,paypal,INV-000000474,1.71,0
BILL-00000475,SUB-33167,CUST-000495,plan_enterprise,Free,9.99,USD,2023-08-26,2023-09-09,2023-09-10,paid,bank_transfer,INV-000000475,1.83,10
BILL-00000476,SUB-66455,CUST-000487,plan_basic,Basic,19.99,USD,2023-08-27,2023-09-10,2023-09-11,paid,paypal,INV-000000476,2.35,0
BILL-00000477,SUB-23776,CUST-000470,plan_free,Pro,99.99,USD,2023-08-27,2023-09-10,2023-09-11,paid,paypal,INV-000000477,9.22,0
BILL-00000478,SUB-27764,CUST-000002,plan_pro,Enterprise,19.99,USD,2023-08-28,2023-09-11,2023-09-12,paid,paypal,INV-000000478,4.0,0
BILL-00000479,SUB-90452,CUST-000477,plan_pro,Free,99.99,USD,2023-08-28,2023-09-11,2023-09-12,pending,paypal,INV-000000479,19.65,0
BILL-00000480,SUB-12776,CUST-000118,plan_basic,Enterprise,199.99,USD,2023-08-29,2023-09-12,2023-09-13,paid,credit_card,INV-000000480,34.16,10
BILL-00000481,SUB-60199,CUST-000130,plan_basic,Pro,9.99,USD,2023-08-29,2023-09-12,2023-09-13,paid,credit_card,INV-000000481,1.26,0
BILL-00000482,SUB-85992,CUST-000341,plan_basic,Pro,49.99,EUR,2023-08-30,2023-09-13,2023-09-14,overdue,bank_transfer,INV-000000482,4.81,0
BILL-00000483,SUB-74166,CUST-000198,plan_basic,Basic,9.99,USD,2023-08-30,2023-09-13,2023-09-14,paid,credit_card,INV-000000483,1.3,0
BILL-00000484,SUB-49605,CUST-000468,plan_basic,Enterprise,9.99,USD,2023-08-31,2023-09-14,2023-09-15,paid,paypal,INV-000000484,1.66,0
BILL-00000485,SUB-38297,CUST-000248,plan_free,Free,19.99,USD,2023-08-31,2023-09-14,2023-09-15,pending,paypal,INV-000000485,1.96,0
BILL-00000486,SUB-15470,CUST-000058,plan_basic,Free,9.99,EUR,2023-09-01,2023-09-15,2023-09-16,paid,credit_card,INV-000000486,0.82,0
BILL-00000487,SUB-21184,CUST-000119,plan_basic,Basic,49.99,USD,2023-09-01,2023-09-15,2023-09-16,paid,stripe,INV-000000487,9.42,0
BILL-00000488,SUB-62022,CUST-000386,plan_basic,Pro,49.99,USD,2023-09-02,2023-09-16,2023-09-17,paid,paypal,INV-000000488,8.2,5
BILL-00000489,SUB-57563,,plan_basic,Basic,49.99,USD,2023-09-02,2023-09-16,2023-09-17,refunded,bank_transfer,INV-000000489,8.16,15
BILL-00000490,SUB-43921,CUST-000165,plan_pro,Enterprise,49.99,USD,2023-09-03,2023-09-17,2023-09-18,paid,credit_card,INV-000000490,9.68,0
BILL-00000491,SUB-36321,CUST-000109,plan_basic,Free,-9.99,EUR,2023-09-03,2023-09-17,,paid,credit_card,INV-000000491,14.25,15
BILL-00000492,SUB-17218,CUST-000339,plan_free,Pro,-9.99,USD,2023-09-04,2023-09-18,2023-09-19,paid,stripe,INV-000000492,11.82,25
BILL-00000493,SUB-21087,CUST-000133,plan_basic,Basic,99.99,USD,2023-09-04,2023-09-18,2023-09-19,cancelled,credit_card,INV-000000493,18.91,5
BILL-00000494,SUB-35839,CUST-000048,plan_free,Basic,49.99,USD,2023-09-05,2023-09-19,2023-09-20,paid,stripe,INV-000000494,9.91,10
BILL-00000495,SUB-93134,CUST-000278,plan_basic,Free,19.99,INR,2023-09-05,2023-09-19,2023-09-20,paid,paypal,INV-000000495,1.65,0
BILL-00000496,SUB-39414,CUST-000432,plan_basic,Enterprise,19.99,GBP,2023-09-06,2023-09-20,2023-09-21,paid,paypal,INV-000000496,2.39,0
BILL-00000497,SUB-20414,CUST-000154,plan_basic,Free,19.99,EUR,2023-09-06,2023-09-20,2023-09-21,refunded,stripe,INV-000000497,2.47,20
BILL-00000498,SUB-61740,CUST-000353,plan_basic,Free,9.99,USD,2023-09-07,2023-09-21,2023-09-22,paid,stripe,INV-000000498,0.93,20
BILL-00000499,SUB-21386,CUST-000223,plan_free,Pro,99.99,USD,2023-09-07,2023-09-21,2023-09-22,paid,bank_transfer,INV-000000499,10.66,0
