session_id,user_id,anonymous_id,page_url,referrer,session_start,session_duration_s,page_views,bounce,device,browser,os,country,utm_source,utm_campaign,converted
SESS-000000000,,ANON-688249,https://example.com/blog,email,2023-06-01 00:00:00,281,19,true,mobile,Edge,Android,MX,facebook,newsletter,false
SESS-000000001,USR-0000155,ANON-119281,https://example.com/login,none,2023-06-01 02:00:00,1403,10,true,mobile,Safari,Windows,GB,organic,none,false
SESS-000000002,USR-0000220,ANON-980123,https://example.com/signup,none,2023-06-01 04:00:00,2704,16,false,desktop,Chrome,Windows,US,direct,retargeting,false
SESS-000000003,USR-0000248,ANON-260830,https://example.com/pricing,facebook.com,2023-06-01 06:00:00,2965,22,false,mobile,Chrome,Windows,AU,organic,newsletter,false
SESS-000000004,USR-0000407,ANON-202319,https://example.com/pricing,google.com,2023-06-01 08:00:00,1036,7,false,desktop,Safari,Android,FR,google,none,false
SESS-000000005,,ANON-372825,https://example.com/dashboard,facebook.com,2023-06-01 10:00:00,1047,19,false,desktop,Firefox,macOS,BR,google,newsletter,false
SESS-000000006,USR-0000402,ANON-999466,https://example.com/signup,linkedin.com,2023-06-01 12:00:00,2097,24,true,desktop,Safari,macOS,CA,facebook,brand,false
SESS-000000007,,ANON-877800,https://example.com/settings,facebook.com,2023-06-01 14:00:00,3117,9,false,desktop,Chrome,Windows,IN,organic,none,false
SESS-000000008,,ANON-747978,https://example.com/signup,facebook.com,2023-06-01 16:00:00,639,22,false,desktop,Safari,iOS,DE,facebook,brand,false
SESS-000000009,USR-0000409,ANON-269290,https://example.com/login,email,2023-06-01 18:00:00,3212,1,false,mobile,Chrome,Windows,DE,referral,brand,false
SESS-000000010,USR-0000450,ANON-666389,https://example.com/blog,none,2023-06-01 20:00:00,2903,9,true,desktop,Chrome,macOS,MX,organic,none,true
SESS-000000011,USR-0000165,ANON-849552,https://example.com/home,direct,2023-06-01 22:00:00,964,7,false,desktop,Chrome,Windows,CA,referral,retargeting,false
SESS-000000012,USR-0000335,ANON-405804,https://example.com/signup,facebook.com,2023-06-02 00:00:00,2415,1,false,mobile,Chrome,Windows,CA,referral,none,false
SESS-000000013,USR-0000155,ANON-333284,https://example.com/login,twitter.com,2023-06-02 02:00:00,2264,15,true,desktop,Chrome,Android,GB,google,none,false
SESS-000000014,USR-0000144,ANON-881021,https://example.com/docs,direct,2023-06-02 04:00:00,77,13,true,mobile,Safari,Android,FR,referral,none,false
SESS-000000015,,ANON-218330,https://example.com/dashboard,facebook.com,2023-06-02 06:00:00,1446,10,false,desktop,Chrome,Windows,MX,google,spring_promo,false
SESS-000000016,USR-0000263,ANON-919054,https://example.com/login,none,2023-06-02 08:00:00,854,21,false,mobile,Firefox,macOS,US,google,spring_promo,false
SESS-000000017,USR-0000084,ANON-531142,https://example.com/signup,google.com,2023-06-02 10:00:00,245,6,false,desktop,Chrome,iOS,JP,organic,brand,true
SESS-000000018,USR-0000497,ANON-749694,https://example.com/signup,none,2023-06-02 12:00:00,1679,20,false,mobile,Chrome,iOS,BR,organic,brand,false
SESS-000000019,,ANON-434802,https://example.com/pricing,twitter.com,2023-06-02 14:00:00,2529,16,true,mobile,Chrome,Android,CA,organic,newsletter,false
SESS-000000020,USR-0000127,ANON-738899,https://example.com/settings,none,2023-06-02 16:00:00,1912,22,true,mobile,Chrome,Android,DE,google,spring_promo,false
SESS-000000021,USR-0000236,ANON-932434,https://example.com/home,google.com,2023-06-02 18:00:00,320,1,false,desktop,Chrome,Windows,CA,google,retargeting,false
SESS-000000022,USR-0000364,ANON-543838,https://example.com/home,email,2023-06-02 20:00:00,2978,24,true,desktop,Chrome,iOS,GB,direct,none,false
SESS-000000023,USR-0000339,ANON-290954,https://example.com/dashboard,linkedin.com,2023-06-02 22:00:00,254,1,true,mobile,Chrome,Windows,AU,organic,brand,true
SESS-000000024,USR-0000371,ANON-170051,https://example.com/home,facebook.com,2023-06-03 00:00:00,1393,18,false,mobile,Chrome,Android,AU,email,brand,false
SESS-000000025,USR-0000054,ANON-933120,https://example.com/signup,linkedin.com,2023-06-03 02:00:00,2046,19,true,desktop,Chrome,Windows,JP,facebook,brand,false
SESS-000000026,,ANON-999125,https://example.com/pricing,google.com,2023-06-03 04:00:00,3336,4,true,desktop,Chrome,Android,DE,facebook,retargeting,true
SESS-000000027,USR-0000351,ANON-686000,https://example.com/login,direct,2023-06-03 06:00:00,2714,1,true,mobile,Chrome,Windows,IN,facebook,none,false
SESS-000000028,,ANON-113999,https://example.com/home,direct,2023-06-03 08:00:00,698,1,true,desktop,Chrome,Android,GB,email,retargeting,false
SESS-000000029,USR-0000375,ANON-896424,https://example.com/blog,none,2023-06-03 10:00:00,1540,4,true,desktop,Chrome,Android,BR,direct,newsletter,false
SESS-000000030,USR-0000044,ANON-545857,https://example.com/signup,google.com,2023-06-03 12:00:00,3087,4,true,mobile,Safari,Windows,CA,email,spring_promo,false
SESS-000000031,USR-0000475,ANON-310415,https://example.com/docs,facebook.com,2023-06-03 14:00:00,892,24,false,mobile,Chrome,Android,MX,email,brand,true
SESS-000000032,USR-0000276,ANON-430420,https://example.com/pricing,linkedin.com,2023-06-03 16:00:00,3255,5,false,mobile,Chrome,Android,JP,referral,brand,false
SESS-000000033,USR-0000375,ANON-947663,https://example.com/home,linkedin.com,2023-06-03 18:00:00,1920,20,false,tablet,Firefox,macOS,MX,google,brand,false
SESS-000000034,USR-0000159,ANON-798518,https://example.com/home,none,2023-06-03 20:00:00,2256,2,true,desktop,Chrome,Windows,IN,google,none,false
SESS-000000035,USR-0000322,ANON-637277,https://example.com/pricing,facebook.com,2023-06-03 22:00:00,2386,16,true,mobile,Firefox,iOS,CA,referral,spring_promo,false
SESS-000000036,USR-0000461,ANON-762201,https://example.com/blog,email,2023-06-04 00:00:00,3483,11,false,tablet,Safari,Windows,FR,referral,brand,false
SESS-000000037,USR-0000370,ANON-862917,https://example.com/home,facebook.com,2023-06-04 02:00:00,2476,13,false,mobile,Safari,iOS,IN,email,spring_promo,false
SESS-000000038,USR-0000461,ANON-665244,https://example.com/signup,linkedin.com,2023-06-04 04:00:00,1478,19,false,desktop,Firefox,Android,JP,facebook,retargeting,false
SESS-000000039,USR-0000201,ANON-382414,https://example.com/settings,none,2023-06-04 06:00:00,2124,6,true,desktop,Chrome,iOS,MX,google,newsletter,false
SESS-000000040,USR-0000207,ANON-167264,https://example.com/login,facebook.com,2023-06-04 08:00:00,2517,1,false,desktop,Chrome,iOS,DE,google,newsletter,false
SESS-000000041,USR-0000292,ANON-210842,https://example.com/blog,none,2023-06-04 10:00:00,2153,6,false,desktop,Chrome,Android,GB,referral,spring_promo,false
SESS-000000042,USR-0000126,ANON-313164,https://example.com/docs,linkedin.com,2023-06-04 12:00:00,37,20,true,mobile,Safari,Windows,BR,direct,spring_promo,true
SESS-000000043,,ANON-791731,https://example.com/dashboard,email,2023-06-04 14:00:00,3246,15,false,mobile,Chrome,Android,JP,referral,retargeting,false
SESS-000000044,USR-0000400,ANON-184742,https://example.com/settings,linkedin.com,2023-06-04 16:00:00,989,23,true,mobile,Chrome,iOS,JP,organic,brand,false
SESS-000000045,USR-0000495,ANON-214373,https://example.com/signup,none,2023-06-04 18:00:00,2343,21,false,desktop,Edge,iOS,GB,organic,brand,false
SESS-000000046,USR-0000187,ANON-981077,https://example.com/pricing,email,2023-06-04 20:00:00,2039,4,true,mobile,Chrome,iOS,JP,referral,none,false
SESS-000000047,USR-0000443,ANON-460356,https://example.com/dashboard,direct,2023-06-04 22:00:00,433,2,false,mobile,Chrome,Windows,CA,email,brand,false
SESS-000000048,USR-0000214,ANON-215004,https://example.com/signup,linkedin.com,2023-06-05 00:00:00,3153,1,false,mobile,Chrome,Android,US,organic,retargeting,false
SESS-000000049,USR-0000436,ANON-885229,https://example.com/home,google.com,2023-06-05 02:00:00,300,5,true,mobile,Chrome,Android,BR,facebook,spring_promo,false
SESS-000000050,,ANON-970472,https://example.com/blog,email,2023-06-05 04:00:00,3430,12,false,mobile,Chrome,Android,GB,organic,newsletter,false
SESS-000000051,,ANON-553720,https://example.com/signup,email,2023-06-05 06:00:00,3318,1,true,mobile,Chrome,iOS,CA,facebook,spring_promo,false
SESS-000000052,,ANON-201440,https://example.com/dashboard,facebook.com,2023-06-05 08:00:00,2086,21,false,mobile,Edge,Windows,JP,facebook,spring_promo,false
SESS-000000053,USR-0000372,ANON-664824,https://example.com/dashboard,direct,2023-06-05 10:00:00,3435,12,false,mobile,Chrome,Windows,FR,email,retargeting,false
SESS-000000054,USR-0000466,ANON-876006,https://example.com/pricing,linkedin.com,2023-06-05 12:00:00,3081,18,false,mobile,Chrome,Windows,GB,referral,newsletter,false
SESS-000000055,USR-0000387,ANON-968909,https://example.com/login,twitter.com,2023-06-05 14:00:00,3239,21,false,tablet,Safari,Android,DE,facebook,none,false
SESS-000000056,USR-0000415,ANON-617166,https://example.com/settings,twitter.com,2023-06-05 16:00:00,2877,1,false,desktop,Chrome,Android,MX,organic,retargeting,false
SESS-000000057,USR-0000303,ANON-949809,https://example.com/dashboard,none,2023-06-05 18:00:00,3345,11,true,desktop,Chrome,Windows,MX,organic,brand,false
SESS-000000058,,ANON-848552,https://example.com/login,linkedin.com,2023-06-05 20:00:00,2785,17,false,desktop,Chrome,macOS,IN,organic,brand,false
SESS-000000059,USR-0000320,ANON-245227,https://example.com/dashboard,linkedin.com,2023-06-05 22:00:00,3169,24,false,mobile,Safari,Android,DE,google,none,false
SESS-000000060,USR-0000033,ANON-670629,https://example.com/signup,none,2023-06-06 00:00:00,402,20,false,desktop,Chrome,Windows,CA,direct,retargeting,false
SESS-000000061,USR-0000085,ANON-699154,https://example.com/signup,linkedin.com,2023-06-06 02:00:00,1537,6,false,mobile,Safari,Android,GB,direct,none,true
SESS-000000062,USR-0000017,ANON-791952,https://example.com/signup,twitter.com,2023-06-06 04:00:00,1723,7,false,mobile,Safari,macOS,MX,google,retargeting,false
SESS-000000063,USR-0000393,ANON-578209,https://example.com/settings,linkedin.com,2023-06-06 06:00:00,3274,20,true,mobile,Chrome,iOS,DE,email,brand,false
SESS-000000064,USR-0000462,ANON-757729,https://example.com/blog,facebook.com,2023-06-06 08:00:00,1751,16,true,desktop,Chrome,Android,BR,referral,spring_promo,false
SESS-000000065,,ANON-625895,https://example.com/dashboard,linkedin.com,2023-06-06 10:00:00,1583,6,false,mobile,Safari,Android,MX,facebook,brand,false
SESS-000000066,USR-0000407,ANON-334168,https://example.com/home,email,2023-06-06 12:00:00,2835,12,false,mobile,Chrome,Windows,JP,organic,brand,false
SESS-000000067,USR-0000448,ANON-535666,https://example.com/docs,direct,2023-06-06 14:00:00,2340,23,false,desktop,Chrome,Windows,US,direct,retargeting,false
SESS-000000068,USR-0000402,ANON-941542,https://example.com/settings,google.com,2023-06-06 16:00:00,2110,5,false,mobile,Chrome,Windows,IN,direct,brand,false
SESS-000000069,,ANON-858440,https://example.com/pricing,google.com,2023-06-06 18:00:00,3289,8,true,desktop,Chrome,Windows,MX,email,none,false
SESS-000000070,USR-0000177,ANON-679280,https://example.com/dashboard,linkedin.com,2023-06-06 20:00:00,2951,22,true,desktop,Edge,Android,JP,direct,retargeting,false
SESS-000000071,USR-0000438,ANON-389716,https://example.com/signup,facebook.com,2023-06-06 22:00:00,2560,17,true,mobile,Chrome,iOS,AU,referral,brand,false
SESS-000000072,USR-0000278,ANON-281875,https://example.com/pricing,direct,2023-06-07 00:00:00,3443,6,true,mobile,Chrome,macOS,MX,email,spring_promo,true
SESS-000000073,USR-0000086,ANON-357005,https://example.com/home,none,2023-06-07 02:00:00,174,7,false,mobile,Chrome,Android,CA,referral,spring_promo,false
SESS-000000074,USR-0000158,ANON-375437,https://example.com/home,direct,2023-06-07 04:00:00,1997,21,false,desktop,Chrome,iOS,MX,direct,spring_promo,false
SESS-000000075,USR-0000157,ANON-965484,https://example.com/docs,email,2023-06-07 06:00:00,112,7,false,desktop,Firefox,iOS,MX,organic,brand,true
SESS-000000076,USR-0000408,ANON-579745,https://example.com/blog,direct,2023-06-07 08:00:00,2850,17,true,desktop,Chrome,Android,DE,direct,brand,false
SESS-000000077,USR-0000228,ANON-451780,https://example.com/settings,google.com,2023-06-07 10:00:00,458,12,false,mobile,Safari,Android,JP,facebook,spring_promo,false
SESS-000000078,USR-0000209,ANON-893643,https://example.com/dashboard,email,2023-06-07 12:00:00,2018,6,false,mobile,Chrome,Windows,AU,google,none,false
SESS-000000079,USR-0000183,ANON-432076,https://example.com/pricing,linkedin.com,2023-06-07 14:00:00,2817,9,true,desktop,Firefox,Windows,MX,direct,retargeting,false
SESS-000000080,USR-0000158,ANON-817077,https://example.com/signup,email,2023-06-07 16:00:00,2252,18,false,desktop,Firefox,iOS,AU,direct,newsletter,false
SESS-000000081,,ANON-677297,https://example.com/dashboard,none,2023-06-07 18:00:00,212,20,false,mobile,Chrome,Android,AU,referral,newsletter,false
SESS-000000082,,ANON-371842,https://example.com/login,linkedin.com,2023-06-07 20:00:00,1714,1,true,mobile,Firefox,macOS,BR,organic,spring_promo,false
SESS-000000083,USR-0000308,ANON-964735,https://example.com/home,facebook.com,2023-06-07 22:00:00,2806,22,false,mobile,Chrome,Windows,DE,email,none,true
SESS-000000084,USR-0000139,ANON-719636,https://example.com/home,linkedin.com,2023-06-08 00:00:00,3454,6,true,mobile,Chrome,macOS,AU,referral,newsletter,false
SESS-000000085,USR-0000422,ANON-990657,https://example.com/signup,twitter.com,2023-06-08 02:00:00,3233,16,true,desktop,Chrome,iOS,IN,referral,newsletter,false
SESS-000000086,USR-0000098,ANON-101491,https://example.com/settings,twitter.com,2023-06-08 04:00:00,2943,7,true,tablet,Chrome,macOS,IN,direct,none,false
SESS-000000087,USR-0000478,ANON-352727,https://example.com/home,twitter.com,2023-06-08 06:00:00,1105,7,true,mobile,Opera,macOS,CA,direct,spring_promo,false
SESS-000000088,USR-0000103,ANON-399376,https://example.com/pricing,none,2023-06-08 08:00:00,2707,22,false,mobile,Safari,Android,MX,facebook,newsletter,false
SESS-000000089,USR-0000004,ANON-706865,https://example.com/pricing,linkedin.com,2023-06-08 10:00:00,601,17,true,mobile,Chrome,Windows,DE,referral,newsletter,false
SESS-000000090,USR-0000310,ANON-855634,https://example.com/blog,none,2023-06-08 12:00:00,1187,22,false,mobile,Edge,iOS,AU,google,retargeting,false
SESS-000000091,USR-0000256,ANON-209349,https://example.com/settings,direct,2023-06-08 14:00:00,1020,1,false,mobile,Chrome,Windows,BR,direct,newsletter,false
SESS-000000092,USR-0000120,ANON-236080,https://example.com/settings,facebook.com,2023-06-08 16:00:00,1748,7,false,mobile,Chrome,Windows,FR,facebook,retargeting,false
SESS-000000093,USR-0000080,ANON-707410,https://example.com/blog,google.com,2023-06-08 18:00:00,3151,2,true,mobile,Safari,Android,MX,google,retargeting,false
SESS-000000094,USR-0000214,ANON-418055,https://example.com/login,twitter.com,2023-06-08 20:00:00,3106,12,true,desktop,Chrome,iOS,BR,direct,none,true
SESS-000000095,,ANON-728830,https://example.com/home,google.com,2023-06-08 22:00:00,3213,12,false,desktop,Safari,Android,AU,email,none,true
SESS-000000096,USR-0000390,ANON-100938,https://example.com/signup,none,2023-06-09 00:00:00,3371,24,true,desktop,Chrome,Windows,MX,referral,retargeting,false
SESS-000000097,USR-0000324,ANON-571030,https://example.com/login,twitter.com,2023-06-09 02:00:00,101,6,true,mobile,Chrome,Windows,CA,facebook,none,false
SESS-000000098,USR-0000316,ANON-120819,https://example.com/dashboard,facebook.com,2023-06-09 04:00:00,3591,16,false,mobile,Chrome,Android,US,direct,newsletter,false
SESS-000000099,USR-0000248,ANON-956228,https://example.com/dashboard,twitter.com,2023-06-09 06:00:00,3159,24,false,mobile,Chrome,Linux,MX,organic,none,false
SESS-000000100,USR-0000120,ANON-231416,https://example.com/home,google.com,2023-06-09 08:00:00,2644,2,true,mobile,Chrome,iOS,DE,direct,newsletter,false
SESS-000000101,,ANON-260139,https://example.com/docs,twitter.com,2023-06-09 10:00:00,290,11,true,mobile,Chrome,iOS,GB,referral,retargeting,false
SESS-000000102,,ANON-191676,https://example.com/home,twitter.com,2023-06-09 12:00:00,2631,10,false,mobile,Chrome,iOS,DE,organic,retargeting,false
SESS-000000103,USR-0000401,ANON-298412,https://example.com/home,linkedin.com,2023-06-09 14:00:00,2432,1,false,tablet,Safari,macOS,DE,email,none,false
SESS-000000104,USR-0000231,ANON-540755,https://example.com/pricing,twitter.com,2023-06-09 16:00:00,338,11,false,tablet,Chrome,Windows,BR,organic,retargeting,false
SESS-000000105,USR-0000188,ANON-655791,https://example.com/settings,email,2023-06-09 18:00:00,727,7,false,desktop,Chrome,Windows,JP,organic,spring_promo,false
SESS-000000106,,ANON-910003,https://example.com/blog,facebook.com,2023-06-09 20:00:00,2705,8,false,desktop,Chrome,macOS,IN,referral,retargeting,false
SESS-000000107,USR-0000023,ANON-890044,https://example.com/login,direct,2023-06-09 22:00:00,602,6,true,desktop,Chrome,Android,JP,facebook,spring_promo,true
SESS-000000108,,ANON-176177,https://example.com/login,linkedin.com,2023-06-10 00:00:00,1248,13,false,desktop,Chrome,Android,GB,google,none,false
SESS-000000109,USR-0000315,ANON-484937,https://example.com/dashboard,email,2023-06-10 02:00:00,2189,10,true,desktop,Chrome,Windows,CA,email,none,false
SESS-000000110,USR-0000393,ANON-882852,https://example.com/signup,direct,2023-06-10 04:00:00,3112,18,false,mobile,Chrome,Android,MX,email,none,false
SESS-000000111,USR-0000382,ANON-248926,https://example.com/settings,facebook.com,2023-06-10 06:00:00,1024,9,true,tablet,Edge,Android,DE,referral,newsletter,false
SESS-000000112,USR-0000359,ANON-701341,https://example.com/docs,direct,2023-06-10 08:00:00,41,17,false,desktop,Chrome,iOS,AU,facebook,none,false
SESS-000000113,USR-0000057,ANON-484110,https://example.com/dashboard,none,2023-06-10 10:00:00,3064,13,false,mobile,Chrome,Android,BR,google,brand,false
SESS-000000114,,ANON-252005,https://example.com/dashboard,linkedin.com,2023-06-10 12:00:00,3363,9,false,mobile,Safari,Android,AU,google,spring_promo,false
SESS-000000115,USR-0000213,ANON-155561,https://example.com/signup,twitter.com,2023-06-10 14:00:00,3076,20,false,desktop,Chrome,iOS,FR,referral,spring_promo,false
SESS-000000116,,ANON-360762,https://example.com/blog,email,2023-06-10 16:00:00,1742,18,false,desktop,Chrome,Linux,FR,organic,newsletter,false
SESS-000000117,USR-0000495,ANON-100830,https://example.com/pricing,email,2023-06-10 18:00:00,2592,13,false,mobile,Chrome,iOS,IN,referral,none,false
SESS-000000118,USR-0000498,ANON-274764,https://example.com/home,linkedin.com,2023-06-10 20:00:00,461,13,false,mobile,Chrome,macOS,JP,facebook,brand,false
SESS-000000119,,ANON-593692,https://example.com/docs,email,2023-06-10 22:00:00,2294,19,false,mobile,Firefox,iOS,CA,google,newsletter,false
SESS-000000120,,ANON-810367,https://example.com/docs,direct,2023-06-11 00:00:00,2163,19,false,mobile,Chrome,macOS,FR,email,brand,false
SESS-000000121,USR-0000130,ANON-554845,https://example.com/pricing,facebook.com,2023-06-11 02:00:00,2287,18,false,mobile,Firefox,Android,IN,facebook,none,false
SESS-000000122,USR-0000072,ANON-752589,https://example.com/dashboard,email,2023-06-11 04:00:00,2491,3,true,mobile,Chrome,iOS,JP,google,brand,false
SESS-000000123,USR-0000036,ANON-166660,https://example.com/pricing,direct,2023-06-11 06:00:00,3202,6,false,mobile,Safari,iOS,JP,referral,none,false
SESS-000000124,USR-0000329,ANON-373968,https://example.com/docs,none,2023-06-11 08:00:00,2807,10,true,mobile,Chrome,Android,AU,email,spring_promo,false
SESS-000000125,USR-0000329,ANON-692834,https://example.com/docs,none,2023-06-11 10:00:00,133,14,false,desktop,Firefox,Windows,MX,google,none,false
SESS-000000126,USR-0000086,ANON-148900,https://example.com/settings,direct,2023-06-11 12:00:00,2526,10,true,mobile,Chrome,iOS,GB,facebook,retargeting,false
SESS-000000127,USR-0000061,ANON-625541,https://example.com/home,facebook.com,2023-06-11 14:00:00,2626,20,false,mobile,Chrome,iOS,GB,email,retargeting,false
SESS-000000128,USR-0000152,ANON-251866,https://example.com/dashboard,linkedin.com,2023-06-11 16:00:00,1992,9,true,mobile,Chrome,Windows,MX,referral,spring_promo,false
SESS-000000129,USR-0000130,ANON-477496,https://example.com/login,facebook.com,2023-06-11 18:00:00,2246,14,false,desktop,Edge,Windows,IN,organic,brand,false
SESS-000000130,USR-0000084,ANON-666888,https://example.com/dashboard,twitter.com,2023-06-11 20:00:00,295,17,true,mobile,Chrome,Android,MX,organic,spring_promo,false
SESS-000000131,USR-0000043,ANON-987790,https://example.com/dashboard,direct,2023-06-11 22:00:00,942,10,false,mobile,Chrome,iOS,IN,organic,none,false
SESS-000000132,,ANON-181335,https://example.com/dashboard,direct,2023-06-12 00:00:00,3106,14,true,mobile,Edge,Windows,DE,direct,spring_promo,false
SESS-000000133,USR-0000366,ANON-595372,https://example.com/docs,google.com,2023-06-12 02:00:00,9,18,false,mobile,Safari,iOS,IN,facebook,newsletter,false
SESS-000000134,USR-0000346,ANON-582818,https://example.com/signup,none,2023-06-12 04:00:00,3540,10,true,desktop,Safari,Windows,MX,email,spring_promo,false
SESS-000000135,,ANON-157187,https://example.com/blog,twitter.com,2023-06-12 06:00:00,802,24,false,mobile,Chrome,iOS,FR,email,retargeting,false
SESS-000000136,USR-0000007,ANON-651635,https://example.com/settings,none,2023-06-12 08:00:00,2801,13,true,mobile,Chrome,Linux,AU,google,newsletter,false
SESS-000000137,USR-0000296,ANON-167980,https://example.com/pricing,direct,2023-06-12 10:00:00,792,19,false,mobile,Edge,Windows,US,organic,retargeting,false
SESS-000000138,USR-0000384,ANON-718977,https://example.com/signup,twitter.com,2023-06-12 12:00:00,126,17,true,mobile,Chrome,Windows,US,direct,retargeting,false
SESS-000000139,USR-0000364,ANON-286877,https://example.com/pricing,none,2023-06-12 14:00:00,2177,20,true,desktop,Safari,macOS,FR,organic,newsletter,false
SESS-000000140,USR-0000273,ANON-212820,https://example.com/blog,twitter.com,2023-06-12 16:00:00,2720,17,true,desktop,Chrome,Linux,US,google,spring_promo,false
SESS-000000141,USR-0000418,ANON-164483,https://example.com/settings,facebook.com,2023-06-12 18:00:00,307,13,false,desktop,Edge,Windows,FR,email,retargeting,false
SESS-000000142,USR-0000210,ANON-513734,https://example.com/pricing,google.com,2023-06-12 20:00:00,971,19,true,mobile,Chrome,Windows,CA,email,retargeting,false
SESS-000000143,USR-0000466,ANON-312443,https://example.com/settings,none,2023-06-12 22:00:00,1096,12,false,mobile,Chrome,macOS,DE,google,none,false
SESS-000000144,,ANON-517056,https://example.com/dashboard,email,2023-06-13 00:00:00,3463,21,true,tablet,Safari,iOS,CA,organic,none,false
SESS-000000145,USR-0000436,ANON-906125,https://example.com/blog,facebook.com,2023-06-13 02:00:00,1117,13,false,mobile,Opera,Windows,IN,organic,retargeting,true
SESS-000000146,,ANON-851753,https://example.com/blog,google.com,2023-06-13 04:00:00,229,18,true,desktop,Firefox,Windows,GB,direct,retargeting,false
SESS-000000147,USR-0000298,ANON-775423,https://example.com/home,none,2023-06-13 06:00:00,3546,5,true,desktop,Chrome,Windows,IN,direct,brand,false
SESS-000000148,USR-0000117,ANON-521844,https://example.com/dashboard,linkedin.com,2023-06-13 08:00:00,333,5,false,mobile,Chrome,macOS,DE,referral,brand,false
SESS-000000149,,ANON-201016,https://example.com/login,direct,2023-06-13 10:00:00,1754,14,false,tablet,Safari,Windows,BR,email,newsletter,true
SESS-000000150,,ANON-466115,https://example.com/settings,direct,2023-06-13 12:00:00,653,21,false,mobile,Chrome,Windows,FR,facebook,none,false
SESS-000000151,USR-0000098,ANON-119636,https://example.com/blog,google.com,2023-06-13 14:00:00,909,18,false,desktop,Chrome,macOS,IN,organic,none,false
SESS-000000152,USR-0000390,ANON-211114,https://example.com/docs,email,2023-06-13 16:00:00,2711,8,true,mobile,Chrome,Windows,DE,organic,spring_promo,false
SESS-000000153,USR-0000476,ANON-371538,https://example.com/login,direct,2023-06-13 18:00:00,490,21,false,desktop,Chrome,iOS,CA,facebook,brand,false
SESS-000000154,USR-0000394,ANON-725017,https://example.com/blog,none,2023-06-13 20:00:00,2345,16,false,mobile,Chrome,iOS,US,email,brand,false
SESS-000000155,USR-0000014,ANON-809548,https://example.com/blog,direct,2023-06-13 22:00:00,2039,14,false,mobile,Chrome,Android,CA,referral,newsletter,false
SESS-000000156,USR-0000318,ANON-657809,https://example.com/pricing,google.com,2023-06-14 00:00:00,2618,24,false,tablet,Edge,iOS,GB,direct,newsletter,false
SESS-000000157,,ANON-332038,https://example.com/settings,facebook.com,2023-06-14 02:00:00,576,19,true,mobile,Safari,Windows,AU,organic,brand,false
SESS-000000158,USR-0000023,ANON-745254,https://example.com/docs,facebook.com,2023-06-14 04:00:00,1274,8,false,mobile,Chrome,macOS,AU,referral,retargeting,false
SESS-000000159,,ANON-996826,https://example.com/dashboard,linkedin.com,2023-06-14 06:00:00,13,2,false,mobile,Chrome,Android,DE,google,none,false
SESS-000000160,,ANON-690654,https://example.com/login,facebook.com,2023-06-14 08:00:00,3166,7,true,desktop,Chrome,macOS,US,organic,spring_promo,false
SESS-000000161,USR-0000425,ANON-785455,https://example.com/signup,facebook.com,2023-06-14 10:00:00,3560,5,false,mobile,Safari,Windows,BR,facebook,retargeting,false
SESS-000000162,USR-0000155,ANON-887754,https://example.com/blog,direct,2023-06-14 12:00:00,1607,5,false,desktop,Firefox,Linux,JP,facebook,brand,false
SESS-000000163,USR-0000153,ANON-744035,https://example.com/blog,twitter.com,2023-06-14 14:00:00,1907,13,true,desktop,Chrome,iOS,BR,direct,retargeting,false
SESS-000000164,USR-0000169,ANON-889610,https://example.com/docs,none,2023-06-14 16:00:00,483,24,true,desktop,Edge,Android,JP,direct,none,false
SESS-000000165,USR-0000232,ANON-366510,https://example.com/pricing,email,2023-06-14 18:00:00,3154,16,false,tablet,Chrome,Windows,AU,email,none,false
SESS-000000166,USR-0000126,ANON-376914,https://example.com/signup,email,2023-06-14 20:00:00,2763,11,false,desktop,Safari,Windows,MX,organic,spring_promo,false
SESS-000000167,USR-0000299,ANON-257027,https://example.com/home,direct,2023-06-14 22:00:00,414,6,false,mobile,Firefox,macOS,BR,organic,brand,false
SESS-000000168,USR-0000481,ANON-264170,https://example.com/blog,linkedin.com,2023-06-15 00:00:00,1906,19,false,desktop,Safari,macOS,MX,referral,brand,false
SESS-000000169,USR-0000045,ANON-597522,https://example.com/login,direct,2023-06-15 02:00:00,618,14,true,mobile,Chrome,iOS,GB,google,none,false
SESS-000000170,USR-0000164,ANON-933828,https://example.com/home,email,2023-06-15 04:00:00,2136,2,true,mobile,Chrome,Android,MX,organic,brand,false
SESS-000000171,USR-0000482,ANON-299481,https://example.com/home,direct,2023-06-15 06:00:00,2364,12,true,mobile,Chrome,Windows,IN,google,retargeting,false
SESS-000000172,USR-0000185,ANON-741735,https://example.com/pricing,twitter.com,2023-06-15 08:00:00,1387,5,false,mobile,Chrome,iOS,FR,referral,brand,false
SESS-000000173,USR-0000235,ANON-169994,https://example.com/dashboard,email,2023-06-15 10:00:00,1590,12,false,mobile,Chrome,macOS,JP,facebook,brand,false
SESS-000000174,,ANON-973878,https://example.com/dashboard,google.com,2023-06-15 12:00:00,2558,2,true,mobile,Chrome,Windows,US,google,retargeting,false
SESS-000000175,USR-0000103,ANON-573273,https://example.com/home,email,2023-06-15 14:00:00,562,6,false,desktop,Chrome,macOS,DE,direct,brand,false
SESS-000000176,USR-0000410,ANON-547259,https://example.com/blog,linkedin.com,2023-06-15 16:00:00,129,20,false,tablet,Chrome,macOS,GB,direct,spring_promo,false
SESS-000000177,USR-0000050,ANON-423831,https://example.com/home,linkedin.com,2023-06-15 18:00:00,1500,5,false,mobile,Chrome,iOS,AU,referral,spring_promo,false
SESS-000000178,,ANON-966018,https://example.com/home,facebook.com,2023-06-15 20:00:00,1768,3,false,mobile,Safari,Android,DE,email,retargeting,false
SESS-000000179,USR-0000481,ANON-477637,https://example.com/settings,facebook.com,2023-06-15 22:00:00,1031,6,false,mobile,Chrome,Windows,IN,facebook,spring_promo,false
SESS-000000180,,ANON-210446,https://example.com/docs,none,2023-06-16 00:00:00,1538,23,false,mobile,Chrome,macOS,US,direct,spring_promo,false
SESS-000000181,USR-0000071,ANON-607526,https://example.com/dashboard,direct,2023-06-16 02:00:00,369,23,false,tablet,Safari,Windows,US,referral,newsletter,false
SESS-000000182,USR-0000472,ANON-631327,https://example.com/login,linkedin.com,2023-06-16 04:00:00,2687,16,false,mobile,Chrome,iOS,US,referral,newsletter,false
SESS-000000183,USR-0000432,ANON-771417,https://example.com/docs,google.com,2023-06-16 06:00:00,2759,19,false,mobile,Chrome,Windows,DE,email,retargeting,false
SESS-000000184,USR-0000182,ANON-547061,https://example.com/dashboard,direct,2023-06-16 08:00:00,957,22,false,mobile,Safari,Android,BR,organic,none,false
SESS-000000185,USR-0000459,ANON-351992,https://example.com/pricing,linkedin.com,2023-06-16 10:00:00,2346,8,true,mobile,Chrome,Android,GB,direct,spring_promo,false
SESS-000000186,USR-0000276,ANON-102380,https://example.com/docs,google.com,2023-06-16 12:00:00,842,10,false,mobile,Chrome,Linux,BR,direct,spring_promo,false
SESS-000000187,USR-0000204,ANON-987867,https://example.com/docs,linkedin.com,2023-06-16 14:00:00,1423,1,true,tablet,Safari,iOS,DE,organic,spring_promo,false
SESS-000000188,USR-0000232,ANON-273608,https://example.com/signup,none,2023-06-16 16:00:00,1152,13,true,desktop,Safari,iOS,FR,google,spring_promo,true
SESS-000000189,USR-0000494,ANON-415889,https://example.com/pricing,google.com,2023-06-16 18:00:00,3495,23,false,mobile,Chrome,Android,DE,organic,spring_promo,false
SESS-000000190,USR-0000149,ANON-238124,https://example.com/login,direct,2023-06-16 20:00:00,1730,1,true,desktop,Chrome,macOS,MX,facebook,none,false
SESS-000000191,USR-0000459,ANON-311863,https://example.com/dashboard,direct,2023-06-16 22:00:00,2278,18,false,desktop,Safari,iOS,BR,email,none,false
SESS-000000192,,ANON-154728,https://example.com/settings,none,2023-06-17 00:00:00,756,12,false,mobile,Chrome,iOS,BR,organic,none,false
SESS-000000193,USR-0000475,ANON-406292,https://example.com/settings,facebook.com,2023-06-17 02:00:00,3338,24,true,desktop,Safari,Android,DE,google,brand,false
SESS-000000194,USR-0000081,ANON-953333,https://example.com/login,direct,2023-06-17 04:00:00,2463,15,false,desktop,Chrome,Windows,US,email,brand,false
SESS-000000195,,ANON-301342,https://example.com/dashboard,email,2023-06-17 06:00:00,381,10,false,desktop,Chrome,iOS,CA,facebook,brand,false
SESS-000000196,USR-0000142,ANON-968829,https://example.com/login,google.com,2023-06-17 08:00:00,1194,3,false,mobile,Chrome,macOS,FR,google,spring_promo,false
SESS-000000197,USR-0000271,ANON-670570,https://example.com/settings,facebook.com,2023-06-17 10:00:00,1821,14,true,desktop,Safari,macOS,BR,organic,retargeting,false
SESS-000000198,USR-0000333,ANON-902574,https://example.com/home,direct,2023-06-17 12:00:00,1518,24,false,desktop,Chrome,Android,BR,direct,retargeting,false
SESS-000000199,,ANON-658411,https://example.com/pricing,email,2023-06-17 14:00:00,2882,1,true,desktop,Edge,iOS,FR,referral,brand,false
SESS-000000200,USR-0000437,ANON-989991,https://example.com/docs,linkedin.com,2023-06-17 16:00:00,2007,1,false,mobile,Safari,Android,MX,direct,brand,false
SESS-000000201,USR-0000080,ANON-596444,https://example.com/signup,facebook.com,2023-06-17 18:00:00,2006,22,true,mobile,Safari,iOS,BR,facebook,retargeting,false
SESS-000000202,,ANON-847596,https://example.com/settings,twitter.com,2023-06-17 20:00:00,1357,7,true,desktop,Safari,Android,DE,google,spring_promo,false
SESS-000000203,USR-0000370,ANON-133352,https://example.com/home,linkedin.com,2023-06-17 22:00:00,3039,15,true,desktop,Chrome,Windows,IN,direct,retargeting,false
SESS-000000204,USR-0000242,ANON-938962,https://example.com/pricing,none,2023-06-18 00:00:00,2524,15,false,tablet,Chrome,iOS,BR,google,brand,true
SESS-000000205,USR-0000424,ANON-116410,https://example.com/dashboard,facebook.com,2023-06-18 02:00:00,2541,12,false,mobile,Chrome,iOS,CA,email,none,false
SESS-000000206,,ANON-277867,https://example.com/blog,linkedin.com,2023-06-18 04:00:00,2362,12,false,mobile,Chrome,iOS,CA,email,none,false
SESS-000000207,USR-0000072,ANON-764637,https://example.com/home,none,2023-06-18 06:00:00,2394,17,false,desktop,Chrome,iOS,AU,facebook,brand,false
SESS-000000208,,ANON-331195,https://example.com/login,google.com,2023-06-18 08:00:00,2724,6,true,desktop,Safari,iOS,DE,organic,brand,false
SESS-000000209,,ANON-137793,https://example.com/settings,email,2023-06-18 10:00:00,843,5,false,mobile,Safari,Android,MX,direct,retargeting,false
SESS-000000210,,ANON-875858,https://example.com/settings,email,2023-06-18 12:00:00,1883,24,true,desktop,Chrome,Windows,FR,referral,spring_promo,false
SESS-000000211,USR-0000102,ANON-561344,https://example.com/dashboard,direct,2023-06-18 14:00:00,473,1,false,mobile,Chrome,iOS,IN,email,spring_promo,false
SESS-000000212,USR-0000369,ANON-531516,https://example.com/home,twitter.com,2023-06-18 16:00:00,1323,5,false,mobile,Safari,Android,IN,email,spring_promo,false
SESS-000000213,,ANON-384519,https://example.com/pricing,twitter.com,2023-06-18 18:00:00,1049,18,true,mobile,Safari,macOS,DE,facebook,brand,false
SESS-000000214,USR-0000089,ANON-745274,https://example.com/dashboard,email,2023-06-18 20:00:00,724,14,true,mobile,Edge,Windows,BR,google,retargeting,false
SESS-000000215,USR-0000049,ANON-382962,https://example.com/login,email,2023-06-18 22:00:00,1970,8,false,desktop,Chrome,macOS,IN,referral,brand,false
SESS-000000216,USR-0000031,ANON-605717,https://example.com/pricing,facebook.com,2023-06-19 00:00:00,1573,3,false,mobile,Chrome,Android,US,referral,retargeting,false
SESS-000000217,USR-0000122,ANON-217340,https://example.com/docs,email,2023-06-19 02:00:00,1634,9,false,desktop,Firefox,iOS,JP,referral,none,false
SESS-000000218,USR-0000161,ANON-375074,https://example.com/dashboard,none,2023-06-19 04:00:00,3142,2,false,mobile,Chrome,iOS,CA,google,none,false
SESS-000000219,USR-0000336,ANON-125221,https://example.com/settings,facebook.com,2023-06-19 06:00:00,1303,14,false,desktop,Safari,Windows,GB,email,retargeting,false
SESS-000000220,USR-0000348,ANON-356351,https://example.com/settings,email,2023-06-19 08:00:00,436,12,true,mobile,Chrome,macOS,GB,organic,retargeting,false
SESS-000000221,USR-0000209,ANON-442866,https://example.com/docs,google.com,2023-06-19 10:00:00,2848,23,false,mobile,Chrome,Android,FR,referral,retargeting,false
SESS-000000222,USR-0000059,ANON-773360,https://example.com/dashboard,twitter.com,2023-06-19 12:00:00,776,20,false,mobile,Chrome,Android,IN,email,retargeting,false
SESS-000000223,USR-0000128,ANON-840001,https://example.com/home,google.com,2023-06-19 14:00:00,3504,12,true,tablet,Safari,Android,AU,google,none,false
SESS-000000224,USR-0000125,ANON-578885,https://example.com/settings,linkedin.com,2023-06-19 16:00:00,2395,13,false,tablet,Chrome,iOS,FR,referral,retargeting,false
SESS-000000225,USR-0000191,ANON-933059,https://example.com/pricing,none,2023-06-19 18:00:00,921,17,true,mobile,Safari,iOS,BR,google,brand,false
SESS-000000226,USR-0000215,ANON-423446,https://example.com/settings,twitter.com,2023-06-19 20:00:00,2070,8,false,mobile,Firefox,Linux,FR,direct,newsletter,false
SESS-000000227,USR-0000498,ANON-544721,https://example.com/home,facebook.com,2023-06-19 22:00:00,3356,15,false,mobile,Safari,iOS,IN,email,newsletter,false
SESS-000000228,USR-0000279,ANON-655335,https://example.com/settings,linkedin.com,2023-06-20 00:00:00,3298,1,false,mobile,Edge,Android,BR,google,newsletter,false
SESS-000000229,USR-0000049,ANON-259272,https://example.com/signup,email,2023-06-20 02:00:00,1429,23,false,mobile,Firefox,Windows,FR,organic,newsletter,false
SESS-000000230,USR-0000005,ANON-477943,https://example.com/signup,google.com,2023-06-20 04:00:00,105,23,false,desktop,Safari,Android,MX,email,brand,false
SESS-000000231,USR-0000433,ANON-909995,https://example.com/login,email,2023-06-20 06:00:00,287,22,true,desktop,Chrome,Linux,AU,email,newsletter,false
SESS-000000232,,ANON-527566,https://example.com/docs,direct,2023-06-20 08:00:00,3162,6,false,mobile,Safari,iOS,JP,facebook,none,false
SESS-000000233,USR-0000021,ANON-937999,https://example.com/settings,linkedin.com,2023-06-20 10:00:00,2380,19,true,tablet,Edge,macOS,BR,direct,newsletter,false
SESS-000000234,USR-0000335,ANON-710118,https://example.com/home,none,2023-06-20 12:00:00,2612,14,false,desktop,Chrome,iOS,MX,facebook,spring_promo,true
SESS-000000235,USR-0000350,ANON-252977,https://example.com/login,direct,2023-06-20 14:00:00,2597,24,false,mobile,Chrome,iOS,IN,google,spring_promo,false
SESS-000000236,USR-0000177,ANON-512168,https://example.com/pricing,none,2023-06-20 16:00:00,2792,1,false,desktop,Chrome,Android,BR,email,spring_promo,false
SESS-000000237,,ANON-429607,https://example.com/home,facebook.com,2023-06-20 18:00:00,1831,10,true,mobile,Safari,macOS,DE,facebook,newsletter,false
SESS-000000238,USR-0000214,ANON-954945,https://example.com/login,google.com,2023-06-20 20:00:00,1363,3,true,mobile,Opera,Android,FR,organic,brand,false
SESS-000000239,USR-0000036,ANON-402376,https://example.com/login,twitter.com,2023-06-20 22:00:00,847,23,false,mobile,Chrome,Android,JP,organic,spring_promo,false
SESS-000000240,USR-0000206,ANON-536672,https://example.com/pricing,none,2023-06-21 00:00:00,1107,5,true,mobile,Edge,Android,DE,direct,none,false
SESS-000000241,USR-0000377,ANON-721342,https://example.com/login,linkedin.com,2023-06-21 02:00:00,2701,1,true,mobile,Chrome,iOS,MX,referral,none,false
SESS-000000242,USR-0000218,ANON-965639,https://example.com/settings,facebook.com,2023-06-21 04:00:00,52,3,true,desktop,Chrome,macOS,DE,google,newsletter,false
SESS-000000243,USR-0000337,ANON-591601,https://example.com/login,none,2023-06-21 06:00:00,524,24,false,mobile,Firefox,macOS,JP,google,retargeting,false
SESS-000000244,USR-0000343,ANON-862918,https://example.com/pricing,google.com,2023-06-21 08:00:00,2834,13,false,mobile,Edge,Windows,US,email,none,false
SESS-000000245,USR-0000326,ANON-205319,https://example.com/home,facebook.com,2023-06-21 10:00:00,2334,3,false,tablet,Chrome,Android,IN,google,none,false
SESS-000000246,USR-0000092,ANON-901833,https://example.com/home,none,2023-06-21 12:00:00,582,10,false,tablet,Edge,Windows,GB,referral,none,false
SESS-000000247,USR-0000384,ANON-286741,https://example.com/signup,email,2023-06-21 14:00:00,131,11,false,desktop,Firefox,Windows,US,direct,retargeting,false
SESS-000000248,USR-0000425,ANON-786947,https://example.com/pricing,none,2023-06-21 16:00:00,814,20,true,desktop,Firefox,iOS,AU,email,spring_promo,false
SESS-000000249,USR-0000324,ANON-580647,https://example.com/blog,email,2023-06-21 18:00:00,427,6,false,tablet,Firefox,Android,JP,referral,spring_promo,false
SESS-000000250,USR-0000151,ANON-644072,https://example.com/home,email,2023-06-21 20:00:00,996,3,false,desktop,Chrome,Windows,AU,organic,newsletter,false
SESS-000000251,,ANON-183387,https://example.com/docs,google.com,2023-06-21 22:00:00,2999,18,false,mobile,Chrome,macOS,BR,organic,spring_promo,false
SESS-000000252,USR-0000092,ANON-579400,https://example.com/pricing,facebook.com,2023-06-22 00:00:00,3130,11,false,mobile,Chrome,Android,IN,direct,spring_promo,false
SESS-000000253,,ANON-177777,https://example.com/docs,facebook.com,2023-06-22 02:00:00,1032,3,true,mobile,Chrome,macOS,BR,organic,newsletter,false
SESS-000000254,USR-0000461,ANON-596489,https://example.com/signup,twitter.com,2023-06-22 04:00:00,1037,11,false,mobile,Chrome,Windows,US,direct,newsletter,false
SESS-000000255,,ANON-465767,https://example.com/settings,direct,2023-06-22 06:00:00,2975,11,true,mobile,Chrome,macOS,BR,facebook,retargeting,false
SESS-000000256,USR-0000073,ANON-281309,https://example.com/blog,email,2023-06-22 08:00:00,1533,6,false,mobile,Chrome,Linux,IN,organic,spring_promo,false
SESS-000000257,USR-0000246,ANON-541995,https://example.com/blog,none,2023-06-22 10:00:00,769,5,false,mobile,Chrome,iOS,GB,direct,retargeting,false
SESS-000000258,,ANON-292955,https://example.com/dashboard,facebook.com,2023-06-22 12:00:00,2690,3,true,mobile,Chrome,Android,JP,referral,spring_promo,false
SESS-000000259,USR-0000390,ANON-174492,https://example.com/settings,facebook.com,2023-06-22 14:00:00,1766,21,false,mobile,Chrome,Windows,MX,facebook,brand,false
SESS-000000260,,ANON-130745,https://example.com/docs,linkedin.com,2023-06-22 16:00:00,3212,1,false,mobile,Chrome,macOS,GB,google,retargeting,false
SESS-000000261,,ANON-407250,https://example.com/blog,twitter.com,2023-06-22 18:00:00,3157,13,true,desktop,Chrome,iOS,MX,organic,newsletter,false
SESS-000000262,,ANON-771003,https://example.com/login,twitter.com,2023-06-22 20:00:00,2848,1,true,mobile,Safari,Windows,CA,google,spring_promo,false
SESS-000000263,USR-0000174,ANON-618766,https://example.com/dashboard,facebook.com,2023-06-22 22:00:00,3499,20,false,mobile,Firefox,macOS,IN,direct,none,false
SESS-000000264,USR-0000045,ANON-212377,https://example.com/login,email,2023-06-23 00:00:00,1927,10,true,mobile,Safari,iOS,US,email,spring_promo,false
SESS-000000265,USR-0000234,ANON-499437,https://example.com/login,facebook.com,2023-06-23 02:00:00,1970,24,true,desktop,Safari,Android,IN,direct,retargeting,false
SESS-000000266,USR-0000122,ANON-623933,https://example.com/pricing,facebook.com,2023-06-23 04:00:00,8,2,true,desktop,Opera,Android,CA,google,none,false
SESS-000000267,USR-0000415,ANON-310496,https://example.com/blog,none,2023-06-23 06:00:00,606,8,false,mobile,Safari,Android,JP,google,spring_promo,false
SESS-000000268,USR-0000175,ANON-224130,https://example.com/home,facebook.com,2023-06-23 08:00:00,569,10,false,desktop,Chrome,Windows,AU,facebook,none,true
SESS-000000269,USR-0000461,ANON-323954,https://example.com/docs,linkedin.com,2023-06-23 10:00:00,3317,2,false,desktop,Chrome,iOS,FR,google,newsletter,false
SESS-000000270,USR-0000279,ANON-159891,https://example.com/dashboard,google.com,2023-06-23 12:00:00,913,11,false,tablet,Chrome,Windows,US,google,brand,true
SESS-000000271,USR-0000045,ANON-318030,https://example.com/pricing,linkedin.com,2023-06-23 14:00:00,2240,12,true,desktop,Chrome,iOS,MX,direct,none,false
SESS-000000272,USR-0000204,ANON-580234,https://example.com/login,linkedin.com,2023-06-23 16:00:00,1490,11,true,mobile,Safari,macOS,AU,direct,retargeting,false
SESS-000000273,USR-0000268,ANON-821389,https://example.com/docs,none,2023-06-23 18:00:00,2754,13,true,mobile,Chrome,iOS,CA,organic,newsletter,false
SESS-000000274,USR-0000483,ANON-885785,https://example.com/pricing,google.com,2023-06-23 20:00:00,1304,5,false,mobile,Opera,Windows,MX,email,retargeting,false
SESS-000000275,USR-0000199,ANON-705737,https://example.com/pricing,facebook.com,2023-06-23 22:00:00,3376,6,true,mobile,Chrome,Android,GB,facebook,newsletter,false
SESS-000000276,USR-0000317,ANON-420412,https://example.com/login,email,2023-06-24 00:00:00,1852,12,true,mobile,Edge,Windows,FR,referral,spring_promo,true
SESS-000000277,,ANON-940514,https://example.com/dashboard,google.com,2023-06-24 02:00:00,878,16,false,tablet,Chrome,iOS,FR,referral,brand,false
SESS-000000278,USR-0000002,ANON-927303,https://example.com/blog,direct,2023-06-24 04:00:00,1483,10,true,mobile,Chrome,Android,GB,facebook,retargeting,false
SESS-000000279,USR-0000140,ANON-422071,https://example.com/settings,google.com,2023-06-24 06:00:00,1314,11,false,mobile,Chrome,Android,MX,referral,newsletter,false
SESS-000000280,USR-0000037,ANON-109276,https://example.com/home,none,2023-06-24 08:00:00,2614,24,false,tablet,Chrome,iOS,FR,organic,none,false
SESS-000000281,,ANON-490416,https://example.com/signup,email,2023-06-24 10:00:00,1166,16,false,mobile,Chrome,Windows,MX,email,brand,false
SESS-000000282,USR-0000468,ANON-519164,https://example.com/pricing,email,2023-06-24 12:00:00,188,2,false,mobile,Firefox,iOS,BR,facebook,newsletter,false
SESS-000000283,USR-0000291,ANON-709202,https://example.com/settings,linkedin.com,2023-06-24 14:00:00,2822,9,false,mobile,Chrome,macOS,DE,organic,none,false
SESS-000000284,,ANON-232087,https://example.com/dashboard,twitter.com,2023-06-24 16:00:00,3581,2,true,mobile,Chrome,Android,MX,google,retargeting,false
SESS-000000285,USR-0000263,ANON-590231,https://example.com/home,direct,2023-06-24 18:00:00,903,22,false,mobile,Chrome,iOS,IN,facebook,brand,false
SESS-000000286,USR-0000368,ANON-384202,https://example.com/docs,facebook.com,2023-06-24 20:00:00,3035,20,true,mobile,Chrome,macOS,FR,direct,none,false
SESS-000000287,USR-0000156,ANON-545860,https://example.com/login,google.com,2023-06-24 22:00:00,142,12,false,desktop,Chrome,iOS,CA,email,newsletter,false
SESS-000000288,USR-0000293,ANON-121358,https://example.com/signup,direct,2023-06-25 00:00:00,1206,7,false,mobile,Chrome,macOS,CA,google,retargeting,false
SESS-000000289,USR-0000184,ANON-575521,https://example.com/docs,none,2023-06-25 02:00:00,43,18,false,desktop,Firefox,Android,CA,google,newsletter,false
SESS-000000290,,ANON-131812,https://example.com/pricing,google.com,2023-06-25 04:00:00,1429,5,true,mobile,Chrome,Windows,JP,direct,none,false
SESS-000000291,USR-0000009,ANON-867888,https://example.com/signup,none,2023-06-25 06:00:00,2193,19,false,mobile,Edge,macOS,US,referral,spring_promo,false
SESS-000000292,,ANON-741531,https://example.com/home,google.com,2023-06-25 08:00:00,3469,21,false,mobile,Chrome,iOS,GB,direct,none,true
SESS-000000293,USR-0000467,ANON-928586,https://example.com/blog,linkedin.com,2023-06-25 10:00:00,3026,5,true,desktop,Safari,Windows,CA,google,retargeting,false
SESS-000000294,USR-0000299,ANON-689085,https://example.com/pricing,email,2023-06-25 12:00:00,3368,13,true,desktop,Safari,iOS,FR,direct,retargeting,false
SESS-000000295,USR-0000326,ANON-980978,https://example.com/login,google.com,2023-06-25 14:00:00,2348,4,true,mobile,Chrome,Windows,BR,facebook,none,false
SESS-000000296,USR-0000475,ANON-287501,https://example.com/docs,none,2023-06-25 16:00:00,1416,15,false,desktop,Safari,iOS,AU,organic,spring_promo,false
SESS-000000297,USR-0000470,ANON-105421,https://example.com/docs,none,2023-06-25 18:00:00,3263,17,false,mobile,Chrome,iOS,BR,organic,newsletter,false
SESS-000000298,USR-0000086,ANON-911033,https://example.com/dashboard,direct,2023-06-25 20:00:00,215,1,true,desktop,Chrome,iOS,BR,referral,newsletter,false
SESS-000000299,,ANON-693700,https://example.com/docs,direct,2023-06-25 22:00:00,2934,23,false,tablet,Firefox,Windows,DE,direct,newsletter,false
SESS-000000300,USR-0000481,ANON-719178,https://example.com/dashboard,facebook.com,2023-06-26 00:00:00,3556,7,false,mobile,Edge,Linux,BR,google,none,false
SESS-000000301,USR-0000485,ANON-361152,https://example.com/settings,twitter.com,2023-06-26 02:00:00,80,12,true,mobile,Chrome,Linux,FR,google,brand,false
SESS-000000302,,ANON-402555,https://example.com/pricing,google.com,2023-06-26 04:00:00,2353,7,false,mobile,Safari,Windows,MX,referral,none,false
SESS-000000303,USR-0000476,ANON-711079,https://example.com/login,facebook.com,2023-06-26 06:00:00,3153,22,false,desktop,Chrome,macOS,MX,facebook,brand,false
SESS-000000304,USR-0000320,ANON-466887,https://example.com/home,twitter.com,2023-06-26 08:00:00,2495,19,true,mobile,Chrome,macOS,BR,google,retargeting,false
SESS-000000305,USR-0000156,ANON-168482,https://example.com/login,twitter.com,2023-06-26 10:00:00,3512,24,false,mobile,Chrome,Android,BR,facebook,newsletter,false
SESS-000000306,USR-0000379,ANON-363299,https://example.com/pricing,email,2023-06-26 12:00:00,989,10,true,desktop,Chrome,iOS,AU,email,spring_promo,false
SESS-000000307,USR-0000064,ANON-445898,https://example.com/blog,email,2023-06-26 14:00:00,2299,14,true,mobile,Safari,Windows,FR,referral,retargeting,false
SESS-000000308,USR-0000455,ANON-847537,https://example.com/dashboard,facebook.com,2023-06-26 16:00:00,2947,14,false,desktop,Chrome,iOS,IN,referral,retargeting,false
SESS-000000309,,ANON-409533,https://example.com/pricing,facebook.com,2023-06-26 18:00:00,251,6,true,mobile,Edge,macOS,FR,organic,newsletter,false
SESS-000000310,USR-0000034,ANON-544563,https://example.com/signup,none,2023-06-26 20:00:00,2007,23,false,desktop,Safari,Android,CA,facebook,retargeting,false
SESS-000000311,,ANON-638157,https://example.com/dashboard,none,2023-06-26 22:00:00,3457,21,true,desktop,Chrome,iOS,DE,direct,brand,false
SESS-000000312,USR-0000183,ANON-221776,https://example.com/dashboard,email,2023-06-27 00:00:00,1693,24,true,mobile,Chrome,macOS,JP,referral,brand,false
SESS-000000313,USR-0000359,ANON-623859,https://example.com/pricing,linkedin.com,2023-06-27 02:00:00,2937,11,false,mobile,Chrome,iOS,CA,email,brand,false
SESS-000000314,USR-0000312,ANON-281542,https://example.com/blog,linkedin.com,2023-06-27 04:00:00,2668,4,true,mobile,Chrome,Linux,IN,organic,spring_promo,false
SESS-000000315,USR-0000056,ANON-890298,https://example.com/signup,email,2023-06-27 06:00:00,971,4,true,desktop,Chrome,macOS,MX,email,none,false
SESS-000000316,USR-0000466,ANON-366920,https://example.com/signup,google.com,2023-06-27 08:00:00,1339,14,true,mobile,Chrome,Windows,US,referral,none,false
SESS-000000317,USR-0000044,ANON-374015,https://example.com/pricing,twitter.com,2023-06-27 10:00:00,1766,20,false,tablet,Chrome,Windows,IN,organic,spring_promo,false
SESS-000000318,USR-0000477,ANON-462837,https://example.com/signup,direct,2023-06-27 12:00:00,1546,17,true,desktop,Chrome,iOS,GB,google,retargeting,false
SESS-000000319,USR-0000123,ANON-424384,https://example.com/home,linkedin.com,2023-06-27 14:00:00,2143,18,true,tablet,Safari,Android,US,referral,none,false
SESS-000000320,USR-0000236,ANON-633375,https://example.com/login,none,2023-06-27 16:00:00,2348,19,false,mobile,Safari,macOS,JP,organic,none,false
SESS-000000321,USR-0000134,ANON-750661,https://example.com/login,linkedin.com,2023-06-27 18:00:00,1487,21,true,mobile,Edge,iOS,FR,email,spring_promo,false
SESS-000000322,,ANON-967747,https://example.com/docs,email,2023-06-27 20:00:00,2302,23,false,mobile,Safari,Android,BR,facebook,spring_promo,false
SESS-000000323,USR-0000163,ANON-899300,https://example.com/pricing,twitter.com,2023-06-27 22:00:00,2373,9,false,mobile,Chrome,Android,MX,direct,spring_promo,false
SESS-000000324,USR-0000177,ANON-335735,https://example.com/pricing,twitter.com,2023-06-28 00:00:00,3496,18,false,mobile,Chrome,Windows,GB,google,retargeting,false
SESS-000000325,,ANON-643446,https://example.com/login,email,2023-06-28 02:00:00,2938,7,true,mobile,Chrome,Windows,AU,facebook,newsletter,false
SESS-000000326,USR-0000178,ANON-395562,https://example.com/docs,direct,2023-06-28 04:00:00,2026,17,false,desktop,Edge,iOS,FR,direct,spring_promo,false
SESS-000000327,USR-0000406,ANON-824934,https://example.com/settings,none,2023-06-28 06:00:00,637,2,true,mobile,Chrome,iOS,JP,facebook,none,false
SESS-000000328,USR-0000215,ANON-121556,https://example.com/settings,google.com,2023-06-28 08:00:00,1156,2,true,mobile,Chrome,macOS,MX,direct,none,false
SESS-000000329,USR-0000118,ANON-995446,https://example.com/docs,direct,2023-06-28 10:00:00,1193,5,false,mobile,Safari,iOS,GB,facebook,newsletter,false
SESS-000000330,USR-0000205,ANON-435296,https://example.com/blog,facebook.com,2023-06-28 12:00:00,99999,14,true,desktop,Chrome,Android,IN,direct,retargeting,false
SESS-000000331,USR-0000120,ANON-770093,https://example.com/dashboard,google.com,2023-06-28 14:00:00,3406,22,true,desktop,Opera,iOS,CA,direct,newsletter,false
SESS-000000332,USR-0000319,ANON-707569,https://example.com/login,twitter.com,2023-06-28 16:00:00,1922,15,false,desktop,Chrome,Windows,JP,direct,retargeting,false
SESS-000000333,USR-0000239,ANON-430339,https://example.com/pricing,twitter.com,2023-06-28 18:00:00,3561,14,true,mobile,Chrome,iOS,IN,direct,brand,false
SESS-000000334,USR-0000026,ANON-966754,https://example.com/settings,none,2023-06-28 20:00:00,431,17,true,desktop,Edge,Android,MX,direct,newsletter,false
SESS-000000335,USR-0000221,ANON-340467,https://example.com/pricing,direct,2023-06-28 22:00:00,2566,22,false,desktop,Chrome,Android,CA,email,retargeting,false
SESS-000000336,USR-0000235,ANON-766169,https://example.com/signup,linkedin.com,2023-06-29 00:00:00,2117,15,false,mobile,Chrome,iOS,FR,email,brand,false
SESS-000000337,,ANON-935823,https://example.com/pricing,linkedin.com,2023-06-29 02:00:00,2746,18,false,mobile,Chrome,macOS,IN,google,none,false
SESS-000000338,USR-0000215,ANON-206196,https://example.com/docs,facebook.com,2023-06-29 04:00:00,1405,10,false,desktop,Safari,macOS,MX,email,retargeting,false
SESS-000000339,USR-0000450,ANON-925331,https://example.com/signup,linkedin.com,2023-06-29 06:00:00,1869,24,true,mobile,Chrome,Windows,FR,email,none,false
SESS-000000340,USR-0000179,ANON-901033,https://example.com/home,google.com,2023-06-29 08:00:00,1267,12,true,mobile,Chrome,Android,FR,direct,none,false
SESS-000000341,,ANON-441807,https://example.com/blog,none,2023-06-29 10:00:00,2509,22,true,mobile,Chrome,iOS,US,referral,spring_promo,false
SESS-000000342,USR-0000382,ANON-854810,https://example.com/dashboard,direct,2023-06-29 12:00:00,693,24,true,desktop,Chrome,Windows,JP,organic,retargeting,false
SESS-000000343,USR-0000122,ANON-105711,https://example.com/settings,email,2023-06-29 14:00:00,2376,22,true,mobile,Chrome,iOS,AU,google,newsletter,false
SESS-000000344,USR-0000397,ANON-270120,https://example.com/settings,direct,2023-06-29 16:00:00,1783,8,false,tablet,Chrome,Windows,CA,facebook,none,false
SESS-000000345,USR-0000143,ANON-777178,https://example.com/dashboard,google.com,2023-06-29 18:00:00,2870,9,true,desktop,Safari,iOS,BR,organic,none,false
SESS-000000346,USR-0000194,ANON-940907,https://example.com/settings,direct,2023-06-29 20:00:00,136,19,false,desktop,Chrome,Windows,IN,email,newsletter,false
SESS-000000347,USR-0000071,ANON-213403,https://example.com/pricing,none,2023-06-29 22:00:00,657,23,true,mobile,Chrome,Android,DE,referral,brand,false
SESS-000000348,USR-0000383,ANON-742688,https://example.com/pricing,none,2023-06-30 00:00:00,2186,15,true,mobile,Chrome,Android,FR,facebook,none,false
SESS-000000349,,ANON-192643,https://example.com/docs,email,2023-06-30 02:00:00,1346,19,true,desktop,Chrome,iOS,GB,organic,spring_promo,false
SESS-000000350,USR-0000250,ANON-804534,https://example.com/settings,facebook.com,2023-06-30 04:00:00,1028,11,false,tablet,Chrome,iOS,JP,direct,spring_promo,false
SESS-000000351,,ANON-906681,https://example.com/dashboard,none,2023-06-30 06:00:00,3358,21,false,desktop,Edge,Android,MX,email,none,false
SESS-000000352,USR-0000432,ANON-513225,https://example.com/blog,twitter.com,2023-06-30 08:00:00,3258,10,false,tablet,Chrome,Android,IN,facebook,brand,false
SESS-000000353,USR-0000408,ANON-190683,https://example.com/home,facebook.com,2023-06-30 10:00:00,331,15,false,desktop,Firefox,Linux,GB,google,none,false
SESS-000000354,USR-0000143,ANON-280615,https://example.com/signup,linkedin.com,2023-06-30 12:00:00,1895,13,true,mobile,Chrome,Android,DE,organic,newsletter,false
SESS-000000355,USR-0000003,ANON-556365,https://example.com/blog,direct,2023-06-30 14:00:00,2401,21,true,mobile,Safari,iOS,IN,organic,newsletter,false
SESS-000000356,USR-0000088,ANON-819193,https://example.com/pricing,linkedin.com,2023-06-30 16:00:00,2810,20,false,mobile,Firefox,Android,CA,direct,spring_promo,false
SESS-000000357,USR-0000360,ANON-567619,https://example.com/pricing,google.com,2023-06-30 18:00:00,730,21,false,mobile,Safari,Android,US,referral,brand,true
SESS-000000358,,ANON-529697,https://example.com/pricing,email,2023-06-30 20:00:00,3064,3,true,mobile,Chrome,macOS,US,referral,retargeting,false
SESS-000000359,USR-0000316,ANON-640317,https://example.com/blog,direct,2023-06-30 22:00:00,2359,6,true,mobile,Chrome,iOS,BR,facebook,spring_promo,false
SESS-000000360,USR-0000114,ANON-970686,https://example.com/signup,google.com,2023-07-01 00:00:00,3164,22,false,mobile,Safari,macOS,DE,email,newsletter,false
SESS-000000361,USR-0000480,ANON-810499,https://example.com/pricing,email,2023-07-01 02:00:00,2449,4,true,mobile,Chrome,Windows,CA,facebook,newsletter,false
SESS-000000362,USR-0000203,ANON-238000,https://example.com/docs,twitter.com,2023-07-01 04:00:00,3134,19,false,desktop,Chrome,iOS,IN,referral,none,false
SESS-000000363,USR-0000027,ANON-276847,https://example.com/settings,linkedin.com,2023-07-01 06:00:00,108,16,true,desktop,Firefox,Android,CA,google,brand,true
SESS-000000364,,ANON-419862,https://example.com/settings,google.com,2023-07-01 08:00:00,812,9,false,mobile,Chrome,Android,IN,organic,spring_promo,false
SESS-000000365,,ANON-343900,https://example.com/dashboard,google.com,2023-07-01 10:00:00,1916,1,false,desktop,Chrome,Android,MX,facebook,newsletter,false
SESS-000000366,USR-0000433,ANON-761991,https://example.com/blog,none,2023-07-01 12:00:00,1092,1,false,mobile,Firefox,Android,FR,google,none,false
SESS-000000367,USR-0000165,ANON-992991,https://example.com/pricing,email,2023-07-01 14:00:00,713,22,true,mobile,Chrome,Windows,CA,organic,newsletter,false
SESS-000000368,USR-0000461,ANON-615052,https://example.com/settings,twitter.com,2023-07-01 16:00:00,2548,3,false,mobile,Firefox,Windows,US,email,brand,true
SESS-000000369,USR-0000185,ANON-901254,https://example.com/docs,email,2023-07-01 18:00:00,3574,18,false,mobile,Safari,Android,CA,direct,spring_promo,false
SESS-000000370,USR-0000195,ANON-489947,https://example.com/docs,facebook.com,2023-07-01 20:00:00,1935,4,true,desktop,Chrome,Windows,DE,email,newsletter,false
SESS-000000371,,ANON-719203,https://example.com/docs,google.com,2023-07-01 22:00:00,2190,10,false,desktop,Chrome,macOS,FR,facebook,spring_promo,false
SESS-000000372,USR-0000223,ANON-731448,https://example.com/pricing,none,2023-07-02 00:00:00,2193,3,true,mobile,Edge,Android,US,google,retargeting,false
SESS-000000373,USR-0000085,ANON-364361,https://example.com/login,email,2023-07-02 02:00:00,1501,16,false,desktop,Chrome,Android,JP,facebook,retargeting,false
SESS-000000374,USR-0000452,ANON-760015,https://example.com/pricing,twitter.com,2023-07-02 04:00:00,2440,3,false,mobile,Edge,iOS,MX,email,retargeting,true
SESS-000000375,,ANON-581776,https://example.com/pricing,direct,2023-07-02 06:00:00,2903,16,false,mobile,Chrome,iOS,MX,facebook,retargeting,false
SESS-000000376,USR-0000429,ANON-619568,https://example.com/dashboard,google.com,2023-07-02 08:00:00,412,24,false,desktop,Chrome,Android,AU,google,spring_promo,false
SESS-000000377,USR-0000100,ANON-326930,https://example.com/login,direct,2023-07-02 10:00:00,992,18,true,desktop,Safari,Android,CA,facebook,none,false
SESS-000000378,USR-0000231,ANON-387192,https://example.com/dashboard,twitter.com,2023-07-02 12:00:00,606,16,false,desktop,Chrome,Windows,GB,referral,brand,false
SESS-000000379,USR-0000351,ANON-872117,https://example.com/login,direct,2023-07-02 14:00:00,2853,22,false,desktop,Chrome,iOS,BR,referral,spring_promo,false
SESS-000000380,USR-0000008,ANON-656882,https://example.com/home,email,2023-07-02 16:00:00,2296,20,true,mobile,Chrome,Windows,US,email,retargeting,false
SESS-000000381,USR-0000200,ANON-217324,https://example.com/docs,direct,2023-07-02 18:00:00,2418,18,false,desktop,Chrome,iOS,GB,organic,brand,false
SESS-000000382,USR-0000230,ANON-590717,https://example.com/docs,linkedin.com,2023-07-02 20:00:00,2251,14,true,desktop,Chrome,iOS,GB,facebook,none,false
SESS-000000383,USR-0000395,ANON-656725,https://example.com/blog,linkedin.com,2023-07-02 22:00:00,1916,10,true,mobile,Safari,Android,JP,email,brand,false
SESS-000000384,,ANON-817889,https://example.com/docs,google.com,2023-07-03 00:00:00,2942,15,false,mobile,Chrome,Android,US,organic,retargeting,false
SESS-000000385,USR-0000212,ANON-867678,https://example.com/docs,direct,2023-07-03 02:00:00,566,3,true,tablet,Safari,iOS,MX,google,retargeting,false
SESS-000000386,USR-0000261,ANON-688111,https://example.com/signup,google.com,2023-07-03 04:00:00,2497,22,true,mobile,Chrome,iOS,CA,referral,newsletter,false
SESS-000000387,USR-0000317,ANON-111211,https://example.com/settings,email,2023-07-03 06:00:00,3004,22,true,desktop,Chrome,Windows,JP,referral,spring_promo,false
SESS-000000388,USR-0000452,ANON-547094,https://example.com/login,email,2023-07-03 08:00:00,748,7,false,mobile,Chrome,Android,FR,referral,spring_promo,false
SESS-000000389,USR-0000118,ANON-285980,https://example.com/settings,google.com,2023-07-03 10:00:00,2554,19,true,mobile,Edge,Android,GB,facebook,newsletter,false
SESS-000000390,USR-0000201,ANON-116834,https://example.com/dashboard,facebook.com,2023-07-03 12:00:00,253,17,true,mobile,Chrome,Android,FR,referral,brand,false
SESS-000000391,USR-0000274,ANON-931220,https://example.com/login,facebook.com,2023-07-03 14:00:00,589,21,true,desktop,Edge,Android,JP,google,none,false
SESS-000000392,USR-0000464,ANON-250246,https://example.com/blog,google.com,2023-07-03 16:00:00,1408,22,true,mobile,Safari,iOS,AU,referral,retargeting,false
SESS-000000393,USR-0000029,ANON-321149,https://example.com/signup,google.com,2023-07-03 18:00:00,3599,18,true,mobile,Safari,iOS,JP,google,none,false
SESS-000000394,,ANON-402934,https://example.com/home,facebook.com,2023-07-03 20:00:00,1337,23,false,mobile,Chrome,Android,AU,email,none,false
SESS-000000395,,ANON-519012,https://example.com/settings,twitter.com,2023-07-03 22:00:00,1544,8,false,desktop,Chrome,Android,DE,referral,brand,false
SESS-000000396,,ANON-641240,https://example.com/pricing,twitter.com,2023-07-04 00:00:00,2762,11,false,mobile,Chrome,macOS,DE,organic,retargeting,false
SESS-000000397,USR-0000267,ANON-379321,https://example.com/pricing,email,2023-07-04 02:00:00,2874,4,false,mobile,Safari,macOS,CA,facebook,brand,false
SESS-000000398,,ANON-813122,https://example.com/settings,google.com,2023-07-04 04:00:00,2417,21,true,mobile,Chrome,iOS,JP,email,brand,true
SESS-000000399,USR-0000454,ANON-241909,https://example.com/home,linkedin.com,2023-07-04 06:00:00,110,7,true,mobile,Chrome,iOS,BR,facebook,retargeting,false
SESS-000000400,USR-0000309,ANON-963957,https://example.com/signup,twitter.com,2023-07-04 08:00:00,3140,13,false,mobile,Chrome,macOS,DE,referral,spring_promo,false
SESS-000000401,USR-0000431,ANON-870337,https://example.com/signup,facebook.com,2023-07-04 10:00:00,940,4,true,mobile,Chrome,Android,FR,email,spring_promo,false
SESS-000000402,USR-0000355,ANON-639824,https://example.com/pricing,facebook.com,2023-07-04 12:00:00,1815,7,false,desktop,Chrome,Android,JP,google,none,false
SESS-000000403,USR-0000347,ANON-143839,https://example.com/docs,twitter.com,2023-07-04 14:00:00,2634,17,true,tablet,Chrome,Windows,BR,google,spring_promo,false
SESS-000000404,USR-0000058,ANON-755958,https://example.com/dashboard,email,2023-07-04 16:00:00,1040,7,false,mobile,Chrome,Android,IN,organic,newsletter,false
SESS-000000405,USR-0000151,ANON-733926,https://example.com/login,twitter.com,2023-07-04 18:00:00,2468,13,true,mobile,Chrome,iOS,AU,google,none,false
SESS-000000406,USR-0000327,ANON-659296,https://example.com/signup,linkedin.com,2023-07-04 20:00:00,1815,11,false,tablet,Chrome,iOS,BR,facebook,newsletter,false
SESS-000000407,USR-0000325,ANON-352162,https://example.com/signup,facebook.com,2023-07-04 22:00:00,563,15,false,mobile,Chrome,iOS,IN,organic,retargeting,false
SESS-000000408,USR-0000091,ANON-487249,https://example.com/blog,direct,2023-07-05 00:00:00,99999,7,true,mobile,Edge,iOS,GB,referral,none,false
SESS-000000409,,ANON-473637,https://example.com/signup,email,2023-07-05 02:00:00,2746,12,true,desktop,Chrome,iOS,AU,google,spring_promo,false
SESS-000000410,USR-0000366,ANON-648708,https://example.com/home,twitter.com,2023-07-05 04:00:00,218,1,true,mobile,Safari,Windows,IN,email,none,false
SESS-000000411,USR-0000447,ANON-397986,https://example.com/home,email,2023-07-05 06:00:00,1374,13,true,mobile,Chrome,Android,JP,email,brand,false
SESS-000000412,USR-0000008,ANON-460605,https://example.com/dashboard,twitter.com,2023-07-05 08:00:00,1799,3,false,desktop,Chrome,iOS,DE,referral,none,false
SESS-000000413,,ANON-917184,https://example.com/pricing,none,2023-07-05 10:00:00,1382,18,false,desktop,Chrome,iOS,JP,direct,brand,false
SESS-000000414,,ANON-508274,https://example.com/login,twitter.com,2023-07-05 12:00:00,1489,21,false,desktop,Firefox,macOS,CA,referral,none,false
SESS-000000415,USR-0000116,ANON-635014,https://example.com/home,google.com,2023-07-05 14:00:00,3498,10,false,mobile,Safari,iOS,GB,organic,newsletter,false
SESS-000000416,USR-0000096,ANON-919902,https://example.com/blog,linkedin.com,2023-07-05 16:00:00,116,22,false,mobile,Safari,iOS,BR,facebook,spring_promo,false
SESS-000000417,,ANON-950437,https://example.com/settings,direct,2023-07-05 18:00:00,3533,10,true,desktop,Chrome,Windows,CA,referral,spring_promo,false
SESS-000000418,,ANON-607473,https://example.com/blog,linkedin.com,2023-07-05 20:00:00,2596,21,false,desktop,Safari,iOS,MX,direct,brand,false
SESS-000000419,USR-0000282,ANON-338651,https://example.com/settings,none,2023-07-05 22:00:00,3304,13,false,desktop,Chrome,iOS,AU,organic,retargeting,false
SESS-000000420,USR-0000194,ANON-190369,https://example.com/blog,google.com,2023-07-06 00:00:00,2320,14,true,mobile,Chrome,iOS,BR,email,newsletter,false
SESS-000000421,,ANON-873930,https://example.com/login,google.com,2023-07-06 02:00:00,3397,10,false,desktop,Safari,Linux,GB,direct,retargeting,false
SESS-000000422,USR-0000447,ANON-571388,https://example.com/login,twitter.com,2023-07-06 04:00:00,266,23,false,mobile,Chrome,Windows,MX,email,newsletter,false
SESS-000000423,,ANON-609715,https://example.com/login,linkedin.com,2023-07-06 06:00:00,2586,17,true,desktop,Safari,Android,JP,facebook,none,false
SESS-000000424,USR-0000210,ANON-957933,https://example.com/blog,google.com,2023-07-06 08:00:00,2556,12,false,desktop,Safari,macOS,IN,facebook,none,false
SESS-000000425,USR-0000107,ANON-434159,https://example.com/dashboard,email,2023-07-06 10:00:00,3354,20,true,mobile,Safari,Windows,JP,organic,newsletter,false
SESS-000000426,USR-0000463,ANON-190038,https://example.com/blog,email,2023-07-06 12:00:00,299,12,true,mobile,Chrome,iOS,BR,organic,brand,false
SESS-000000427,USR-0000004,ANON-706067,https://example.com/dashboard,email,2023-07-06 14:00:00,1829,22,true,desktop,Chrome,Android,IN,facebook,none,false
SESS-000000428,USR-0000021,ANON-974067,https://example.com/docs,twitter.com,2023-07-06 16:00:00,1864,12,false,desktop,Chrome,Android,IN,email,none,false
SESS-000000429,USR-0000477,ANON-252998,https://example.com/dashboard,none,2023-07-06 18:00:00,340,20,true,mobile,Chrome,Android,BR,facebook,newsletter,true
SESS-000000430,USR-0000417,ANON-988875,https://example.com/settings,email,2023-07-06 20:00:00,2240,7,true,mobile,Safari,Windows,GB,direct,brand,false
SESS-000000431,,ANON-586979,https://example.com/dashboard,none,2023-07-06 22:00:00,1731,14,true,desktop,Chrome,iOS,CA,email,none,false
SESS-000000432,USR-0000002,ANON-604641,https://example.com/docs,google.com,2023-07-07 00:00:00,1796,15,true,mobile,Safari,iOS,IN,direct,brand,false
SESS-000000433,,ANON-963757,https://example.com/docs,email,2023-07-07 02:00:00,2456,13,false,mobile,Chrome,Android,IN,facebook,newsletter,false
SESS-000000434,USR-0000399,ANON-399194,https://example.com/docs,twitter.com,2023-07-07 04:00:00,2690,11,false,mobile,Chrome,iOS,JP,email,retargeting,false
SESS-000000435,USR-0000467,ANON-770838,https://example.com/blog,direct,2023-07-07 06:00:00,99999,1,true,mobile,Firefox,Linux,DE,google,newsletter,false
SESS-000000436,USR-0000294,ANON-107771,https://example.com/docs,direct,2023-07-07 08:00:00,1388,24,true,mobile,Chrome,Android,GB,google,retargeting,false
SESS-000000437,,ANON-704250,https://example.com/docs,direct,2023-07-07 10:00:00,3468,6,true,tablet,Chrome,iOS,US,google,spring_promo,false
SESS-000000438,,ANON-113954,https://example.com/login,google.com,2023-07-07 12:00:00,767,5,false,desktop,Safari,Windows,US,google,brand,false
SESS-000000439,,ANON-103750,https://example.com/settings,linkedin.com,2023-07-07 14:00:00,1224,20,false,mobile,Chrome,Windows,GB,referral,none,false
SESS-000000440,USR-0000481,ANON-449285,https://example.com/settings,facebook.com,2023-07-07 16:00:00,1751,2,true,mobile,Chrome,Android,GB,facebook,none,false
SESS-000000441,USR-0000105,ANON-435348,https://example.com/signup,linkedin.com,2023-07-07 18:00:00,1125,19,true,desktop,Safari,Android,FR,organic,retargeting,false
SESS-000000442,USR-0000124,ANON-804763,https://example.com/settings,google.com,2023-07-07 20:00:00,1232,9,true,mobile,Chrome,Windows,JP,referral,none,false
SESS-000000443,,ANON-902369,https://example.com/settings,email,2023-07-07 22:00:00,3337,18,false,desktop,Firefox,iOS,IN,email,retargeting,false
SESS-000000444,,ANON-948135,https://example.com/docs,direct,2023-07-08 00:00:00,545,6,true,mobile,Firefox,Windows,DE,email,spring_promo,false
SESS-000000445,USR-0000406,ANON-661033,https://example.com/docs,none,2023-07-08 02:00:00,1842,17,false,desktop,Chrome,Windows,DE,direct,spring_promo,false
SESS-000000446,USR-0000168,ANON-239300,https://example.com/docs,twitter.com,2023-07-08 04:00:00,1696,24,false,mobile,Edge,macOS,IN,direct,brand,false
SESS-000000447,,ANON-703633,https://example.com/home,google.com,2023-07-08 06:00:00,313,13,true,desktop,Chrome,macOS,DE,google,spring_promo,false
SESS-000000448,USR-0000031,ANON-538976,https://example.com/blog,twitter.com,2023-07-08 08:00:00,725,14,true,desktop,Chrome,macOS,US,referral,none,true
SESS-000000449,USR-0000297,ANON-576307,https://example.com/docs,facebook.com,2023-07-08 10:00:00,982,15,false,mobile,Safari,iOS,BR,google,newsletter,false
SESS-000000450,USR-0000262,ANON-551552,https://example.com/dashboard,none,2023-07-08 12:00:00,1693,9,true,tablet,Chrome,macOS,CA,email,newsletter,false
SESS-000000451,USR-0000303,ANON-894641,https://example.com/blog,twitter.com,2023-07-08 14:00:00,1499,14,false,mobile,Chrome,Windows,GB,referral,retargeting,false
SESS-000000452,USR-0000011,ANON-442272,https://example.com/login,none,2023-07-08 16:00:00,2133,16,false,mobile,Chrome,Android,CA,organic,newsletter,false
SESS-000000453,USR-0000114,ANON-967909,https://example.com/blog,direct,2023-07-08 18:00:00,1356,1,true,desktop,Chrome,macOS,IN,organic,none,false
SESS-000000454,USR-0000095,ANON-585959,https://example.com/blog,twitter.com,2023-07-08 20:00:00,2816,11,false,desktop,Chrome,macOS,DE,referral,spring_promo,false
SESS-000000455,,ANON-719069,https://example.com/home,linkedin.com,2023-07-08 22:00:00,1320,13,true,mobile,Chrome,Windows,MX,email,retargeting,false
SESS-000000456,USR-0000352,ANON-932519,https://example.com/signup,direct,2023-07-09 00:00:00,3071,6,true,mobile,Edge,iOS,FR,organic,retargeting,false
SESS-000000457,USR-0000357,ANON-833088,https://example.com/home,twitter.com,2023-07-09 02:00:00,3599,12,false,mobile,Safari,iOS,AU,organic,retargeting,false
SESS-000000458,USR-0000336,ANON-494675,https://example.com/pricing,linkedin.com,2023-07-09 04:00:00,2405,10,false,mobile,Chrome,macOS,GB,google,newsletter,false
SESS-000000459,USR-0000106,ANON-283799,https://example.com/signup,email,2023-07-09 06:00:00,367,14,true,mobile,Chrome,Linux,IN,facebook,newsletter,false
SESS-000000460,USR-0000030,ANON-224001,https://example.com/login,linkedin.com,2023-07-09 08:00:00,3216,7,false,mobile,Chrome,iOS,DE,direct,brand,false
SESS-000000461,,ANON-427382,https://example.com/docs,google.com,2023-07-09 10:00:00,2940,22,true,mobile,Chrome,iOS,GB,facebook,spring_promo,false
SESS-000000462,USR-0000286,ANON-698903,https://example.com/blog,linkedin.com,2023-07-09 12:00:00,2008,16,false,desktop,Chrome,Windows,CA,referral,none,false
SESS-000000463,,ANON-818658,https://example.com/settings,facebook.com,2023-07-09 14:00:00,1224,16,true,desktop,Safari,iOS,BR,referral,spring_promo,false
SESS-000000464,,ANON-128237,https://example.com/blog,google.com,2023-07-09 16:00:00,2557,20,false,tablet,Chrome,Windows,CA,direct,retargeting,false
SESS-000000465,,ANON-515843,https://example.com/blog,none,2023-07-09 18:00:00,2216,1,false,mobile,Firefox,Linux,US,google,newsletter,false
SESS-000000466,USR-0000117,ANON-946102,https://example.com/home,google.com,2023-07-09 20:00:00,2773,7,false,mobile,Firefox,Android,BR,direct,none,false
SESS-000000467,,ANON-839831,https://example.com/blog,google.com,2023-07-09 22:00:00,2323,5,true,mobile,Chrome,Windows,GB,referral,newsletter,false
SESS-000000468,USR-0000038,ANON-945897,https://example.com/pricing,google.com,2023-07-10 00:00:00,2969,15,false,mobile,Firefox,Android,JP,direct,spring_promo,false
SESS-000000469,USR-0000155,ANON-961280,https://example.com/blog,direct,2023-07-10 02:00:00,3482,9,true,mobile,Chrome,Android,GB,organic,none,false
SESS-000000470,USR-0000078,ANON-182928,https://example.com/pricing,twitter.com,2023-07-10 04:00:00,2706,18,false,mobile,Edge,Android,DE,organic,brand,false
SESS-000000471,USR-0000485,ANON-712928,https://example.com/pricing,facebook.com,2023-07-10 06:00:00,1145,23,false,desktop,Chrome,Windows,BR,email,spring_promo,false
SESS-000000472,,ANON-595797,https://example.com/login,email,2023-07-10 08:00:00,3248,9,false,tablet,Chrome,Windows,CA,facebook,brand,false
SESS-000000473,USR-0000060,ANON-529555,https://example.com/docs,email,2023-07-10 10:00:00,2976,8,true,mobile,Chrome,Android,BR,email,newsletter,false
SESS-000000474,USR-0000172,ANON-817650,https://example.com/login,none,2023-07-10 12:00:00,1702,12,false,mobile,Chrome,macOS,JP,referral,retargeting,true
SESS-000000475,USR-0000384,ANON-941093,https://example.com/signup,google.com,2023-07-10 14:00:00,216,12,false,desktop,Firefox,iOS,US,google,newsletter,true
SESS-000000476,USR-0000229,ANON-518120,https://example.com/signup,direct,2023-07-10 16:00:00,3432,9,false,desktop,Safari,macOS,CA,google,spring_promo,false
SESS-000000477,USR-0000227,ANON-683808,https://example.com/docs,none,2023-07-10 18:00:00,1946,9,false,mobile,Chrome,Windows,JP,referral,none,false
SESS-000000478,USR-0000024,ANON-530893,https://example.com/docs,facebook.com,2023-07-10 20:00:00,1441,9,true,desktop,Firefox,Android,IN,direct,retargeting,false
SESS-000000479,USR-0000368,ANON-672192,https://example.com/blog,google.com,2023-07-10 22:00:00,2185,12,true,mobile,Chrome,iOS,IN,organic,brand,false
SESS-000000480,USR-0000209,ANON-973179,https://example.com/settings,direct,2023-07-11 00:00:00,253,11,false,desktop,Chrome,Android,BR,email,retargeting,false
SESS-000000481,,ANON-830314,https://example.com/docs,twitter.com,2023-07-11 02:00:00,2972,11,true,desktop,Chrome,Android,MX,google,none,false
SESS-000000482,USR-0000486,ANON-307457,https://example.com/settings,google.com,2023-07-11 04:00:00,656,8,false,mobile,Safari,macOS,GB,direct,spring_promo,false
SESS-000000483,USR-0000084,ANON-880160,https://example.com/dashboard,email,2023-07-11 06:00:00,928,16,true,mobile,Chrome,Windows,DE,organic,none,false
SESS-000000484,,ANON-573678,https://example.com/signup,email,2023-07-11 08:00:00,2010,12,false,desktop,Chrome,iOS,DE,direct,brand,false
SESS-000000485,,ANON-625935,https://example.com/dashboard,twitter.com,2023-07-11 10:00:00,2391,6,false,desktop,Safari,Android,GB,email,newsletter,false
SESS-000000486,USR-0000492,ANON-203471,https://example.com/login,direct,2023-07-11 12:00:00,53,19,false,desktop,Firefox,Android,DE,direct,spring_promo,false
SESS-000000487,,ANON-500447,https://example.com/dashboard,twitter.com,2023-07-11 14:00:00,2092,22,false,mobile,Chrome,macOS,IN,referral,brand,false
SESS-000000488,USR-0000348,ANON-372195,https://example.com/dashboard,none,2023-07-11 16:00:00,567,10,true,desktop,Chrome,Windows,JP,google,newsletter,false
SESS-000000489,USR-0000180,ANON-179102,https://example.com/login,facebook.com,2023-07-11 18:00:00,3434,13,true,desktop,Chrome,iOS,IN,direct,brand,false
SESS-000000490,USR-0000267,ANON-865813,https://example.com/login,none,2023-07-11 20:00:00,1347,23,false,desktop,Chrome,iOS,FR,organic,spring_promo,false
SESS-000000491,USR-0000235,ANON-216224,https://example.com/dashboard,linkedin.com,2023-07-11 22:00:00,99999,8,false,mobile,Chrome,iOS,BR,email,retargeting,false
SESS-000000492,,ANON-744803,https://example.com/pricing,google.com,2023-07-12 00:00:00,2247,6,false,mobile,Safari,Android,FR,facebook,none,false
SESS-000000493,USR-0000089,ANON-770539,https://example.com/settings,google.com,2023-07-12 02:00:00,565,9,false,desktop,Chrome,iOS,FR,google,retargeting,false
SESS-000000494,,ANON-650802,https://example.com/signup,direct,2023-07-12 04:00:00,596,11,true,mobile,Safari,iOS,JP,google,retargeting,false
SESS-000000495,,ANON-856261,https://example.com/home,linkedin.com,2023-07-12 06:00:00,3452,11,false,mobile,Edge,macOS,JP,facebook,spring_promo,false
SESS-000000496,USR-0000302,ANON-202499,https://example.com/pricing,direct,2023-07-12 08:00:00,2069,15,false,mobile,Chrome,Android,GB,organic,brand,true
SESS-000000497,USR-0000345,ANON-114516,https://example.com/dashboard,twitter.com,2023-07-12 10:00:00,817,7,true,desktop,Chrome,Linux,FR,organic,spring_promo,false
SESS-000000498,,ANON-865627,https://example.com/dashboard,none,2023-07-12 12:00:00,2387,14,true,desktop,Chrome,Windows,GB,referral,newsletter,false
SESS-000000499,,ANON-264919,https://example.com/login,google.com,2023-07-12 14:00:00,3214,3,false,desktop,Safari,iOS,BR,direct,brand,false
